"Iteration","Cp_both Monitor: Cp_both Monitor"
1.0,2.684443547462891
2.0,1.8421834767945608
3.0,0.5658860772261924
4.0,-0.2875374734251257
5.0,-0.49242179725065505
6.0,-0.5005692422451822
7.0,-1.0703840169251178
8.0,-1.0745803032029744
9.0,-1.068873336855546
10.0,-1.0597484661998469
11.0,-1.0346191422650004
12.0,-0.7933629942259078
13.0,-0.7162452309081614
14.0,-0.5891701155538437
15.0,-0.5469867418859027
16.0,-0.13235693445978905
17.0,-0.10756227087159653
18.0,0.048206688923918106
19.0,0.07404371574973471
20.0,0.0814670955286029
21.0,0.07144859099758157
22.0,-0.09081482797096464
23.0,-0.10707433068738911
24.0,-0.28411446908240257
25.0,-0.2978878467771333
26.0,-0.34410360618340174
27.0,-0.35304480772006425
28.0,-0.3754578651113838
29.0,-0.3764164365540908
30.0,-0.3719450634625117
31.0,-0.3527965739539046
32.0,-0.3405314776528493
33.0,-0.286803563641514
34.0,-0.2748688330787452
35.0,-0.19525378911556698
36.0,-0.18827921354192562
37.0,-0.1831660822291507
38.0,-0.1796053954981987
39.0,-0.17808715270533068
40.0,-0.18024895597662544
41.0,-0.1842072616957374
42.0,-0.19567334446729212
43.0,-0.20317188036630252
44.0,-0.21871744230471996
45.0,-0.2263262977264711
46.0,-0.2417671754977428
47.0,-0.2487227806797146
48.0,-0.25425145092582435
49.0,-0.2626014223282901
50.0,-0.2661633082424574
51.0,-0.2680475170730064
52.0,-0.26850842760544924
53.0,-0.2672652375174469
54.0,-0.2643576060976371
55.0,-0.2564978171599301
56.0,-0.25148031600955933
57.0,-0.24093614932385451
58.0,-0.23496255196009685
59.0,-0.22673124525792127
60.0,-0.22065339823543476
61.0,-0.21283245946155066
62.0,-0.20768138221641358
63.0,-0.19926960145788522
64.0,-0.19540231045613776
65.0,-0.19234129420169474
66.0,-0.1896595307617044
67.0,-0.18867093921565295
68.0,-0.18842609817600733
69.0,-0.1888554611169408
70.0,-0.19032739215484634
71.0,-0.1918281824876331
72.0,-0.1935182184469964
73.0,-0.1966649571846033
74.0,-0.1983476672611399
75.0,-0.20121289473003856
76.0,-0.20346271618612513
77.0,-0.20639193747357149
78.0,-0.20577535710973868
79.0,-0.20210683507254815
80.0,-0.19534770555719935
81.0,-0.18789559559750066
82.0,-0.17573443738708389
83.0,-0.17148692806347446
84.0,-0.16032091194075723
85.0,-0.15661139462982798
86.0,-0.15042188700813505
87.0,-0.148456311686402
88.0,-0.14624912821229175
89.0,-0.14665021460449224
90.0,-0.15060773518781392
91.0,-0.15195980018208388
92.0,-0.15486685726328667
93.0,-0.1576057814836973
94.0,-0.16241046561110536
95.0,-0.16778418350537647
96.0,-0.17329784912668933
97.0,-0.1794441524085852
98.0,-0.18749687521077382
99.0,-0.19156549680047036
100.0,-0.19834741462850075
101.0,-0.20155400855892996
102.0,-0.20615956561004392
103.0,-0.21151434395682867
104.0,-0.21472427207801478
105.0,-0.21762802683237112
106.0,-0.22118451806408956
107.0,-0.22318678419934285
108.0,-0.22475883741915173
109.0,-0.22602996655245794
110.0,-0.22666639840125402
111.0,-0.22687242354817383
112.0,-0.22634277455951862
113.0,-0.22548861418715951
114.0,-0.22351238788501518
115.0,-0.22188031705446212
116.0,-0.21988785916676218
117.0,-0.21739531468017145
118.0,-0.21368311288155206
119.0,-0.2111431838280215
120.0,-0.20752838236589752
121.0,-0.20560913260479766
122.0,-0.20329909185969097
123.0,-0.20217341572716813
124.0,-0.2015311544179153
125.0,-0.20076204916539914
126.0,-0.20056781390155184
127.0,-0.20080162386992711
128.0,-0.2011919089079124
129.0,-0.20262035046063848
130.0,-0.2041945681168926
131.0,-0.20594894729959332
132.0,-0.20778053802376814
133.0,-0.20910706621139313
134.0,-0.21041840296473827
135.0,-0.21156296526765953
136.0,-0.21260156117495696
137.0,-0.21340147694835715
138.0,-0.21403170243055034
139.0,-0.21426939040214896
140.0,-0.21425725772017384
141.0,-0.21384055727255236
142.0,-0.21340224711376987
143.0,-0.2128806763417981
144.0,-0.21247842501801423
145.0,-0.21218376450167414
146.0,-0.21199207536128217
147.0,-0.21193728552599173
148.0,-0.21203517968238958
149.0,-0.21230635658906366
150.0,-0.21266025387522408
151.0,-0.2132630562226261
152.0,-0.21398221220949126
153.0,-0.21468691413621693
154.0,-0.21591418586833985
155.0,-0.21717254826896995
156.0,-0.2186640320649889
157.0,-0.22037055626516028
158.0,-0.22223668506196964
159.0,-0.22429949766221774
160.0,-0.226569454842336
161.0,-0.2296846848224299
162.0,-0.2311068177148206
163.0,-0.2340104759922322
164.0,-0.23653095136830668
165.0,-0.2385544654540092
166.0,-0.2400289066767051
167.0,-0.24095429418970826
168.0,-0.24176266984752623
169.0,-0.2421727682500668
170.0,-0.2429586267369412
171.0,-0.24309228988793546
172.0,-0.2433055187334673
173.0,-0.2434262502543154
174.0,-0.24357243039716292
175.0,-0.243900433022666
176.0,-0.24429300110410598
177.0,-0.24488962460866298
178.0,-0.24600876138759947
179.0,-0.24702729320265795
180.0,-0.248684627088816
181.0,-0.2503168627240434
182.0,-0.2518386054329861
183.0,-0.2535148021982977
184.0,-0.2550187896649137
185.0,-0.25670240612760975
186.0,-0.2578308531676141
187.0,-0.2586561928736663
188.0,-0.2590808969001676
189.0,-0.2593732155797942
190.0,-0.2593860941605674
191.0,-0.2590534085516353
192.0,-0.25877795213039084
193.0,-0.25818680068958627
194.0,-0.25729155889224237
195.0,-0.25602776342386724
196.0,-0.2550159759218821
197.0,-0.254179357495577
198.0,-0.2533822597586187
199.0,-0.2527374823374734
200.0,-0.2524944986868413
201.0,-0.25216048644242073
202.0,-0.2521044747764304
203.0,-0.2521944743329903
204.0,-0.2527523066679545
205.0,-0.25327749076028333
206.0,-0.2549485449619653
207.0,-0.2558913688010451
208.0,-0.258620118548884
209.0,-0.2600122557373919
210.0,-0.26376637330554165
211.0,-0.2654145871606008
212.0,-0.2685010443959631
213.0,-0.27154461110053085
214.0,-0.2734919788315964
215.0,-0.27803371113159875
216.0,-0.2798591518110605
217.0,-0.28270533598704417
218.0,-0.284423737789603
219.0,-0.28763062890503377
220.0,-0.28860757465445397
221.0,-0.29051732606597724
222.0,-0.2909639796816859
223.0,-0.2913766830952899
224.0,-0.29119669349474797
225.0,-0.2906312893491437
226.0,-0.28963712882747805
227.0,-0.28842544760655786
228.0,-0.28611026598276723
229.0,-0.2852428227027668
230.0,-0.2837904649953943
231.0,-0.28291807473334035
232.0,-0.281866141384141
233.0,-0.2807776396239249
234.0,-0.28039722313364873
235.0,-0.2801499383673476
236.0,-0.2801438552049698
237.0,-0.28076432842107574
238.0,-0.2812207114955995
239.0,-0.2828642474123035
240.0,-0.28385798217473796
241.0,-0.2865415433227375
242.0,-0.28792697474119416
243.0,-0.29135997112362155
244.0,-0.2930069366078618
245.0,-0.2969196452204574
246.0,-0.30058000734773677
247.0,-0.3021808903529101
248.0,-0.3056497500493578
249.0,-0.30709076845306527
250.0,-0.3101456327469164
251.0,-0.31135952855705706
252.0,-0.3137661862322423
253.0,-0.3146734801276123
254.0,-0.3163027290423337
255.0,-0.31690463984831574
256.0,-0.3177588774177165
257.0,-0.318335520245259
258.0,-0.31868170757837483
259.0,-0.31917842255839396
260.0,-0.3193162375991007
261.0,-0.31961493849191336
262.0,-0.31975008753405537
263.0,-0.31989236281898875
264.0,-0.3202590352961025
265.0,-0.321004077271394
266.0,-0.3213146186342652
267.0,-0.32211580276508506
268.0,-0.32321478900204037
269.0,-0.323816502021708
270.0,-0.32539256552144014
271.0,-0.32614359654533187
272.0,-0.32799205415411603
273.0,-0.32960620221209835
274.0,-0.3304522108173036
275.0,-0.33232046833932805
276.0,-0.3331574993710686
277.0,-0.3359896104579476
278.0,-0.33660421458985934
279.0,-0.33761528277189584
280.0,-0.33882845782800847
281.0,-0.33943756762875776
282.0,-0.34088898523153066
283.0,-0.34132517275724783
284.0,-0.3422522726537133
285.0,-0.3428379986735163
286.0,-0.3433432652587605
287.0,-0.34370270186169266
288.0,-0.3444477951599548
289.0,-0.34480655240041086
290.0,-0.3456445168756411
291.0,-0.3460386809099673
292.0,-0.3472095474673813
293.0,-0.3475563197777915
294.0,-0.3481161618216556
295.0,-0.3492519960613414
296.0,-0.34983661064188426
297.0,-0.35130627024754374
298.0,-0.35200620895441553
299.0,-0.3537386336513565
300.0,-0.3545188526828285
301.0,-0.3564072178254833
302.0,-0.35721993684916203
303.0,-0.35918508050908193
304.0,-0.35999075881293796
305.0,-0.36145752387921226
306.0,-0.36279605785807745
307.0,-0.36410017371194536
308.0,-0.36533451894773344
309.0,-0.3661637159254088
310.0,-0.36749294483350003
311.0,-0.3682655845143278
312.0,-0.3695208380784971
313.0,-0.37050855020739043
314.0,-0.37089506503635855
315.0,-0.3721226436736203
316.0,-0.372874165627154
317.0,-0.37354999610315975
318.0,-0.37411783301213913
319.0,-0.3745301545848794
320.0,-0.3752112826791159
321.0,-0.3757669536444654
322.0,-0.37633214666752285
323.0,-0.3766325383307381
324.0,-0.37807548520489237
325.0,-0.3782971973268108
326.0,-0.37914496336914666
327.0,-0.37999735430527243
328.0,-0.38092183238493793
329.0,-0.381929807142837
330.0,-0.3830622454167786
331.0,-0.384283384066872
332.0,-0.38553108658914087
333.0,-0.38683655384991944
334.0,-0.38822244898411745
335.0,-0.3907402576858954
336.0,-0.39146317787510554
337.0,-0.3946478136567659
338.0,-0.39523464657437407
339.0,-0.3961705894156854
340.0,-0.3971055111836993
341.0,-0.3984963585182029
342.0,-0.39914955555162057
343.0,-0.4002197957764064
344.0,-0.4007597977746754
345.0,-0.40171959965899273
346.0,-0.40212469509014104
347.0,-0.40281064708704306
348.0,-0.40325717279424095
349.0,-0.4041749639151463
350.0,-0.4045762036721072
351.0,-0.40534193942390445
352.0,-0.4059242999849491
353.0,-0.4073714277571561
354.0,-0.407938784617957
355.0,-0.40937039621074583
356.0,-0.4099768983584391
357.0,-0.41157033693338374
358.0,-0.4121852263124924
359.0,-0.4139123370762318
360.0,-0.41447585985924307
361.0,-0.41579873480477764
362.0,-0.4164523268033231
363.0,-0.41754599833335476
364.0,-0.41847762781491565
365.0,-0.4192271112570888
366.0,-0.420141759600465
367.0,-0.4209823714316981
368.0,-0.4216965108546061
369.0,-0.42258453216466974
370.0,-0.4234451197222404
371.0,-0.4241825563104334
372.0,-0.42513616780762936
373.0,-0.4260424321013362
374.0,-0.42680981941845075
375.0,-0.42778328054931253
376.0,-0.42871347057575776
377.0,-0.4296423169946672
378.0,-0.43054688569430916
379.0,-0.4314469981256626
380.0,-0.4323425442015045
381.0,-0.4332472665496038
382.0,-0.43416252610837663
383.0,-0.43505136451272114
384.0,-0.4359251614110609
385.0,-0.4367968107462372
386.0,-0.43777560828463313
387.0,-0.43843051587306736
388.0,-0.439324116526814
389.0,-0.44031990909209917
390.0,-0.4409647859950105
391.0,-0.44195272334000146
392.0,-0.4428497627597858
393.0,-0.4434850010654753
394.0,-0.44434558400788243
395.0,-0.44533262914435884
396.0,-0.4460929808134748
397.0,-0.4470284481898722
398.0,-0.447766643434971
399.0,-0.4486630012544981
400.0,-0.4494096862244156
401.0,-0.450179379502744
402.0,-0.4511099858532973
403.0,-0.45183237564230344
404.0,-0.45258955778623483
405.0,-0.4534950095240232
406.0,-0.454231529407545
407.0,-0.4550271349651753
408.0,-0.4559619871424084
409.0,-0.4566453767879862
410.0,-0.45751699769655196
411.0,-0.45820887217030415
412.0,-0.4589428685444246
413.0,-0.4598144573980787
414.0,-0.46063973052004775
415.0,-0.4613353126906077
416.0,-0.46208072112102977
417.0,-0.4630834744378058
418.0,-0.4635323275964123
419.0,-0.4646044951142249
420.0,-0.4650465139270294
421.0,-0.46642299955775013
422.0,-0.46674550084598343
423.0,-0.46769291014575926
424.0,-0.46810496010642166
425.0,-0.4691956080779741
426.0,-0.46997155872541513
427.0,-0.4706162968681909
428.0,-0.4713214702912071
429.0,-0.472313598054734
430.0,-0.4727413078808544
431.0,-0.47385340613493243
432.0,-0.4746281302591789
433.0,-0.47528309990273165
434.0,-0.47598015639846214
435.0,-0.4769533533416046
436.0,-0.4776891986272061
437.0,-0.4784156022933621
438.0,-0.4791605619026586
439.0,-0.4799875368901244
440.0,-0.48055279283812097
441.0,-0.48142025800011107
442.0,-0.4822649259355886
443.0,-0.4828274084842729
444.0,-0.4836060252568422
445.0,-0.484494780261861
446.0,-0.48517608913987365
447.0,-0.4859442247475032
448.0,-0.486596038351583
449.0,-0.48738785994716605
450.0,-0.48815541614305996
451.0,-0.4887002264981663
452.0,-0.4895689431582929
453.0,-0.49034120605906495
454.0,-0.4909885026011151
455.0,-0.4917516024240687
456.0,-0.4924637389353487
457.0,-0.4930675241910755
458.0,-0.49380034939986467
459.0,-0.4945174494913476
460.0,-0.49511479855028034
461.0,-0.4958531587468656
462.0,-0.4965595250443746
463.0,-0.4971305206319386
464.0,-0.49781432695487066
465.0,-0.4984916556706694
466.0,-0.49914217677042455
467.0,-0.4998057276179246
468.0,-0.5004597183670734
469.0,-0.5010989945665798
470.0,-0.5016228328956046
471.0,-0.5023111267951036
472.0,-0.5029495055174015
473.0,-0.5035647917090099
474.0,-0.5041781271996659
475.0,-0.5047803099690844
476.0,-0.5053773757854558
477.0,-0.5059603457268168
478.0,-0.5065417621151737
479.0,-0.5071380241613317
480.0,-0.5077104573207384
481.0,-0.5083093928975296
482.0,-0.5088184369765336
483.0,-0.5093959793242896
484.0,-0.509985177353575
485.0,-0.5104062486313465
486.0,-0.5110649520294305
487.0,-0.5116705350793637
488.0,-0.5120962552143489
489.0,-0.5127355713612465
490.0,-0.5133488013617228
491.0,-0.5137448612867013
492.0,-0.5143037806846124
493.0,-0.5149293376062225
494.0,-0.5153248244447041
495.0,-0.515863038530128
496.0,-0.5164785643138168
497.0,-0.5168651301593176
498.0,-0.5173881107515276
499.0,-0.5179792538407366
500.0,-0.5185353009168857
501.0,-0.5188341429513966
502.0,-0.5194734679353501
503.0,-0.5200256567671916
504.0,-0.5203995738867473
505.0,-0.520925222247128
506.0,-0.5214996282485755
507.0,-0.5219457726255593
508.0,-0.5224279117265603
509.0,-0.5230038034954695
510.0,-0.5234435847369225
511.0,-0.5239199424499986
512.0,-0.5243856372439316
513.0,-0.525005319367119
514.0,-0.5252354702484062
515.0,-0.5259952000889778
516.0,-0.5261749309404641
517.0,-0.5270281166313777
518.0,-0.5271939571234083
519.0,-0.5279228627523121
520.0,-0.5280976973883545
521.0,-0.5289508969090246
522.0,-0.5291192936836351
523.0,-0.5299402815190168
524.0,-0.530102247811105
525.0,-0.5307593768270296
526.0,-0.5309389779066394
527.0,-0.531877691082446
528.0,-0.5320368942491804
529.0,-0.5327530871504572
530.0,-0.532920690267217
531.0,-0.5338123270066568
532.0,-0.5339714262832161
533.0,-0.534740752125458
534.0,-0.5349065653921669
535.0,-0.5357525953603154
536.0,-0.5359051938913394
537.0,-0.5366913160328634
538.0,-0.5368448236707635
539.0,-0.5376643115695686
540.0,-0.537816675436986
541.0,-0.538657680270707
542.0,-0.538810848554071
543.0,-0.5396337958039267
544.0,-0.5397867246622094
545.0,-0.540584919612761
546.0,-0.5407388258932866
547.0,-0.5415674569382471
548.0,-0.5417138643435189
549.0,-0.5425267790669441
550.0,-0.5426739752576032
551.0,-0.5434657885596489
552.0,-0.5436112714239036
553.0,-0.5444435216496344
554.0,-0.544590285787133
555.0,-0.5454264920063199
556.0,-0.5455723256160606
557.0,-0.546388795235832
558.0,-0.5465303687302229
559.0,-0.5473035898798064
560.0,-0.5474469855422192
561.0,-0.5482559707730797
562.0,-0.5483979636910583
563.0,-0.5492091796757078
564.0,-0.549348941274533
565.0,-0.5501502422810249
566.0,-0.550289426620649
567.0,-0.5510712941046946
568.0,-0.5512101615952733
569.0,-0.5520069136832676
570.0,-0.5521414736564877
571.0,-0.5529439322771219
572.0,-0.5530773567850125
573.0,-0.5538623602257055
574.0,-0.5539971148451465
575.0,-0.5547865342618896
576.0,-0.5549208809231838
577.0,-0.5556965558911701
578.0,-0.5558314315480114
579.0,-0.5566124702776658
580.0,-0.5567466198812693
581.0,-0.5573908994774348
582.0,-0.5575407858106652
583.0,-0.5584759890005548
584.0,-0.5586111416067608
585.0,-0.5592407069749942
586.0,-0.5593905707725981
587.0,-0.560304308306961
588.0,-0.5604389892421217
589.0,-0.5610499822105945
590.0,-0.5611998182418304
591.0,-0.5620776100070334
592.0,-0.5622061426569738
593.0,-0.5629350065862389
594.0,-0.5630575257382021
595.0,-0.5636361324898669
596.0,-0.5637822733283623
597.0,-0.5647807833463533
598.0,-0.5648955208148945
599.0,-0.5651640703517743
600.0,-0.5657752254128444
601.0,-0.5659251981472156
602.0,-0.5669061938498448
603.0,-0.567024073887922
604.0,-0.5673942321778301
605.0,-0.5678637139330145
606.0,-0.5683580196552552
607.0,-0.5685012505407767
608.0,-0.5693891764930241
609.0,-0.569500438476696
610.0,-0.5700576801753192
611.0,-0.5701822320581782
612.0,-0.5709261631669036
613.0,-0.5710423451559794
614.0,-0.5716494937789176
615.0,-0.5717736464435181
616.0,-0.5725559765823047
617.0,-0.5726742588375601
618.0,-0.5732813957024105
619.0,-0.5734037573530226
620.0,-0.5741652583946703
621.0,-0.5742803896156075
622.0,-0.5748614779855143
623.0,-0.57498463551168
624.0,-0.5757022994352913
625.0,-0.5758232732576816
626.0,-0.576504076587697
627.0,-0.576617202029597
628.0,-0.5772662731111137
629.0,-0.5773812150816846
630.0,-0.578054809617913
631.0,-0.5781697468819372
632.0,-0.5787753380473584
633.0,-0.5788957729921065
634.0,-0.5795621543635437
635.0,-0.5796844795206363
636.0,-0.5803561648640669
637.0,-0.5804767588181552
638.0,-0.5811389542159501
639.0,-0.5812574615611704
640.0,-0.581899344630766
641.0,-0.5820178823867102
642.0,-0.5826588347776798
643.0,-0.5827742811744365
644.0,-0.583431648488931
645.0,-0.5835523234521268
646.0,-0.5841960743589957
647.0,-0.5843132433121591
648.0,-0.5849700056267637
649.0,-0.5850887383710538
650.0,-0.5857459668121748
651.0,-0.5858628719515103
652.0,-0.5864750840567757
653.0,-0.5865922049962852
654.0,-0.5872424591827223
655.0,-0.5873590730077838
656.0,-0.5880402665654901
657.0,-0.5881569823469464
658.0,-0.5887595713588413
659.0,-0.5888766824617119
660.0,-0.5895695914163301
661.0,-0.5896888124329198
662.0,-0.5902874843471445
663.0,-0.5904057026959636
664.0,-0.5910709680170891
665.0,-0.591187456287268
666.0,-0.5917509264569549
667.0,-0.591868410472537
668.0,-0.5925233027709458
669.0,-0.5926642231721868
670.0,-0.5932394816330815
671.0,-0.5933584609215952
672.0,-0.5940600616212325
673.0,-0.5941732074820951
674.0,-0.5947085778515763
675.0,-0.5948262960129668
676.0,-0.59549632117116
677.0,-0.5956338791604746
678.0,-0.5961716504892308
679.0,-0.5962917948810441
680.0,-0.5969535562621138
681.0,-0.597062281285795
682.0,-0.5975802576651565
683.0,-0.5976972761910057
684.0,-0.5983304158832092
685.0,-0.5984658003929836
686.0,-0.5989843868225256
687.0,-0.5991252044010809
688.0,-0.5996516258902173
689.0,-0.5998225870349414
690.0,-0.6003824853400638
691.0,-0.6005551970070774
692.0,-0.6010708144908993
693.0,-0.6012376818006467
694.0,-0.6017330767989284
695.0,-0.6018985446742032
696.0,-0.602403515062128
697.0,-0.6025732648895198
698.0,-0.6030732512905266
699.0,-0.6032391997411668
700.0,-0.6037242092851794
701.0,-0.603888933539093
702.0,-0.6043776666277861
703.0,-0.6045419981805783
704.0,-0.6050289487876849
705.0,-0.6051959903582096
706.0,-0.6056798601991866
707.0,-0.6058440552794474
708.0,-0.6063120302835744
709.0,-0.6064751261649262
710.0,-0.606939142564923
711.0,-0.6070998628254834
712.0,-0.6075439011899332
713.0,-0.6077053308925675
714.0,-0.6081789625813996
715.0,-0.6083402683406929
716.0,-0.6088070859176306
717.0,-0.6089676242255915
718.0,-0.6094307097323243
719.0,-0.6095915292543265
720.0,-0.6100619307982524
721.0,-0.6102242094825144
722.0,-0.6106728605758021
723.0,-0.6108319435982581
724.0,-0.611273226967429
725.0,-0.6114334224527606
726.0,-0.6118455949146842
727.0,-0.6119664808521811
728.0,-0.612531726941185
729.0,-0.6126610851187668
730.0,-0.6130003145565538
731.0,-0.6132968031372225
732.0,-0.6136039726794343
733.0,-0.6139332265315519
734.0,-0.6141816244632521
735.0,-0.6145207183843469
736.0,-0.6148023937797811
737.0,-0.6151232777649284
738.0,-0.6153704811885116
739.0,-0.6157130234457527
740.0,-0.6159643179381384
741.0,-0.6163064504738723
742.0,-0.6165557515452323
743.0,-0.6169051005460636
744.0,-0.6171563945277418
745.0,-0.6175064807286249
746.0,-0.6177663298775388
747.0,-0.6181190079739272
748.0,-0.6183731053397058
749.0,-0.6187287342516276
750.0,-0.6189768795464048
751.0,-0.6192996959317625
752.0,-0.6195468833423475
753.0,-0.6198733897252948
754.0,-0.6201326657595698
755.0,-0.6204897867901116
756.0,-0.6206796503275683
757.0,-0.6211695494637465
758.0,-0.6213137591499596
759.0,-0.621710244642045
760.0,-0.6218817669246539
761.0,-0.6223255772623157
762.0,-0.6224637494842394
763.0,-0.6228595261119896
764.0,-0.6230291975648596
765.0,-0.6234619057725256
766.0,-0.6236260467466955
767.0,-0.6240177182036791
768.0,-0.6241961370975272
769.0,-0.6246482064537958
770.0,-0.6248186657812023
771.0,-0.62521641107108
772.0,-0.62538659493759
773.0,-0.6258518534292654
774.0,-0.6259915121669958
775.0,-0.6263200242153
776.0,-0.6265707931960611
777.0,-0.6269023198126492
778.0,-0.6271525987316223
779.0,-0.6274882427133357
780.0,-0.6276723388468213
781.0,-0.6281493286551926
782.0,-0.6282904190239206
783.0,-0.6286138964248531
784.0,-0.6288547103191389
785.0,-0.6291746355356292
786.0,-0.6294113835058909
787.0,-0.6297367659413458
788.0,-0.6299793233614852
789.0,-0.6303016188254954
790.0,-0.6305454369096147
791.0,-0.6308725221388434
792.0,-0.6311222134546433
793.0,-0.6314390307296536
794.0,-0.631679681229037
795.0,-0.6319820107015967
796.0,-0.6322317249962554
797.0,-0.6325559800019074
798.0,-0.6327824948512377
799.0,-0.6330710394819231
800.0,-0.633301715309086
801.0,-0.6336065991577752
802.0,-0.6338349018046433
803.0,-0.6341406246906143
804.0,-0.6343766094659232
805.0,-0.6346829909449726
806.0,-0.6349179712765991
807.0,-0.6352346700610347
808.0,-0.6354710155796125
809.0,-0.6357638249840643
810.0,-0.6359953207044008
811.0,-0.6362949191704781
812.0,-0.6365248195598835
813.0,-0.6368142153258034
814.0,-0.6370337631441302
815.0,-0.6373291616525731
816.0,-0.6375604355902745
817.0,-0.6378576461977418
818.0,-0.6380869475246088
819.0,-0.6383798219604432
820.0,-0.6386031542523486
821.0,-0.638883348272723
822.0,-0.6391060913999176
823.0,-0.6393992811971279
824.0,-0.6396230999607613
825.0,-0.639914087890745
826.0,-0.6401308049480613
827.0,-0.6404077794236629
828.0,-0.6406246444202959
829.0,-0.6409029570966605
830.0,-0.6410909465580509
831.0,-0.6413729990598555
832.0,-0.6416003350506561
833.0,-0.6418881722700982
834.0,-0.6420861327033108
835.0,-0.6423850501863528
836.0,-0.6426076044705917
837.0,-0.6428530530592773
838.0,-0.6430993134277655
839.0,-0.6433563688543409
840.0,-0.6435736447639228
841.0,-0.6438165896784979
842.0,-0.6440640764398271
843.0,-0.6442798495504889
844.0,-0.6445259063241692
845.0,-0.6447741966758788
846.0,-0.6449931487283455
847.0,-0.6452596725518627
848.0,-0.6454412678341409
849.0,-0.6457269518448431
850.0,-0.6458882170114026
851.0,-0.6461738407421133
852.0,-0.6463962520421401
853.0,-0.646646623743425
854.0,-0.6468627782037637
855.0,-0.6471024973724053
856.0,-0.6473374387030874
857.0,-0.6475424983102179
858.0,-0.6477775331597188
859.0,-0.6479809263875492
860.0,-0.6482363956860853
861.0,-0.6483972427735969
862.0,-0.6486825675844493
863.0,-0.6488454787211074
864.0,-0.6491430515535708
865.0,-0.649306432657485
866.0,-0.6496022353741701
867.0,-0.6497662427135744
868.0,-0.6500590748684334
869.0,-0.6502205593857361
870.0,-0.6505024671114901
871.0,-0.6506621872976581
872.0,-0.6509381496420005
873.0,-0.6511005135831024
874.0,-0.6513551054397663
875.0,-0.6515730028754445
876.0,-0.651788359137205
877.0,-0.6520030193492733
878.0,-0.6522098725281129
879.0,-0.6524152453398324
880.0,-0.6526237771872581
881.0,-0.6528383942196538
882.0,-0.6530579992988115
883.0,-0.6532738940000496
884.0,-0.6534853926612436
885.0,-0.6536954691566087
886.0,-0.6539195461359372
887.0,-0.654127609930195
888.0,-0.6543351514132576
889.0,-0.6545481171309684
890.0,-0.6547560573048603
891.0,-0.6549661968644562
892.0,-0.6551684177509605
893.0,-0.6553760254191269
894.0,-0.6555798882862313
895.0,-0.6557864356276517
896.0,-0.6559931706304115
897.0,-0.656199246580492
898.0,-0.6563992037527587
899.0,-0.6565984665026848
900.0,-0.6568034290669916
901.0,-0.6569922318063011
902.0,-0.6572113427226652
903.0,-0.6574216601796367
904.0,-0.6576096838929565
905.0,-0.6578319949868833
906.0,-0.6579956795375229
907.0,-0.6582118997509495
908.0,-0.6584314811694076
909.0,-0.6585872769546274
910.0,-0.6588116450266425
911.0,-0.658983983214083
912.0,-0.659212370743361
913.0,-0.6593831974889471
914.0,-0.6596656120876787
915.0,-0.6597818230108972
916.0,-0.6599961643157201
917.0,-0.660204406385267
918.0,-0.6603617458573706
919.0,-0.66062614984921
920.0,-0.6607718566533115
921.0,-0.660969826431892
922.0,-0.6611244939587031
923.0,-0.6613369034024871
924.0,-0.6614807888100684
925.0,-0.6616745952879076
926.0,-0.6618281046044566
927.0,-0.6620688055772496
928.0,-0.6622152074131086
929.0,-0.662402009202353
930.0,-0.6625592253968667
931.0,-0.6627869726531724
932.0,-0.6629364483576486
933.0,-0.6631383209875445
934.0,-0.6633206489022938
935.0,-0.6635167512402117
936.0,-0.6636869228909165
937.0,-0.6638551303649968
938.0,-0.6640400103360229
939.0,-0.6641959117427308
940.0,-0.6643630656096398
941.0,-0.664523926623867
942.0,-0.664677225137681
943.0,-0.6648319067689774
944.0,-0.6649930817209134
945.0,-0.6651496111765889
946.0,-0.6653081473586403
947.0,-0.6654613373364049
948.0,-0.6656142665463534
949.0,-0.6657700785587444
950.0,-0.6659260009453752
951.0,-0.6660843427080745
952.0,-0.6662401489355587
953.0,-0.6664001538371226
954.0,-0.6665488744451544
955.0,-0.6666936552867326
956.0,-0.6668357941676755
957.0,-0.6669805731979394
958.0,-0.6671192434570541
959.0,-0.6672567006366071
960.0,-0.6673959432827999
961.0,-0.6675345450016781
962.0,-0.6676724306552647
963.0,-0.6678033914283623
964.0,-0.66793415428271
965.0,-0.6680683588697376
966.0,-0.668198812579185
967.0,-0.6683323537807391
968.0,-0.6684697538311772
969.0,-0.6686001252382832
970.0,-0.6687274986182455
971.0,-0.6688494252189662
972.0,-0.6689750486656205
973.0,-0.669095786032795
974.0,-0.6692109467588657
975.0,-0.6693208143790594
976.0,-0.6694260043910543
977.0,-0.6695411805944459
978.0,-0.669649916888143
979.0,-0.6697603347520847
980.0,-0.6698621431366086
981.0,-0.6700013840011814
982.0,-0.6700926080700141
983.0,-0.6702183621440645
984.0,-0.6703230046783343
985.0,-0.6704800641385307
986.0,-0.6705692892051567
987.0,-0.6706782605542629
988.0,-0.6707938136238216
989.0,-0.670889769860442
990.0,-0.6710194059403105
991.0,-0.6710974116472056
992.0,-0.671206476774512
993.0,-0.6713098072881735
994.0,-0.6713986402407623
995.0,-0.671500394512956
996.0,-0.6715879144463478
997.0,-0.6717103443635782
998.0,-0.6717955238578912
999.0,-0.6719130717992012
1000.0,-0.6720068126586277
1001.0,-0.672135213883527
1002.0,-0.6722307611870507
1003.0,-0.6723544753669971
1004.0,-0.6724506610022962
1005.0,-0.6725762962125861
1006.0,-0.6726685937088801
1007.0,-0.6727876597574861
1008.0,-0.672875883618764
1009.0,-0.672995847663348
1010.0,-0.6730765031790005
1011.0,-0.6731866760573862
1012.0,-0.6732876251923523
1013.0,-0.6733823541972485
1014.0,-0.6734921734453841
1015.0,-0.6735945010026908
1016.0,-0.6737022534937769
1017.0,-0.6738139838027853
1018.0,-0.673929475475868
1019.0,-0.6740419773212957
1020.0,-0.6741585909296058
1021.0,-0.6742638405090319
1022.0,-0.6744093128936078
1023.0,-0.6744947442716469
1024.0,-0.6746204185484044
1025.0,-0.6747180804328352
1026.0,-0.6748628101418793
1027.0,-0.6749520379097721
1028.0,-0.6750744890507375
1029.0,-0.6751729089672435
1030.0,-0.6753216005883977
1031.0,-0.6754108091608232
1032.0,-0.6755299100099708
1033.0,-0.675651641811651
1034.0,-0.6757716802761811
1035.0,-0.6758917616896709
1036.0,-0.6760158338177278
1037.0,-0.6761409329991682
1038.0,-0.67626630959236
1039.0,-0.6763869680604925
1040.0,-0.6765134260485351
1041.0,-0.6766394737019535
1042.0,-0.6767647701998079
1043.0,-0.6768951415057171
1044.0,-0.6770253580598312
1045.0,-0.677155800368107
1046.0,-0.677285168234331
1047.0,-0.6774130251984938
1048.0,-0.6775448330890973
1049.0,-0.6776763390234489
1050.0,-0.6778080279010888
1051.0,-0.6779397970172333
1052.0,-0.6780730966593477
1053.0,-0.678206881471125
1054.0,-0.6783432681791544
1055.0,-0.6784807479479752
1056.0,-0.6786174920560112
1057.0,-0.6787567856886477
1058.0,-0.6788946665669273
1059.0,-0.6790327517265602
1060.0,-0.679173997166759
1061.0,-0.679314498660896
1062.0,-0.6794386945857406
1063.0,-0.6796089198420151
1064.0,-0.6797259898847268
1065.0,-0.6798765469734598
1066.0,-0.6800280325896421
1067.0,-0.6801560078950468
1068.0,-0.6803164059784367
1069.0,-0.6804699415813847
1070.0,-0.6805996314721117
1071.0,-0.6807565037110107
1072.0,-0.6808895105422782
1073.0,-0.6810718641467058
1074.0,-0.6811900852518383
1075.0,-0.6813473960224911
1076.0,-0.6814844110052919
1077.0,-0.6816719445312908
1078.0,-0.681791065428558
1079.0,-0.6819483431223125
1080.0,-0.6820865472558469
1081.0,-0.6822546636272295
1082.0,-0.682394040652881
1083.0,-0.6825623750390721
1084.0,-0.6826996773425695
1085.0,-0.6828655331872507
1086.0,-0.683003517557684
1087.0,-0.6831728716336133
1088.0,-0.6833138404998405
1089.0,-0.6834850785450626
1090.0,-0.683626190359246
1091.0,-0.6837993769163901
1092.0,-0.6839425994529128
1093.0,-0.6841165916362172
1094.0,-0.6842594743250493
1095.0,-0.6844331553186652
1096.0,-0.6845762601853903
1097.0,-0.6847503731206089
1098.0,-0.6848447892927773
1099.0,-0.6850783327727149
1100.0,-0.6851683074002701
1101.0,-0.6854015112209662
1102.0,-0.6854874284109898
1103.0,-0.6857165970811891
1104.0,-0.6858020634863462
1105.0,-0.6860317722102371
1106.0,-0.6861166415928666
1107.0,-0.6863431976307969
1108.0,-0.6864295572286692
1109.0,-0.6866632576285427
1110.0,-0.6867486741725584
1111.0,-0.686982220600176
1112.0,-0.6870681302506217
1113.0,-0.68730298925528
1114.0,-0.6873884223159644
1115.0,-0.6876206626537367
1116.0,-0.687706030668799
1117.0,-0.6879378490663117
1118.0,-0.6880226668398621
1119.0,-0.6882499662406019
1120.0,-0.6883348496108227
1121.0,-0.6885296259031879
1122.0,-0.6886242780265673
1123.0,-0.6888738474086727
1124.0,-0.6889579737541787
1125.0,-0.6891256227059672
1126.0,-0.6892939875235847
1127.0,-0.6893947370194875
1128.0,-0.689659402384278
1129.0,-0.6897454135913262
1130.0,-0.6899083444661108
1131.0,-0.6900124265845802
1132.0,-0.6902772484584383
1133.0,-0.6903613333356369
1134.0,-0.6905273558152012
1135.0,-0.6906950069864028
1136.0,-0.6907937912580709
1137.0,-0.6910560374344062
1138.0,-0.6911377631550042
1139.0,-0.6912971780554545
1140.0,-0.6914591897043992
1141.0,-0.6916095231095827
1142.0,-0.6917615477847393
1143.0,-0.6919088526654726
1144.0,-0.692055254260436
1145.0,-0.6921996655275501
1146.0,-0.6923995683965559
1147.0,-0.6924718078569988
1148.0,-0.6926646702847968
1149.0,-0.6927377362106778
1150.0,-0.6929384856786933
1151.0,-0.693010967130917
1152.0,-0.6932765569831685
1153.0,-0.6933346114780107
1154.0,-0.6934547446335876
1155.0,-0.6936117583373504
1156.0,-0.6936909118142933
1157.0,-0.6939788312848455
1158.0,-0.6940390036826289
1159.0,-0.6941623015969722
1160.0,-0.6943230541668303
1161.0,-0.6944018024902296
1162.0,-0.694678339841731
1163.0,-0.6947363674857041
1164.0,-0.6948560935262348
1165.0,-0.6950349856182789
1166.0,-0.6951031770078476
1167.0,-0.6953575485704805
1168.0,-0.6954117617658845
1169.0,-0.6955667890882287
1170.0,-0.6956297959716596
1171.0,-0.695864313712377
1172.0,-0.6959177276363805
1173.0,-0.6960781884037266
1174.0,-0.6961405809385869
1175.0,-0.6963764030274188
1176.0,-0.6964291668116688
1177.0,-0.6965933044521377
1178.0,-0.6966543331525338
1179.0,-0.6968924785605021
1180.0,-0.6969456377485215
1181.0,-0.6971085560613304
1182.0,-0.6971689758827235
1183.0,-0.6974262016800192
1184.0,-0.6974745504076784
1185.0,-0.697577540504197
1186.0,-0.697731900068336
1187.0,-0.6977930380032629
1188.0,-0.6980607454252701
1189.0,-0.6981048764225565
1190.0,-0.6981977371210047
1191.0,-0.6983399291339637
1192.0,-0.6983988787111063
1193.0,-0.698660984549994
1194.0,-0.6987050699749557
1195.0,-0.6987983578791178
1196.0,-0.6989397085909486
1197.0,-0.6989981409522965
1198.0,-0.6992675321641978
1199.0,-0.6993097873284437
1200.0,-0.6993990827725207
1201.0,-0.6995388268673636
1202.0,-0.6995966018060658
1203.0,-0.6998627538440862
1204.0,-0.6999050981067857
1205.0,-0.6999937155230846
1206.0,-0.7001342001883495
1207.0,-0.7001907597935569
1208.0,-0.7004561068599512
1209.0,-0.7004980868934848
1210.0,-0.7005856802139799
1211.0,-0.7007060445990424
1212.0,-0.7008456564879507
1213.0,-0.7009000774443712
1214.0,-0.7011509879511084
1215.0,-0.701190373767733
1216.0,-0.7012744984704675
1217.0,-0.701391882314208
1218.0,-0.7015306800863175
1219.0,-0.7015854827082365
1220.0,-0.7018572950255775
1221.0,-0.7018963933108862
1222.0,-0.7019538275875673
1223.0,-0.7020990741893265
1224.0,-0.7021543227139606
1225.0,-0.7024123868379645
1226.0,-0.7024555498258717
1227.0,-0.7025448699550053
1228.0,-0.7026872195665629
1229.0,-0.7027419680895282
1230.0,-0.7030118671617547
1231.0,-0.703050003498833
1232.0,-0.7031254724426815
1233.0,-0.7032185795747553
1234.0,-0.7033597026452127
1235.0,-0.7034131067876958
1236.0,-0.7036752057275009
1237.0,-0.7037134342826667
1238.0,-0.7037917715892403
1239.0,-0.7038881608888802
1240.0,-0.7040364816337215
1241.0,-0.704092018090545
1242.0,-0.7043577967319551
1243.0,-0.7043975908290168
1244.0,-0.7044551693984017
1245.0,-0.7046428819495186
1246.0,-0.7046871381954607
1247.0,-0.7048691487250336
1248.0,-0.7049140868677489
1249.0,-0.7050891780341916
1250.0,-0.7051345016792617
1251.0,-0.7053176595864841
1252.0,-0.705361605914629
1253.0,-0.7055376267177361
1254.0,-0.7055818477226402
1255.0,-0.7057586197375523
1256.0,-0.7058035409712409
1257.0,-0.7059794998308824
1258.0,-0.7060243932631942
1259.0,-0.7062082499543204
1260.0,-0.7062527155707536
1261.0,-0.7064315099465701
1262.0,-0.7064758685649896
1263.0,-0.7066527027167818
1264.0,-0.706697291967205
1265.0,-0.7068713570377142
1266.0,-0.7069151283390268
1267.0,-0.7070850467314034
1268.0,-0.7071295582263603
1269.0,-0.7073044862577776
1270.0,-0.7073491815217936
1271.0,-0.7075225257708968
1272.0,-0.7075671942674722
1273.0,-0.7077441493344069
1274.0,-0.7077884898411893
1275.0,-0.7079633132230726
1276.0,-0.7080078299005275
1277.0,-0.7081787543148544
1278.0,-0.7082229386411064
1279.0,-0.7083971193942125
1280.0,-0.7084405484351827
1281.0,-0.7086108331896832
1282.0,-0.7086552277753779
1283.0,-0.7088266089128504
1284.0,-0.7088706935092778
1285.0,-0.7090392088541876
1286.0,-0.7090829372780725
1287.0,-0.7092530658502026
1288.0,-0.7092968689390622
1289.0,-0.7094661855996497
1290.0,-0.7095101985175439
1291.0,-0.7096425152403095
1292.0,-0.7096940958368727
1293.0,-0.709933503964791
1294.0,-0.7099712831324231
1295.0,-0.710024972039664
1296.0,-0.710196861776638
1297.0,-0.7102398925392933
1298.0,-0.7104074255370727
1299.0,-0.710451098154052
1300.0,-0.7105828543271503
1301.0,-0.7106332516520524
1302.0,-0.710873178475054
1303.0,-0.7109105715431993
1304.0,-0.710962908460597
1305.0,-0.7110989635857647
1306.0,-0.7111470501041341
1307.0,-0.7113760206924443
1308.0,-0.7114146671440076
1309.0,-0.7114681731800633
1310.0,-0.7116062993782067
1311.0,-0.7116560289001301
1312.0,-0.7119004364692388
1313.0,-0.7119387154264183
1314.0,-0.7119913155946339
1315.0,-0.712158374451115
1316.0,-0.7121990422886008
1317.0,-0.7123530107404622
1318.0,-0.7123941357960775
1319.0,-0.7125460235289971
1320.0,-0.7125877393445723
1321.0,-0.7127432596610065
1322.0,-0.7127836610233883
1323.0,-0.7129392765275965
1324.0,-0.7129802256697014
1325.0,-0.713136505805009
1326.0,-0.7131784593443795
1327.0,-0.7133340325702521
1328.0,-0.7133754830490523
1329.0,-0.7135356775924239
1330.0,-0.7135776726964854
1331.0,-0.7137356813162763
1332.0,-0.7137766027523221
1333.0,-0.7139311377743583
1334.0,-0.7139715402167718
1335.0,-0.7141254206307064
1336.0,-0.7141654922649738
1337.0,-0.7143159355834714
1338.0,-0.714356363650126
1339.0,-0.7145091699411933
1340.0,-0.7145491090819256
1341.0,-0.7146989306288981
1342.0,-0.7147394437416555
1343.0,-0.7148959614882258
1344.0,-0.7149372286136263
1345.0,-0.7150940644016343
1346.0,-0.7151339189514868
1347.0,-0.7152784571305806
1348.0,-0.7153174787614968
1349.0,-0.715461771339439
1350.0,-0.7155017995766891
1351.0,-0.7156544435609704
1352.0,-0.7156936781297853
1353.0,-0.7158418997991053
1354.0,-0.7158813447245105
1355.0,-0.716030441437929
1356.0,-0.7160704847154056
1357.0,-0.716222099019294
1358.0,-0.716261733415584
1359.0,-0.7164090515975509
1360.0,-0.7164486563873413
1361.0,-0.7165966558802509
1362.0,-0.7166367009164868
1363.0,-0.716785783305786
1364.0,-0.7168245519238604
1365.0,-0.7169658606939798
1366.0,-0.7170057971717546
1367.0,-0.7171545257081157
1368.0,-0.7171930698756317
1369.0,-0.7173378187294581
1370.0,-0.717376946039723
1371.0,-0.7175189384428737
1372.0,-0.7175580642651461
1373.0,-0.7177040213950987
1374.0,-0.7177434320417353
1375.0,-0.7178883598624198
1376.0,-0.7179281383024589
1377.0,-0.718073063450749
1378.0,-0.7181127456882864
1379.0,-0.7182606501847603
1380.0,-0.7183001746079791
1381.0,-0.7184419955917815
1382.0,-0.7184807748106459
1383.0,-0.7186208878931286
1384.0,-0.7186595126152835
1385.0,-0.7187997556455443
1386.0,-0.7188383001173988
1387.0,-0.7189771496049128
1388.0,-0.7190158579541778
1389.0,-0.7191547466323618
1390.0,-0.7191942790177285
1391.0,-0.719338772841574
1392.0,-0.719378815406996
1393.0,-0.7195183051746524
1394.0,-0.7195581182814044
1395.0,-0.7196985070781537
1396.0,-0.7197380319718636
1397.0,-0.7198778668267806
1398.0,-0.7199178993192141
1399.0,-0.720059411534833
1400.0,-0.7200976563355069
1401.0,-0.7202183632063967
1402.0,-0.7202591869731324
1403.0,-0.7204194005248156
1404.0,-0.7204572357560417
1405.0,-0.7205574134369791
1406.0,-0.7206462991950863
1407.0,-0.7207110023340614
1408.0,-0.7208177296231039
1409.0,-0.7209114227669884
1410.0,-0.7209751086225178
1411.0,-0.7210689168200696
1412.0,-0.7211742211639293
1413.0,-0.7212514514096089
1414.0,-0.7213358709177364
1415.0,-0.7214186575463555
1416.0,-0.7215188419145506
1417.0,-0.7215945705308848
1418.0,-0.7216775469189349
1419.0,-0.7217593815915234
1420.0,-0.7218467736189648
1421.0,-0.7219466548596619
1422.0,-0.7220240045501628
1423.0,-0.7221078293764246
1424.0,-0.7221917586868885
1425.0,-0.722277950990389
1426.0,-0.7223629695971887
1427.0,-0.7224495935948299
1428.0,-0.7225349052298986
1429.0,-0.7226192226222429
1430.0,-0.7227020499518861
1431.0,-0.7227842877775466
1432.0,-0.7228680518852465
1433.0,-0.7229515015945626
1434.0,-0.7230333109837846
1435.0,-0.723115562931152
1436.0,-0.7231973757064671
1437.0,-0.723281194460844
1438.0,-0.7233626207303825
1439.0,-0.7234477295329995
1440.0,-0.7235316873455274
1441.0,-0.7236137995189108
1442.0,-0.7236964956121524
1443.0,-0.7237793082176197
1444.0,-0.7238603603368671
1445.0,-0.723940486419806
1446.0,-0.7240226281000263
1447.0,-0.7241030296852076
1448.0,-0.7241829107258753
1449.0,-0.7242631630777624
1450.0,-0.7243447582368671
1451.0,-0.7244258203359263
1452.0,-0.7245055920362165
1453.0,-0.7245863508090415
1454.0,-0.7246672563250813
1455.0,-0.7247475062179721
1456.0,-0.7248293996599268
1457.0,-0.7249079838142987
1458.0,-0.724987687216223
1459.0,-0.7250672383487708
1460.0,-0.7251466449817544
1461.0,-0.7252256203402871
1462.0,-0.7253052427944121
1463.0,-0.7253846204583376
1464.0,-0.725463380394441
1465.0,-0.7255417090654903
1466.0,-0.7256212999278923
1467.0,-0.7256997661480572
1468.0,-0.7257784848004103
1469.0,-0.7258580912760861
1470.0,-0.7259374010899922
1471.0,-0.7260146315852392
1472.0,-0.7260901114069556
1473.0,-0.7261660133131093
1474.0,-0.7262417735644899
1475.0,-0.7263189891085952
1476.0,-0.7263952846447316
1477.0,-0.7264712625417371
1478.0,-0.7265490877092547
1479.0,-0.7266025744224215
1480.0,-0.7267466214118339
1481.0,-0.7267801442461451
1482.0,-0.7268361826525624
1483.0,-0.7269469657374485
1484.0,-0.7269900864722657
1485.0,-0.7271011059310992
1486.0,-0.7271373930292457
1487.0,-0.7272728657935863
1488.0,-0.7273058211028173
1489.0,-0.7273790645770226
1490.0,-0.7274307022069848
1491.0,-0.7275479865931501
1492.0,-0.7275909739950512
1493.0,-0.7277008341139615
1494.0,-0.727735841497006
1495.0,-0.7278693483446572
1496.0,-0.727902376398742
1497.0,-0.7279583368678946
1498.0,-0.7280683942341012
1499.0,-0.7281035735651902
1500.0,-0.7282362379208989
