0.99934744,-0.03612046,0.0
0.99751852,-0.03550399,0.0
0.99251142,-0.03367194,0.0
0.98479779,-0.03114167,0.0
0.97430283,-0.02832074,0.0
0.96086522,-0.02524336,0.0
0.94455779,-0.02183211,0.0
0.92549975,-0.01811129,0.0
0.90382029,-0.01410561,0.0
0.87965824,-0.00985008,0.0
0.85318239,-0.00538085,0.0
0.82455229,-0.00071367,0.0
0.79396599,0.00409426,0.0
0.76162302,0.00902572,0.0
0.72773177,0.01403315,0.0
0.69251175,0.01909862,0.0
0.65621172,0.02418311,0.0
0.61907970,0.02922763,0.0
0.58136517,0.03421315,0.0
0.54334578,0.03906960,0.0
0.50528954,0.04373725,0.0
0.46745340,0.04812678,0.0
0.43010538,0.05217845,0.0
0.39348134,0.05577367,0.0
0.35779753,0.05880456,0.0
0.32324094,0.06118432,0.0
0.29003708,0.06278470,0.0
0.25821159,0.06348471,0.0
0.22781554,0.06331251,0.0
0.19902771,0.06223164,0.0
0.17183776,0.06023245,0.0
0.14633104,0.05746195,0.0
0.12262893,0.05395580,0.0
0.10079391,0.04978176,0.0
0.08095025,0.04505544,0.0
0.06315970,0.03982463,0.0
0.04744695,0.03421852,0.0
0.03393517,0.02832273,0.0
0.02261871,0.02225753,0.0
0.01352441,0.01621207,0.0
0.00669767,0.01033482,0.0
0.00218676,0.00485418,0.0
0.00000578,0.00015990,0.0
0.00086438,-0.00349350,0.0
0.00518325,-0.00637138,0.0
0.01273735,-0.00888588,0.0
0.02344638,-0.01104410,0.0
0.03721149,-0.01281246,0.0
0.05399126,-0.01422947,0.0
0.07368466,-0.01532152,0.0
0.09620141,-0.01609534,0.0
0.12140013,-0.01658585,0.0
0.14916947,-0.01682905,0.0
0.17933808,-0.01685877,0.0
0.21174391,-0.01672920,0.0
0.24615565,-0.01647200,0.0
0.28239127,-0.01614063,0.0
0.32018912,-0.01577567,0.0
0.35931754,-0.01541878,0.0
0.39950491,-0.01511016,0.0
0.44049995,-0.01488077,0.0
0.48199069,-0.01477937,0.0
0.52370694,-0.01480620,0.0
0.56534818,-0.01497040,0.0
0.60668493,-0.01525369,0.0
0.64753476,-0.01571951,0.0
0.68760883,-0.01660758,0.0
0.72639423,-0.01798943,0.0
0.76336599,-0.01971599,0.0
0.79834002,-0.02162051,0.0
0.83106973,-0.02360402,0.0
0.86136670,-0.02561968,0.0
0.88904356,-0.02759066,0.0
0.91390155,-0.02947978,0.0
0.93580363,-0.03120202,0.0
0.95459137,-0.03271162,0.0
0.97022802,-0.03391721,0.0
0.98266255,-0.03484696,0.0
0.99175361,-0.03553578,0.0
0.99740233,-0.03595009,0.0
0.99934744,-0.03612046,0.0
1.44493101,-0.42830739,0.0
1.44437588,-0.42698236,0.0
1.44307254,-0.42329158,0.0
1.44132752,-0.41794600,0.0
1.43884563,-0.41165506,0.0
1.43504139,-0.40465940,0.0
1.42962970,-0.39676628,0.0
1.42265222,-0.38783043,0.0
1.41417792,-0.37791483,0.0
1.40423233,-0.36707401,0.0
1.39286534,-0.35537626,0.0
1.38014250,-0.34289063,0.0
1.36612593,-0.32969230,0.0
1.35089601,-0.31586671,0.0
1.33454271,-0.30149667,0.0
1.31716204,-0.28666842,0.0
1.29885538,-0.27148727,0.0
1.27973440,-0.25604021,0.0
1.25990999,-0.24042990,0.0
1.23950680,-0.22473457,0.0
1.21866699,-0.20905843,0.0
1.19753960,-0.19349345,0.0
1.17630760,-0.17814270,0.0
1.15513867,-0.16316492,0.0
1.13419362,-0.14873103,0.0
1.11356994,-0.13502451,0.0
1.09334075,-0.12221508,0.0
1.07355287,-0.11043357,0.0
1.05432406,-0.09977042,0.0
1.03562136,-0.09051235,0.0
1.01730596,-0.08267759,0.0
0.99934744,-0.07612046,0.0
0.98178283,-0.07078949,0.0
0.96469989,-0.06655739,0.0
0.94824243,-0.06336857,0.0
0.93253516,-0.06117277,0.0
0.91766046,-0.05995213,0.0
0.90372476,-0.05964609,0.0
0.89082416,-0.06021236,0.0
0.87905556,-0.06159306,0.0
0.86853226,-0.06371543,0.0
0.85935261,-0.06661880,0.0
0.85145905,-0.07026271,0.0
0.84482427,-0.07443895,0.0
0.83953492,-0.07897942,0.0
0.83568264,-0.08367865,0.0
0.83338159,-0.08831973,0.0
0.83280284,-0.09248485,0.0
0.83495004,-0.09616090,0.0
0.84019334,-0.10010274,0.0
0.84793192,-0.10473516,0.0
0.85799689,-0.10998713,0.0
0.87023193,-0.11585093,0.0
0.88450208,-0.12226660,0.0
0.90067051,-0.12914903,0.0
0.91861300,-0.13634791,0.0
0.93850090,-0.14363036,0.0
0.96055223,-0.15115132,0.0
0.98460587,-0.15925388,0.0
1.01043942,-0.16806183,0.0
1.03779203,-0.17765318,0.0
1.06640626,-0.18809983,0.0
1.09597666,-0.19943059,0.0
1.12620465,-0.21166203,0.0
1.15675317,-0.22476497,0.0
1.18729125,-0.23871366,0.0
1.21748149,-0.25342248,0.0
1.24697504,-0.26878329,0.0
1.27543338,-0.28466968,0.0
1.30253249,-0.30091519,0.0
1.32796210,-0.31732897,0.0
1.35142835,-0.33370531,0.0
1.37266485,-0.34978970,0.0
1.39144869,-0.36533607,0.0
1.40756881,-0.38004877,0.0
1.42084728,-0.39365885,0.0
1.43102161,-0.40583365,0.0
1.43793016,-0.41584743,0.0
1.44207448,-0.42293824,0.0
1.44425880,-0.42700479,0.0
1.44493101,-0.42830739,0.0
