SIM,Tipo,Configurazione,CL,Cd,Path
incomprimibile,RESULT_GIO,be183_056_goe431_no_naso,-0.591781,0.208819,incomprimibile/RESULT_GIO/be183_056_goe431_no_naso/Results.txt
incomprimibile,RESULT_GIO,be183_056_s1210_no_naso,-1.043526,0.228931,incomprimibile/RESULT_GIO/be183_056_s1210_no_naso/results.txt
incomprimibile,RESULT_GIO,eppler398_goe431_no_naso,-1.149139,0.209252,incomprimibile/RESULT_GIO/eppler398_goe431_no_naso/Results.txt
incomprimibile,RESULT_GIO,eppler398_be092_075_si_naso,-2.339048,0.303657,incomprimibile/RESULT_GIO/eppler398_be092_075_si_naso/Results.txt
incomprimibile,RESULT_GIO,naca6412_goe431_no_naso,-1.198293,0.202523,incomprimibile/RESULT_GIO/naca6412_goe431_no_naso/Results.txt
incomprimibile,RESULT_GIO,eppler398_s1210_no_naso,-1.146635,0.210253,incomprimibile/RESULT_GIO/eppler398_s1210_no_naso/results.txt
incomprimibile,RESULT_GIO,eppler398_be123_076_no_naso,-1.128607,0.203982,incomprimibile/RESULT_GIO/eppler398_be123_076_no_naso/Results.txt
incomprimibile,RESULT_GIO,eppler398_s1210_si_naso,-2.330011,0.297108,incomprimibile/RESULT_GIO/eppler398_s1210_si_naso/results.txt
incomprimibile,RESULT_GIO,eppler398_be123_076_si_naso,-2.294318,0.30837,incomprimibile/RESULT_GIO/eppler398_be123_076_si_naso/Results.txt
incomprimibile,RESULT_GIO,naca6412_goe431_si_naso,-2.463809,0.325448,incomprimibile/RESULT_GIO/naca6412_goe431_si_naso/Results.txt
incomprimibile,RESULT_GIO,eppler398_be092_075_no_naso,-1.147991,0.206557,incomprimibile/RESULT_GIO/eppler398_be092_075_no_naso/Results.txt
incomprimibile,RESULT_GIO,eppler398_goe431_si_naso,-2.342844,0.312093,incomprimibile/RESULT_GIO/eppler398_goe431_si_naso/Results.txt
incomprimibile,RESULT_GIO,be183_056_s1210_si_naso,-2.222953,0.338273,incomprimibile/RESULT_GIO/be183_056_s1210_si_naso/results.txt
incomprimibile,RESULT_GIO,be183_056_goe431_si_naso,-2.230906,0.336908,incomprimibile/RESULT_GIO/be183_056_goe431_si_naso/Results.txt
incomprimibile,RESULT_GIO,be183_056_eppler61_si_naso,-2.107632,0.306761,incomprimibile/RESULT_GIO/be183_056_eppler61_si_naso/Results.txt
incomprimibile,RESULT_GIO,eppler398_wortmann_no_naso,-1.108876,0.196504,incomprimibile/RESULT_GIO/eppler398_wortmann_no_naso/Results.txt
incomprimibile,RESULT_GIO,be183_056_be092_075_no_naso,-0.996143,0.21642,incomprimibile/RESULT_GIO/be183_056_be092_075_no_naso/Results.txt
incomprimibile,RESULT_GIO,eppler398_eppler61_si_naso,-2.278628,0.288115,incomprimibile/RESULT_GIO/eppler398_eppler61_si_naso/Results.txt
incomprimibile,RESULT_GIO,naca6412_s1210_no_naso,-1.218559,0.208274,incomprimibile/RESULT_GIO/naca6412_s1210_no_naso/Results.txt
incomprimibile,RESULT_GIO,naca6412_be092_075_si_naso,-2.434876,0.312738,incomprimibile/RESULT_GIO/naca6412_be092_075_si_naso/Results.txt
incomprimibile,RESULT_GIO,be183_056_wortmann_no_naso,-0.550447,0.196978,incomprimibile/RESULT_GIO/be183_056_wortmann_no_naso/Results.txt
incomprimibile,RESULT_GIO,naca6412_eppler61_si_naso,-2.412922,0.301206,incomprimibile/RESULT_GIO/naca6412_eppler61_si_naso/Results.txt
incomprimibile,RESULT_GIO,be183_056_be123_076_si_naso,-2.226864,0.33317,incomprimibile/RESULT_GIO/be183_056_be123_076_si_naso/Results.txt
incomprimibile,RESULT_GIO,naca6412_be123_076_no_naso,-1.183329,0.199891,incomprimibile/RESULT_GIO/naca6412_be123_076_no_naso/Results.txt
incomprimibile,RESULT_GIO,naca6412_wortmann_no_naso,-1.142501,0.197196,incomprimibile/RESULT_GIO/naca6412_wortmann_no_naso/Results.txt
incomprimibile,RESULT_GIO,naca6412_wortmann_si_naso,-2.370757,0.291115,incomprimibile/RESULT_GIO/naca6412_wortmann_si_naso/Results.txt
incomprimibile,RESULT_GIO,naca6412_be123_076_si_naso,-2.444749,0.318539,incomprimibile/RESULT_GIO/naca6412_be123_076_si_naso/Results.txt
incomprimibile,RESULT_GIO,naca6412_eppler61_no_naso,-1.220674,0.205113,incomprimibile/RESULT_GIO/naca6412_eppler61_no_naso/Results.txt
incomprimibile,RESULT_GIO,be183_056_be123_076_no_naso,-1.006897,0.217438,incomprimibile/RESULT_GIO/be183_056_be123_076_no_naso/Results.txt
incomprimibile,RESULT_GIO,naca6412_s1210_si_naso,-2.451494,0.327139,incomprimibile/RESULT_GIO/naca6412_s1210_si_naso/Results.txt
incomprimibile,RESULT_GIO,eppler398_eppler61_no_naso,-1.172034,0.204161,incomprimibile/RESULT_GIO/eppler398_eppler61_no_naso/Results.txt
incomprimibile,RESULT_GIO,be183_056_wortmann_si_naso,-2.085331,0.297022,incomprimibile/RESULT_GIO/be183_056_wortmann_si_naso/Results.txt
incomprimibile,RESULT_GIO,naca6412_be092_075_no_naso,-1.216701,0.205523,incomprimibile/RESULT_GIO/naca6412_be092_075_no_naso/Results.txt
incomprimibile,RESULT_GIO,be183_056_eppler61_no_naso,-1.045771,0.218256,incomprimibile/RESULT_GIO/be183_056_eppler61_no_naso/Results.txt
incomprimibile,RESULT_GIO,eppler398_wortmann_si_naso,-2.249881,0.279182,incomprimibile/RESULT_GIO/eppler398_wortmann_si_naso/Results.txt
incomprimibile,RESULT_GIO,be183_056_be092_075_si_naso,-2.172926,0.324454,incomprimibile/RESULT_GIO/be183_056_be092_075_si_naso/Results.txt
incomprimibile,RESULT_LUCA,be153-076_be123-076,-0.979156,0.223097,incomprimibile/RESULT_LUCA/noNose/be153-076_be123-076/results.txt
incomprimibile,RESULT_LUCA,s1223_s1210,-1.08049,0.248071,incomprimibile/RESULT_LUCA/noNose/s1223_s1210/results.txt
incomprimibile,RESULT_LUCA,be153-076_goe431,-0.979476,0.22413,incomprimibile/RESULT_LUCA/noNose/be153-076_goe431/results.txt
incomprimibile,RESULT_LUCA,naca4412_eppler61,-1.368807,0.177598,incomprimibile/RESULT_LUCA/noNose/naca4412_eppler61/results.txt
incomprimibile,RESULT_LUCA,be153-076_s1210,-1.020343,0.235505,incomprimibile/RESULT_LUCA/noNose/be153-076_s1210/results.txt
incomprimibile,RESULT_LUCA,naca4412_be123-076,-1.320518,0.182784,incomprimibile/RESULT_LUCA/noNose/naca4412_be123-076/results.txt
incomprimibile,RESULT_LUCA,s1223_be092-075,-1.078501,0.240538,incomprimibile/RESULT_LUCA/noNose/s1223_be092-075/results.txt
incomprimibile,RESULT_LUCA,s1223_goe431,-1.063827,0.24268,incomprimibile/RESULT_LUCA/noNose/s1223_goe431/results.txt
incomprimibile,RESULT_LUCA,be153-076_be092-075,-0.999305,0.227667,incomprimibile/RESULT_LUCA/noNose/be153-076_be092-075/results.txt
incomprimibile,RESULT_LUCA,naca4412_wortmannfx082-512,-1.265712,0.166009,incomprimibile/RESULT_LUCA/noNose/naca4412_wortmannfx082-512/results.txt
incomprimibile,RESULT_LUCA,naca4412_be092-075,-1.333973,0.0,incomprimibile/RESULT_LUCA/noNose/naca4412_be092-075/results.txt
incomprimibile,RESULT_LUCA,s1223_be123-076,-1.05769,0.241167,incomprimibile/RESULT_LUCA/noNose/s1223_be123-076/results.txt
incomprimibile,RESULT_LUCA,be153-076_eppler61,-1.04948,0.227001,incomprimibile/RESULT_LUCA/noNose/be153-076_eppler61/results.txt
incomprimibile,RESULT_LUCA,s1223_wortmannfx082-512,-1.021622,0.230195,incomprimibile/RESULT_LUCA/noNose/s1223_wortmannfx082-512/results.txt
incomprimibile,RESULT_LUCA,s1223_eppler61,-1.111048,0.241172,incomprimibile/RESULT_LUCA/noNose/s1223_eppler61/results.txt
incomprimibile,RESULT_LUCA,naca4412_goe431,-2.377692,0.278343,incomprimibile/RESULT_LUCA/noNose/naca4412_goe431/results.txt
incomprimibile,RESULT_LUCA,naca4412_s1210,-1.358925,0.189118,incomprimibile/RESULT_LUCA/noNose/naca4412_s1210/results.txt
incomprimibile,RESULT_LUCA,be153-076_be123-076,-2.09426,0.363884,incomprimibile/RESULT_LUCA/withNose/be153-076_be123-076/results.txt
incomprimibile,RESULT_LUCA,s1223_s1210,-2.294564,0.367935,incomprimibile/RESULT_LUCA/withNose/s1223_s1210/results.txt
incomprimibile,RESULT_LUCA,be153-076_goe431,-2.055137,0.365361,incomprimibile/RESULT_LUCA/withNose/be153-076_goe431/results.txt
incomprimibile,RESULT_LUCA,naca4412_eppler61,-2.476482,0.256611,incomprimibile/RESULT_LUCA/withNose/naca4412_eppler61/results.txt
incomprimibile,RESULT_LUCA,be153-076_s1210,-2.054082,0.36439,incomprimibile/RESULT_LUCA/withNose/be153-076_s1210/results.txt
incomprimibile,RESULT_LUCA,naca4412_be123-076,-2.47598,0.275084,incomprimibile/RESULT_LUCA/withNose/naca4412_be123-076/results.txt
incomprimibile,RESULT_LUCA,s1223_be092-075,-2.31719,0.359914,incomprimibile/RESULT_LUCA/withNose/s1223_be092-075/results.txt
incomprimibile,RESULT_LUCA,s1223_goe431,-2.304504,0.367132,incomprimibile/RESULT_LUCA/withNose/s1223_goe431/results.txt
incomprimibile,RESULT_LUCA,be153-076_be092-075,-2.038804,0.350885,incomprimibile/RESULT_LUCA/withNose/be153-076_be092-075/results.txt
incomprimibile,RESULT_LUCA,naca4412_wortmannfx082-512,-2.372053,0.249199,incomprimibile/RESULT_LUCA/withNose/naca4412_wortmannfx082-512/results.txt
incomprimibile,RESULT_LUCA,naca4412_be092-075,-2.103592,0.260638,incomprimibile/RESULT_LUCA/withNose/naca4412_be092-075/results.txt
incomprimibile,RESULT_LUCA,s1223_be123-076,-2.28369,0.365334,incomprimibile/RESULT_LUCA/withNose/s1223_be123-076/results.txt
incomprimibile,RESULT_LUCA,be153-076_eppler61,-2.01772,0.340548,incomprimibile/RESULT_LUCA/withNose/be153-076_eppler61/results.txt
incomprimibile,RESULT_LUCA,s1223_wortmannfx082-512,-2.264927,0.336986,incomprimibile/RESULT_LUCA/withNose/s1223_wortmannfx082-512/results.txt
incomprimibile,RESULT_LUCA,s1223_eppler61,-2.310756,0.348261,incomprimibile/RESULT_LUCA/withNose/s1223_eppler61/results.txt
incomprimibile,RESULT_LUCA,naca4412_goe431,-2.377692,0.278343,incomprimibile/RESULT_LUCA/withNose/naca4412_goe431/results.txt
incomprimibile,RESULT_LUCA,be153-076_wortmannfx082-512,-1.990111,0.332592,incomprimibile/RESULT_LUCA/withNose/be153-076_wortmannfx082-512/results.txt
incomprimibile,RESULT_LUCA,naca4412_s1210,-2.450294,0.277979,incomprimibile/RESULT_LUCA/withNose/naca4412_s1210/results.txt
incomprimibile,RESULT_DANI,Eppler_396_Be_092_075,-1.208539819,0.1957182916,incomprimibile/RESULT_DANI/No Naso/Eppler_396_Be_092_075/Result.txt
incomprimibile,RESULT_DANI,Be_183_105_GOE_431,-0.09922792796,0.2259483713,incomprimibile/RESULT_DANI/No Naso/Be_183_105_GOE_431/Result.txt
incomprimibile,RESULT_DANI,Be_183_105_Be_123_076,-0.08793082203,0.2235674205,incomprimibile/RESULT_DANI/No Naso/Be_183_105_Be_123_076/Result.txt
incomprimibile,RESULT_DANI,Be_183_105_Eppler61,-0.1121179634,0.2241760225,incomprimibile/RESULT_DANI/No Naso/Be_183_105_Eppler61/Result.txt
incomprimibile,RESULT_DANI,Be_153_055_Eppler61,-1.117139411,0.2146791564,incomprimibile/RESULT_DANI/No Naso/Be_153_055_Eppler61/Result.txt
incomprimibile,RESULT_DANI,Be_183_105_WortmannFx_082_512,-0.06632960747,0.2164184493,incomprimibile/RESULT_DANI/No Naso/Be_183_105_WortmannFx_082_512/Result.txt
incomprimibile,RESULT_DANI,Be_153_055_S1210,-1.105693024,0.2235559762,incomprimibile/RESULT_DANI/No Naso/Be_153_055_S1210/Result.txt
incomprimibile,RESULT_DANI,Eppler_396_S1210,-1.242343,0.204603,incomprimibile/RESULT_DANI/No Naso/Eppler_396_S1210/Result.txt
incomprimibile,RESULT_DANI,Eppler_396_GOE_431,-1.203316788,0.1952307284,incomprimibile/RESULT_DANI/No Naso/Eppler_396_GOE_431/Result.txt
incomprimibile,RESULT_DANI,Be_153_055_Be_092_075,-1.112736651,0.2216693465,incomprimibile/RESULT_DANI/No Naso/Be_153_055_Be_092_075/Result.txt
incomprimibile,RESULT_DANI,Eppler_396_WortmannFx_082_512,-1.175707236,0.1867947071,incomprimibile/RESULT_DANI/No Naso/Eppler_396_WortmannFx_082_512/Result.txt
incomprimibile,RESULT_DANI,Be_153_055_WortmannFx_082_512,-1.050070051,0.2072841572,incomprimibile/RESULT_DANI/No Naso/Be_153_055_WortmannFx_082_512/Result.txt
incomprimibile,RESULT_DANI,Be_183_105_S1210,-0.08880164815,0.2269329829,incomprimibile/RESULT_DANI/No Naso/Be_183_105_S1210/Result.txt
incomprimibile,RESULT_DANI,Be_183_105_Be_092_075,-0.0914719764,0.2252180251,incomprimibile/RESULT_DANI/No Naso/Be_183_105_Be_092_075/Result.txt
incomprimibile,RESULT_DANI,Eppler_396_Be_123_076,-1.205538735,0.1962500649,incomprimibile/RESULT_DANI/No Naso/Eppler_396_Be_123_076/Result.txt
incomprimibile,RESULT_DANI,Be_153_055_Be_123_076,-1.071355198,0.212896316,incomprimibile/RESULT_DANI/No Naso/Be_153_055_Be_123_076/Result.txt
incomprimibile,RESULT_DANI,Be_153_055_GOE_431,-1.08093602,0.2175654747,incomprimibile/RESULT_DANI/No Naso/Be_153_055_GOE_431/Result.txt
incomprimibile,RESULT_DANI,Eppler_396_Eppler61,-1.24735098,0.192775546,incomprimibile/RESULT_DANI/No Naso/Eppler_396_Eppler61/Result.txt
incomprimibile,RESULT_DANI,Be_183_105_Be_123_076_Naso,-1.116166875,0.3903428634,incomprimibile/RESULT_DANI/Naso/Be_183_105_Be_123_076_Naso/Result.txt
incomprimibile,RESULT_DANI,Be_153_055_S1210_Naso,-2.22688641,0.3179408146,incomprimibile/RESULT_DANI/Naso/Be_153_055_S1210_Naso/Result.txt
incomprimibile,RESULT_DANI,Be_183_105_WortmannFx_082_512_Naso,-1.054553787,0.3639459805,incomprimibile/RESULT_DANI/Naso/Be_183_105_WortmannFx_082_512_Naso/Result.txt
incomprimibile,RESULT_DANI,Eppler_396_S1210_Naso,-2.364638076,0.3105035557,incomprimibile/RESULT_DANI/Naso/Eppler_396_S1210_Naso/Result.txt
incomprimibile,RESULT_DANI,Be_153_055_GOE_431_Naso,-2.223505119,0.3177791156,incomprimibile/RESULT_DANI/Naso/Be_153_055_GOE_431_Naso/Result.txt
incomprimibile,RESULT_DANI,Be_153_055_Eppler61_Naso,-2.168407,0.298664,incomprimibile/RESULT_DANI/Naso/Be_153_055_Eppler61_Naso/Result.txt
incomprimibile,RESULT_DANI,Eppler_396_Eppler61_Naso,-2.341382696,0.2885041174,incomprimibile/RESULT_DANI/Naso/Eppler_396_Eppler61_Naso/Result.txt
incomprimibile,RESULT_DANI,Be_183_105_Eppler61_Naso,-1.074703,0.37117,incomprimibile/RESULT_DANI/Naso/Be_183_105_Eppler61_Naso/Result.txt
incomprimibile,RESULT_DANI,Be_183_105_Be_092_075_Naso,-1.099209,0.381549,incomprimibile/RESULT_DANI/Naso/Be_183_105_Be_092_075_Naso/Result.txt
incomprimibile,RESULT_DANI,Be_183_105_GOE_431_Naso,-1.121596,0.393909,incomprimibile/RESULT_DANI/Naso/Be_183_105_GOE_431_Naso/Result.txt
incomprimibile,RESULT_DANI,Be_153_055_Be_092_075_Naso,-2.206502203,0.3086846647,incomprimibile/RESULT_DANI/Naso/Be_153_055_Be_092_075_Naso/Result.txt
incomprimibile,RESULT_DANI,Eppler_396_GOE_431_Naso,-2.365635806,0.3133186128,incomprimibile/RESULT_DANI/Naso/Eppler_396_GOE_431_Naso/Result.txt
incomprimibile,RESULT_DANI,Eppler_396_Be_092_075_Naso,-2.36837643,0.3047731766,incomprimibile/RESULT_DANI/Naso/Eppler_396_Be_092_075_Naso/Result.txt
incomprimibile,RESULT_DANI,Eppler_396_Be_123_076_Naso,-2.380673487,0.3085449269,incomprimibile/RESULT_DANI/Naso/Eppler_396_Be_123_076_Naso/Result.txt
incomprimibile,RESULT_DANI,Be_153_055_WortmannFx_082_512_Naso,-2.123880375,0.2848098566,incomprimibile/RESULT_DANI/Naso/Be_153_055_WortmannFx_082_512_Naso/Result.txt
incomprimibile,RESULT_DANI,Eppler_396_WortmannFx_082_512_Naso,-2.284515612,0.2772292264,incomprimibile/RESULT_DANI/Naso/Eppler_396_WortmannFx_082_512_Naso/Result.txt
incomprimibile,RESULT_DANI,Be_183_105_S1210_Naso,-1.120219,0.392542,incomprimibile/RESULT_DANI/Naso/Be_183_105_S1210_Naso/Result.txt
incomprimibile,RESULT_DANI,Be_153_055_Be_123_076_Naso,-2.22311123,0.3140009976,incomprimibile/RESULT_DANI/Naso/Be_153_055_Be_123_076_Naso/Result.txt
