Results_Name,VSPAERO_History
Results_Timestamp,1744964323
Results_Date,4,18,2025
Results_Time,10,18,43
Alpha,0.000000000000000000e+00,0.000000000000000000e+00,0.000000000000000000e+00
AnalysisMethod,0
Beta,0.000000000000000000e+00,0.000000000000000000e+00,0.000000000000000000e+00
CDi,nan,nan,nan
CDo,1.966249900000000082e-05,1.966249900000000082e-05,1.966249900000000082e-05
CDt,nan,nan,nan
CDtot,nan,nan,nan
CDtott,nan,nan,nan
CFx,nan,nan,nan
CFxi,nan,nan,nan
CFxo,1.966249900000000082e-05,1.966249900000000082e-05,1.966249900000000082e-05
CFy,nan,nan,nan
CFyi,nan,nan,nan
CFyo,0.000000000000000000e+00,0.000000000000000000e+00,0.000000000000000000e+00
CFz,nan,nan,nan
CFzi,nan,nan,nan
CFzo,0.000000000000000000e+00,0.000000000000000000e+00,0.000000000000000000e+00
CL,nan,nan,nan
CLi,nan,nan,nan
CLo,0.000000000000000000e+00,0.000000000000000000e+00,0.000000000000000000e+00
CMx,nan,nan,nan
CMxi,nan,nan,nan
CMxo,0.000000000000000000e+00,0.000000000000000000e+00,0.000000000000000000e+00
CMy,nan,nan,nan
CMyi,nan,nan,nan
CMyo,0.000000000000000000e+00,0.000000000000000000e+00,0.000000000000000000e+00
CMz,nan,nan,nan
CMzi,nan,nan,nan
CMzo,0.000000000000000000e+00,0.000000000000000000e+00,0.000000000000000000e+00
CS,nan,nan,nan
CSi,nan,nan,nan
CSo,0.000000000000000000e+00,0.000000000000000000e+00,0.000000000000000000e+00
E,nan,nan,nan
FC_AoA_,0.000000000000000000e+00
FC_Beta_,0.000000000000000000e+00
FC_Bref_,1.300000000000000044e+00
FC_Cref_,3.200000000000000067e-01
FC_Mach_,5.000000000000000278e-02
FC_Pitch_Rate,0.000000000000000000e+00
FC_ReCref_,4.000000000000000000e+06
FC_Rho_,2.377000000000000206e-03
FC_Roll__Rate,0.000000000000000000e+00
FC_Sref_,4.167219999999999813e-01
FC_Vinf_,1.000000000000000000e+02
FC_Xcg_,0.000000000000000000e+00
FC_Yaw___Rate,0.000000000000000000e+00
FC_Ycg_,0.000000000000000000e+00
FC_Zcg_,0.000000000000000000e+00
L/D,0.000000000000000000e+00,0.000000000000000000e+00,0.000000000000000000e+00
Mach,5.000000000000000278e-02,5.000000000000000278e-02,5.000000000000000278e-02
T/QS,0.000000000000000000e+00,0.000000000000000000e+00,0.000000000000000000e+00
WakeIter,1,2,3
Results_Name,VSPAERO_Polar
Results_Timestamp,1744964323
Results_Date,4,18,2025
Results_Time,10,18,43
Alpha,0.000000000000000000e+00
Beta,0.000000000000000000e+00
CDi,nan
CDo,1.966249900000000082e-05
CDt,nan
CDtot,nan
CDtott,nan
CFx,nan
CFy,nan
CFz,nan
CL,nan
CMl,nan
CMm,nan
CMn,nan
CMx,nan
CMy,nan
CMz,nan
CS,nan
E,nan
Fopt,0.000000000000000000e+00
L_D,nan
Mach,5.000000000000000278e-02
Re_1e6,4.000000000000000000e+00
Results_Name,VSPAERO_Load
Results_Timestamp,1744964323
Results_Date,4,18,2025
Results_Time,10,18,43
AnalysisMethod,0
Chord,3.201100000000000056e-01,3.203300000000000036e-01,3.205600000000000116e-01,3.207800000000000096e-01,3.210000000000000075e-01,3.201100000000000056e-01,3.203300000000000036e-01,3.205600000000000116e-01,3.207800000000000096e-01,3.210000000000000075e-01,1.300000000000000044e-01,1.300000000000000044e-01,1.300000000000000044e-01,1.300000000000000044e-01,1.300000000000000044e-01,1.300000000000000044e-01,1.300000000000000044e-01,1.300000000000000044e-01,1.300000000000000044e-01,1.300000000000000044e-01
FC_AoA_,0.000000000000000000e+00
FC_Beta_,0.000000000000000000e+00
FC_Bref_,1.300000000000000044e+00
FC_Cref_,3.200000000000000067e-01
FC_Mach_,5.000000000000000278e-02
FC_Pitch_Rate,0.000000000000000000e+00
FC_Rho_,2.377000000000000206e-03
FC_Roll__Rate,0.000000000000000000e+00
FC_Sref_,4.167219999999999813e-01
FC_Vinf_,1.000000000000000000e+02
FC_Xcg_,0.000000000000000000e+00
FC_Yaw___Rate,0.000000000000000000e+00
FC_Ycg_,0.000000000000000000e+00
FC_Zcg_,0.000000000000000000e+00
S,6.400000000000000133e-02,2.369999999999999885e-01,4.550000000000000155e-01,6.730000000000000426e-01,8.910000000000000142e-01,6.400000000000000133e-02,2.369999999999999885e-01,4.550000000000000155e-01,6.730000000000000426e-01,8.910000000000000142e-01,6.131000000000000338e-02,2.322899999999999965e-01,4.516399999999999859e-01,6.709800000000000209e-01,8.903299999999999548e-01,6.131000000000000338e-02,2.322899999999999965e-01,4.516399999999999859e-01,6.709800000000000209e-01,8.903299999999999548e-01
V/Vref,nan,nan,nan,nan,nan,nan,nan,nan,nan,nan,nan,nan,nan,nan,nan,nan,nan,nan,nan,nan
WingId,1,1,1,1,1,2,2,2,2,2,3,3,3,3,3,4,4,4,4,4
Xavg,3.201499999999999901e-01,3.202599999999999891e-01,3.203699999999999881e-01,3.204899999999999971e-01,3.205999999999999961e-01,3.201499999999999901e-01,3.202599999999999891e-01,3.203699999999999881e-01,3.204899999999999971e-01,3.205999999999999961e-01,4.649400000000000199e-01,4.649400000000000199e-01,4.649400000000000199e-01,4.649400000000000199e-01,4.649400000000000199e-01,4.649400000000000199e-01,4.649400000000000199e-01,4.649400000000000199e-01,4.649400000000000199e-01,4.649400000000000199e-01
Yavg,1.300199999999999967e-01,3.900199999999999778e-01,6.500200000000000422e-01,9.100200000000000511e-01,1.170020000000000060e+00,-1.300199999999999967e-01,-3.900199999999999778e-01,-6.500200000000000422e-01,-9.100200000000000511e-01,-1.170020000000000060e+00,6.500000000000000222e-02,1.950000000000000067e-01,3.250000000000000111e-01,4.550000000000000155e-01,5.849999999999999645e-01,-6.500000000000000222e-02,-1.950000000000000067e-01,-3.250000000000000111e-01,-4.550000000000000155e-01,-5.849999999999999645e-01
Zavg,3.051200000000000023e-01,3.051099999999999923e-01,3.051099999999999923e-01,3.050999999999999823e-01,3.050999999999999823e-01,3.051200000000000023e-01,3.051099999999999923e-01,3.051099999999999923e-01,3.050999999999999823e-01,3.050999999999999823e-01,3.529300000000000215e-01,3.529300000000000215e-01,3.529300000000000215e-01,3.529300000000000215e-01,3.529300000000000215e-01,3.529300000000000215e-01,3.529300000000000215e-01,3.529300000000000215e-01,3.529300000000000215e-01,3.529300000000000215e-01
cd,nan,nan,nan,nan,nan,nan,nan,nan,nan,nan,nan,nan,nan,nan,nan,nan,nan,nan,nan,nan
cd*c/cref,nan,nan,nan,nan,nan,nan,nan,nan,nan,nan,nan,nan,nan,nan,nan,nan,nan,nan,nan,nan
cl,nan,nan,nan,nan,nan,nan,nan,nan,nan,nan,nan,nan,nan,nan,nan,nan,nan,nan,nan,nan
cl*c/cref,nan,nan,nan,nan,nan,nan,nan,nan,nan,nan,nan,nan,nan,nan,nan,nan,nan,nan,nan,nan
cmx,nan,nan,nan,nan,nan,nan,nan,nan,nan,nan,nan,nan,nan,nan,nan,nan,nan,nan,nan,nan
cmx*c/cref,nan,nan,nan,nan,nan,nan,nan,nan,nan,nan,nan,nan,nan,nan,nan,nan,nan,nan,nan,nan
cmy,nan,nan,nan,nan,nan,nan,nan,nan,nan,nan,nan,nan,nan,nan,nan,nan,nan,nan,nan,nan
cmy*c/cref,nan,nan,nan,nan,nan,nan,nan,nan,nan,nan,nan,nan,nan,nan,nan,nan,nan,nan,nan,nan
cmz,nan,nan,nan,nan,nan,nan,nan,nan,nan,nan,nan,nan,nan,nan,nan,nan,nan,nan,nan,nan
cmz*c/cref,nan,nan,nan,nan,nan,nan,nan,nan,nan,nan,nan,nan,nan,nan,nan,nan,nan,nan,nan,nan
cs,nan,nan,nan,nan,nan,nan,nan,nan,nan,nan,nan,nan,nan,nan,nan,nan,nan,nan,nan,nan
cs*c/cref,nan,nan,nan,nan,nan,nan,nan,nan,nan,nan,nan,nan,nan,nan,nan,nan,nan,nan,nan,nan
cx,nan,nan,nan,nan,nan,nan,nan,nan,nan,nan,nan,nan,nan,nan,nan,nan,nan,nan,nan,nan
cx*c/cref,nan,nan,nan,nan,nan,nan,nan,nan,nan,nan,nan,nan,nan,nan,nan,nan,nan,nan,nan,nan
cy,nan,nan,nan,nan,nan,nan,nan,nan,nan,nan,nan,nan,nan,nan,nan,nan,nan,nan,nan,nan
cy*c/cref,nan,nan,nan,nan,nan,nan,nan,nan,nan,nan,nan,nan,nan,nan,nan,nan,nan,nan,nan,nan
cz,nan,nan,nan,nan,nan,nan,nan,nan,nan,nan,nan,nan,nan,nan,nan,nan,nan,nan,nan,nan
cz*c/cref,nan,nan,nan,nan,nan,nan,nan,nan,nan,nan,nan,nan,nan,nan,nan,nan,nan,nan,nan,nan
Results_Name,VSPAERO_Comp_Load
Results_Timestamp,1744964323
Results_Date,4,18,2025
Results_Time,10,18,43
AoA,0.000000000000000000e+00,0.000000000000000000e+00,0.000000000000000000e+00,0.000000000000000000e+00,0.000000000000000000e+00,0.000000000000000000e+00,0.000000000000000000e+00,0.000000000000000000e+00,0.000000000000000000e+00
Beta,0.000000000000000000e+00,0.000000000000000000e+00,0.000000000000000000e+00,0.000000000000000000e+00,0.000000000000000000e+00,0.000000000000000000e+00,0.000000000000000000e+00,0.000000000000000000e+00,0.000000000000000000e+00
CDi,0.000000000000000000e+00,nan,nan,nan,nan,0.000000000000000000e+00,0.000000000000000000e+00,0.000000000000000000e+00,0.000000000000000000e+00
CFx,0.000000000000000000e+00,nan,nan,nan,nan,0.000000000000000000e+00,0.000000000000000000e+00,0.000000000000000000e+00,0.000000000000000000e+00
CFy,0.000000000000000000e+00,nan,nan,nan,nan,0.000000000000000000e+00,0.000000000000000000e+00,0.000000000000000000e+00,0.000000000000000000e+00
CFz,0.000000000000000000e+00,nan,nan,nan,nan,0.000000000000000000e+00,0.000000000000000000e+00,0.000000000000000000e+00,0.000000000000000000e+00
CL,0.000000000000000000e+00,nan,nan,nan,nan,0.000000000000000000e+00,0.000000000000000000e+00,0.000000000000000000e+00,0.000000000000000000e+00
Cmx,0.000000000000000000e+00,nan,nan,nan,nan,nan,nan,nan,nan
Cmy,0.000000000000000000e+00,nan,nan,nan,nan,nan,nan,nan,nan
Cmz,0.000000000000000000e+00,nan,nan,nan,nan,nan,nan,nan,nan
Comp_ID,0,1,2,3,4,5,6,7,8
Comp_Name,NONE,WingGeom,WingGeom,WingGeom,WingGeom,FuselageGeom,FuselageGeom,FuselageGeom,FuselageGeom
Cs,0.000000000000000000e+00,nan,nan,nan,nan,0.000000000000000000e+00,0.000000000000000000e+00,0.000000000000000000e+00,0.000000000000000000e+00
Mach,5.000000000000000278e-02,5.000000000000000278e-02,5.000000000000000278e-02,5.000000000000000278e-02,5.000000000000000278e-02,5.000000000000000278e-02,5.000000000000000278e-02,5.000000000000000278e-02,5.000000000000000278e-02
Results_Name,CpSlice_Wrapper
Results_Timestamp,1744964324
Results_Date,4,18,2025
Results_Time,10,18,44
CpSlice_Case_ID_Vec,LYESYUW
Num_Cuts,1
Results_Name,CpSlicer_Case
Results_Timestamp,1744964324
Results_Date,4,18,2025
Results_Time,10,18,44
Alpha,0.000000000000000000e+00
Beta,0.000000000000000000e+00
Case,1
Cut_Loc,0.000000000000000000e+00
Cut_Num,1
Cut_Type,1
Mach,5.000000000000000278e-02
X_Loc,4.799999999999999822e-01,4.799999999999999822e-01,4.738999999999999879e-01,4.738999999999999879e-01,4.650000000000000244e-01,4.650000000000000244e-01,4.526000000000000023e-01,4.526000000000000023e-01,4.355999999999999872e-01,4.355999999999999872e-01,4.133000000000000007e-01,4.133000000000000007e-01,3.855999999999999983e-01,3.855999999999999983e-01,3.528999999999999915e-01,3.528999999999999915e-01,3.170999999999999930e-01,3.170999999999999930e-01,2.812000000000000055e-01,2.812000000000000055e-01,2.479999999999999982e-01,2.479999999999999982e-01,2.197999999999999954e-01,2.197999999999999954e-01,1.973000000000000032e-01,1.973000000000000032e-01,1.804999999999999938e-01,1.804999999999999938e-01,1.688999999999999946e-01,1.688999999999999946e-01,1.618999999999999884e-01,1.618999999999999884e-01,1.600000000000000033e-01,4.799999999999999822e-01,4.799999999999999822e-01,4.738999999999999879e-01,4.738999999999999879e-01,4.650000000000000244e-01,4.650000000000000244e-01,4.526000000000000023e-01,4.526000000000000023e-01,4.355999999999999872e-01,4.355999999999999872e-01,4.133000000000000007e-01,4.133000000000000007e-01,3.855999999999999983e-01,3.855999999999999983e-01,3.528999999999999915e-01,3.528999999999999915e-01,3.170999999999999930e-01,3.170999999999999930e-01,2.812000000000000055e-01,2.812000000000000055e-01,2.479999999999999982e-01,2.479999999999999982e-01,2.197999999999999954e-01,2.197999999999999954e-01,1.973000000000000032e-01,1.973000000000000032e-01,1.804999999999999938e-01,1.804999999999999938e-01,1.688999999999999946e-01,1.688999999999999946e-01,1.618999999999999884e-01,1.618999999999999884e-01,1.600000000000000033e-01,5.300000000000000266e-01,5.300000000000000266e-01,5.274999999999999689e-01,5.274999999999999689e-01,5.240000000000000213e-01,5.240000000000000213e-01,5.189000000000000279e-01,5.189000000000000279e-01,5.120999999999999996e-01,5.120999999999999996e-01,5.030000000000000027e-01,5.030000000000000027e-01,4.917000000000000259e-01,4.917000000000000259e-01,4.784999999999999809e-01,4.784999999999999809e-01,4.641000000000000125e-01,4.641000000000000125e-01,4.496999999999999886e-01,4.496999999999999886e-01,4.364000000000000101e-01,4.364000000000000101e-01,4.249999999999999889e-01,4.249999999999999889e-01,4.159999999999999809e-01,4.159999999999999809e-01,4.092000000000000082e-01,4.092000000000000082e-01,4.043999999999999817e-01,4.043999999999999817e-01,4.012999999999999901e-01,4.012999999999999901e-01,4.000000000000000222e-01,5.300000000000000266e-01,5.300000000000000266e-01,5.274999999999999689e-01,5.274999999999999689e-01,5.240000000000000213e-01,5.240000000000000213e-01,5.189000000000000279e-01,5.189000000000000279e-01,5.120999999999999996e-01,5.120999999999999996e-01,5.030000000000000027e-01,5.030000000000000027e-01,4.917000000000000259e-01,4.917000000000000259e-01,4.784999999999999809e-01,4.784999999999999809e-01,4.641000000000000125e-01,4.641000000000000125e-01,4.496999999999999886e-01,4.496999999999999886e-01,4.364000000000000101e-01,4.364000000000000101e-01,4.249999999999999889e-01,4.249999999999999889e-01,4.159999999999999809e-01,4.159999999999999809e-01,4.092000000000000082e-01,4.092000000000000082e-01,4.043999999999999817e-01,4.043999999999999817e-01,4.012999999999999901e-01,4.012999999999999901e-01,4.000000000000000222e-01,-0.000000000000000000e+00,-0.000000000000000000e+00,8.300000000000000433e-02,-0.000000000000000000e+00,8.300000000000000433e-02,1.973000000000000032e-01,1.973000000000000032e-01,1.973000000000000032e-01,3.302999999999999825e-01,1.973000000000000032e-01,3.302999999999999825e-01,4.697000000000000064e-01,4.697000000000000064e-01,4.697000000000000064e-01,6.027000000000000135e-01,6.027000000000000135e-01,7.169999999999999707e-01,7.169999999999999707e-01,8.000000000000000444e-01,-0.000000000000000000e+00,-0.000000000000000000e+00,8.300000000000000433e-02,-0.000000000000000000e+00,8.300000000000000433e-02,1.973000000000000032e-01,1.973000000000000032e-01,1.973000000000000032e-01,3.302999999999999825e-01,1.973000000000000032e-01,3.302999999999999825e-01,4.697000000000000064e-01,4.697000000000000064e-01,4.697000000000000064e-01,6.027000000000000135e-01,6.027000000000000135e-01,7.169999999999999707e-01,7.169999999999999707e-01,8.000000000000000444e-01,0.000000000000000000e+00,0.000000000000000000e+00,-0.000000000000000000e+00,8.000000000000000444e-01,8.000000000000000444e-01,8.000000000000000444e-01,8.300000000000000433e-02,-0.000000000000000000e+00,-0.000000000000000000e+00,9.360000000000000264e-02,8.000000000000000444e-01,8.000000000000000444e-01,-0.000000000000000000e+00,-0.000000000000000000e+00,1.390000000000000124e-01,1.973000000000000032e-01,2.114000000000000046e-01,2.242000000000000104e-01,8.000000000000000444e-01,8.000000000000000444e-01,-0.000000000000000000e+00,-0.000000000000000000e+00,2.767999999999999905e-01,3.302999999999999825e-01,3.439999999999999725e-01,3.528999999999999915e-01,8.000000000000000444e-01,8.000000000000000444e-01,-0.000000000000000000e+00,-0.000000000000000000e+00,-0.000000000000000000e+00,5.348000000000000531e-01,5.335999999999999632e-01,5.305999999999999606e-01,8.000000000000000444e-01,8.000000000000000444e-01,8.000000000000000444e-01,-0.000000000000000000e+00,-0.000000000000000000e+00,5.273999999999999799e-01,5.175999999999999490e-01,8.000000000000000444e-01,8.000000000000000444e-01,-0.000000000000000000e+00,-0.000000000000000000e+00,4.697000000000000064e-01,4.472999999999999754e-01,8.000000000000000444e-01,8.000000000000000444e-01,-0.000000000000000000e+00,-0.000000000000000000e+00,3.951000000000000068e-01,3.528999999999999915e-01,8.000000000000000444e-01,8.000000000000000444e-01
Y_Loc,0.000000000000000000e+00,0.000000000000000000e+00,0.000000000000000000e+00,0.000000000000000000e+00,0.000000000000000000e+00,0.000000000000000000e+00,0.000000000000000000e+00,0.000000000000000000e+00,0.000000000000000000e+00,0.000000000000000000e+00,0.000000000000000000e+00,0.000000000000000000e+00,0.000000000000000000e+00,0.000000000000000000e+00,0.000000000000000000e+00,0.000000000000000000e+00,0.000000000000000000e+00,0.000000000000000000e+00,0.000000000000000000e+00,0.000000000000000000e+00,0.000000000000000000e+00,0.000000000000000000e+00,0.000000000000000000e+00,0.000000000000000000e+00,0.000000000000000000e+00,0.000000000000000000e+00,0.000000000000000000e+00,0.000000000000000000e+00,0.000000000000000000e+00,0.000000000000000000e+00,0.000000000000000000e+00,0.000000000000000000e+00,0.000000000000000000e+00,0.000000000000000000e+00,0.000000000000000000e+00,0.000000000000000000e+00,0.000000000000000000e+00,0.000000000000000000e+00,0.000000000000000000e+00,0.000000000000000000e+00,0.000000000000000000e+00,0.000000000000000000e+00,0.000000000000000000e+00,0.000000000000000000e+00,0.000000000000000000e+00,0.000000000000000000e+00,0.000000000000000000e+00,0.000000000000000000e+00,0.000000000000000000e+00,0.000000000000000000e+00,0.000000000000000000e+00,0.000000000000000000e+00,0.000000000000000000e+00,0.000000000000000000e+00,0.000000000000000000e+00,0.000000000000000000e+00,0.000000000000000000e+00,0.000000000000000000e+00,0.000000000000000000e+00,0.000000000000000000e+00,0.000000000000000000e+00,0.000000000000000000e+00,0.000000000000000000e+00,0.000000000000000000e+00,0.000000000000000000e+00,0.000000000000000000e+00,0.000000000000000000e+00,0.000000000000000000e+00,0.000000000000000000e+00,0.000000000000000000e+00,0.000000000000000000e+00,0.000000000000000000e+00,0.000000000000000000e+00,0.000000000000000000e+00,0.000000000000000000e+00,0.000000000000000000e+00,0.000000000000000000e+00,0.000000000000000000e+00,0.000000000000000000e+00,0.000000000000000000e+00,0.000000000000000000e+00,0.000000000000000000e+00,0.000000000000000000e+00,0.000000000000000000e+00,0.000000000000000000e+00,0.000000000000000000e+00,0.000000000000000000e+00,0.000000000000000000e+00,0.000000000000000000e+00,0.000000000000000000e+00,0.000000000000000000e+00,0.000000000000000000e+00,0.000000000000000000e+00,0.000000000000000000e+00,0.000000000000000000e+00,0.000000000000000000e+00,0.000000000000000000e+00,0.000000000000000000e+00,0.000000000000000000e+00,0.000000000000000000e+00,0.000000000000000000e+00,0.000000000000000000e+00,0.000000000000000000e+00,0.000000000000000000e+00,0.000000000000000000e+00,0.000000000000000000e+00,0.000000000000000000e+00,0.000000000000000000e+00,0.000000000000000000e+00,0.000000000000000000e+00,0.000000000000000000e+00,0.000000000000000000e+00,0.000000000000000000e+00,0.000000000000000000e+00,0.000000000000000000e+00,0.000000000000000000e+00,0.000000000000000000e+00,0.000000000000000000e+00,0.000000000000000000e+00,0.000000000000000000e+00,0.000000000000000000e+00,0.000000000000000000e+00,0.000000000000000000e+00,0.000000000000000000e+00,0.000000000000000000e+00,0.000000000000000000e+00,0.000000000000000000e+00,0.000000000000000000e+00,0.000000000000000000e+00,0.000000000000000000e+00,0.000000000000000000e+00,0.000000000000000000e+00,0.000000000000000000e+00,0.000000000000000000e+00,0.000000000000000000e+00,0.000000000000000000e+00,-0.000000000000000000e+00,0.000000000000000000e+00,0.000000000000000000e+00,0.000000000000000000e+00,0.000000000000000000e+00,0.000000000000000000e+00,-0.000000000000000000e+00,0.000000000000000000e+00,0.000000000000000000e+00,0.000000000000000000e+00,0.000000000000000000e+00,0.000000000000000000e+00,0.000000000000000000e+00,0.000000000000000000e+00,0.000000000000000000e+00,0.000000000000000000e+00,0.000000000000000000e+00,0.000000000000000000e+00,0.000000000000000000e+00,0.000000000000000000e+00,0.000000000000000000e+00,0.000000000000000000e+00,0.000000000000000000e+00,0.000000000000000000e+00,0.000000000000000000e+00,0.000000000000000000e+00,0.000000000000000000e+00,0.000000000000000000e+00,0.000000000000000000e+00,0.000000000000000000e+00,0.000000000000000000e+00,0.000000000000000000e+00,0.000000000000000000e+00,0.000000000000000000e+00,0.000000000000000000e+00,0.000000000000000000e+00,0.000000000000000000e+00,0.000000000000000000e+00,0.000000000000000000e+00,0.000000000000000000e+00,0.000000000000000000e+00,0.000000000000000000e+00,0.000000000000000000e+00,0.000000000000000000e+00,0.000000000000000000e+00,0.000000000000000000e+00,0.000000000000000000e+00,0.000000000000000000e+00,-0.000000000000000000e+00,-0.000000000000000000e+00,0.000000000000000000e+00,0.000000000000000000e+00,0.000000000000000000e+00,0.000000000000000000e+00,0.000000000000000000e+00,0.000000000000000000e+00,0.000000000000000000e+00,0.000000000000000000e+00,0.000000000000000000e+00,-0.000000000000000000e+00,0.000000000000000000e+00,0.000000000000000000e+00,0.000000000000000000e+00,0.000000000000000000e+00,0.000000000000000000e+00,0.000000000000000000e+00,-0.000000000000000000e+00,0.000000000000000000e+00,0.000000000000000000e+00,0.000000000000000000e+00,0.000000000000000000e+00,0.000000000000000000e+00,0.000000000000000000e+00,-0.000000000000000000e+00,0.000000000000000000e+00,0.000000000000000000e+00,0.000000000000000000e+00,0.000000000000000000e+00,0.000000000000000000e+00,0.000000000000000000e+00,0.000000000000000000e+00,0.000000000000000000e+00,0.000000000000000000e+00,0.000000000000000000e+00,0.000000000000000000e+00,0.000000000000000000e+00,-0.000000000000000000e+00,0.000000000000000000e+00,0.000000000000000000e+00
Z_Loc,2.985999999999999766e-01,2.985999999999999766e-01,2.999999999999999889e-01,2.999999999999999889e-01,3.014999999999999902e-01,3.014999999999999902e-01,3.030999999999999805e-01,3.030999999999999805e-01,3.047000000000000264e-01,3.047000000000000264e-01,3.059999999999999942e-01,3.059999999999999942e-01,3.068000000000000171e-01,3.068000000000000171e-01,3.069999999999999951e-01,3.069999999999999951e-01,3.066999999999999726e-01,3.066999999999999726e-01,3.063000000000000167e-01,3.063000000000000167e-01,3.057000000000000273e-01,3.057000000000000273e-01,3.049000000000000044e-01,3.049000000000000044e-01,3.039999999999999925e-01,3.039999999999999925e-01,3.029999999999999916e-01,3.029999999999999916e-01,3.017000000000000237e-01,3.017000000000000237e-01,3.003000000000000114e-01,3.003000000000000114e-01,2.999999999999999889e-01,2.985999999999999766e-01,2.985999999999999766e-01,2.999999999999999889e-01,2.999999999999999889e-01,3.014999999999999902e-01,3.014999999999999902e-01,3.030999999999999805e-01,3.030999999999999805e-01,3.047000000000000264e-01,3.047000000000000264e-01,3.059999999999999942e-01,3.059999999999999942e-01,3.068000000000000171e-01,3.068000000000000171e-01,3.069999999999999951e-01,3.069999999999999951e-01,3.066999999999999726e-01,3.066999999999999726e-01,3.063000000000000167e-01,3.063000000000000167e-01,3.057000000000000273e-01,3.057000000000000273e-01,3.049000000000000044e-01,3.049000000000000044e-01,3.039999999999999925e-01,3.039999999999999925e-01,3.029999999999999916e-01,3.029999999999999916e-01,3.017000000000000237e-01,3.017000000000000237e-01,3.003000000000000114e-01,3.003000000000000114e-01,2.999999999999999889e-01,3.499999999999999778e-01,3.499999999999999778e-01,3.502000000000000113e-01,3.502000000000000113e-01,3.506000000000000227e-01,3.506000000000000227e-01,3.511000000000000232e-01,3.511000000000000232e-01,3.517000000000000126e-01,3.517000000000000126e-01,3.523999999999999910e-01,3.523999999999999910e-01,3.532000000000000139e-01,3.532000000000000139e-01,3.538999999999999924e-01,3.538999999999999924e-01,3.543999999999999928e-01,3.543999999999999928e-01,3.543999999999999928e-01,3.543999999999999928e-01,3.541000000000000258e-01,3.541000000000000258e-01,3.533999999999999919e-01,3.533999999999999919e-01,3.524999999999999800e-01,3.524999999999999800e-01,3.514999999999999791e-01,3.514999999999999791e-01,3.507000000000000117e-01,3.507000000000000117e-01,3.499999999999999778e-01,3.499999999999999778e-01,3.499999999999999778e-01,3.499999999999999778e-01,3.499999999999999778e-01,3.502000000000000113e-01,3.502000000000000113e-01,3.506000000000000227e-01,3.506000000000000227e-01,3.511000000000000232e-01,3.511000000000000232e-01,3.517000000000000126e-01,3.517000000000000126e-01,3.523999999999999910e-01,3.523999999999999910e-01,3.532000000000000139e-01,3.532000000000000139e-01,3.538999999999999924e-01,3.538999999999999924e-01,3.543999999999999928e-01,3.543999999999999928e-01,3.543999999999999928e-01,3.543999999999999928e-01,3.541000000000000258e-01,3.541000000000000258e-01,3.533999999999999919e-01,3.533999999999999919e-01,3.524999999999999800e-01,3.524999999999999800e-01,3.514999999999999791e-01,3.514999999999999791e-01,3.507000000000000117e-01,3.507000000000000117e-01,3.499999999999999778e-01,3.499999999999999778e-01,3.499999999999999778e-01,6.300000000000000044e-01,6.300000000000000044e-01,6.300000000000000044e-01,6.300000000000000044e-01,6.300000000000000044e-01,6.300000000000000044e-01,6.300000000000000044e-01,6.300000000000000044e-01,6.300000000000000044e-01,6.300000000000000044e-01,6.300000000000000044e-01,6.300000000000000044e-01,6.300000000000000044e-01,6.300000000000000044e-01,6.300000000000000044e-01,6.300000000000000044e-01,6.300000000000000044e-01,6.300000000000000044e-01,6.300000000000000044e-01,6.300000000000000044e-01,6.300000000000000044e-01,6.300000000000000044e-01,6.300000000000000044e-01,6.300000000000000044e-01,6.300000000000000044e-01,6.300000000000000044e-01,6.300000000000000044e-01,6.300000000000000044e-01,6.300000000000000044e-01,6.300000000000000044e-01,6.300000000000000044e-01,6.300000000000000044e-01,6.300000000000000044e-01,6.300000000000000044e-01,6.300000000000000044e-01,6.300000000000000044e-01,6.300000000000000044e-01,6.300000000000000044e-01,6.149999999999999911e-01,6.149999999999999911e-01,6.161999999999999700e-01,4.299999999999999933e-01,4.299999999999999933e-01,4.299999999999999933e-01,5.673000000000000265e-01,6.161999999999999700e-01,6.193999999999999506e-01,5.656999999999999806e-01,4.299999999999999933e-01,4.299999999999999933e-01,6.241999999999999771e-01,6.241999999999999771e-01,5.588999999999999524e-01,5.587999999999999634e-01,5.601000000000000423e-01,5.658999999999999586e-01,4.299999999999999933e-01,5.300000000000000266e-01,6.300000000000000044e-01,6.300000000000000044e-01,5.796000000000000041e-01,6.131999999999999673e-01,6.198000000000000176e-01,6.300000000000000044e-01,5.300000000000000266e-01,6.300000000000000044e-01,6.450000000000000178e-01,6.450000000000000178e-01,6.438000000000000389e-01,8.742999999999999661e-01,8.707000000000000295e-01,8.658000000000000140e-01,8.299999999999999600e-01,8.299999999999999600e-01,8.299999999999999600e-01,6.438000000000000389e-01,6.405999999999999472e-01,8.565000000000000391e-01,8.407999999999999918e-01,8.299999999999999600e-01,8.299999999999999600e-01,6.358000000000000318e-01,6.358000000000000318e-01,7.641999999999999904e-01,7.310999999999999721e-01,8.299999999999999600e-01,7.299999999999999822e-01,6.300000000000000044e-01,6.300000000000000044e-01,6.784999999999999920e-01,6.300000000000000044e-01,7.299999999999999822e-01,6.300000000000000044e-01
dCp,nan,nan,nan,nan,nan,nan,nan,nan,nan,nan,nan,nan,nan,nan,nan,nan,nan,nan,nan,nan,nan,nan,nan,nan,nan,nan,nan,nan,nan,nan,nan,nan,nan,nan,nan,nan,nan,nan,nan,nan,nan,nan,nan,nan,nan,nan,nan,nan,nan,nan,nan,nan,nan,nan,nan,nan,nan,nan,nan,nan,nan,nan,nan,nan,nan,nan,nan,nan,nan,nan,nan,nan,nan,nan,nan,nan,nan,nan,nan,nan,nan,nan,nan,nan,nan,nan,nan,nan,nan,nan,nan,nan,nan,nan,nan,nan,nan,nan,nan,nan,nan,nan,nan,nan,nan,nan,nan,nan,nan,nan,nan,nan,nan,nan,nan,nan,nan,nan,nan,nan,nan,nan,nan,nan,nan,nan,nan,nan,nan,nan,nan,nan,nan,nan,nan,nan,nan,nan,nan,nan,nan,nan,nan,nan,nan,nan,nan,nan,nan,nan,nan,nan,nan,nan,nan,nan,nan,nan,nan,nan,nan,nan,nan,nan,nan,nan,nan,nan,nan,nan,nan,nan,nan,nan,nan,nan,nan,nan,nan,nan,nan,nan,nan,nan,nan,nan,nan,nan,nan,nan,nan,nan,nan,nan,nan,nan,nan,nan,nan,nan,nan,nan,nan,nan,nan,nan,nan,nan,nan,nan,nan,nan,nan,nan,nan,nan,nan,nan,nan,nan,nan,nan,nan,nan,nan
