"Time_Iter","Outer_Iter","Inner_Iter",     "rms[P]"     ,     "rms[U]"     ,     "rms[V]"     ,     "rms[T]"     ,     "rms[k]"     ,     "rms[w]"     ,    "rms[LM_1]"   ,    "rms[LM_2]"   ,"LinSolIter",    "LinSolRes"   ,"LinSolIterTurb",  "LinSolResTurb" ,"LinSolIterTrans", "LinSolResTrans" ,     "Min DT"     ,     "Max DT"     ,     "Min CFL"    ,     "Max CFL"    ,     "Avg CFL"    ,    "RefForce"    ,       "CD"       ,       "CL"       ,       "CSF"      ,       "CMx"      ,       "CMy"      ,       "CMz"      ,       "CFx"      ,       "CFy"      ,       "CFz"      ,      "CEff"      ,       "HF"       ,      "maxHF"     ,      "Temp"      
          0,           0,           0,      -4.398763042,      -17.86941048,      -21.34312856,       -1.53916671,      -3.895916613,       1.189161925,      -4.615620932,      -2.528225386,          11,      -6.123898318,               5,      -7.008044729,                5,       -6.10351124,    0.001140630883,      0.1100442024,                11,                11,                11,     0.07211527163,       1.458819947,       -3.14473842,                 0,                 0,                 0,       -5.65628822,       1.458819947,       -3.14473842,                 0,      -2.155672758,  -2.731394278e-06,    0.001266844547,                 0
          0,           0,           1,      -4.581836035,      -4.393822927,       -4.53361419,      -1.722239704,      -4.369505228,      0.7227011475,      -4.980367396,      0.2479486501,         100,      -5.639900288,               5,      -6.439623155,                4,      -6.008313239,    0.001194057379,      0.1148730489,              12.1,              12.1,              12.1,     0.07211527163,       1.430522418,      -3.079845653,                 0,                 0,                 0,      -5.482651516,       1.430522418,      -3.079845653,                 0,      -2.152951686,  -6.094731461e-08,   0.0001334803336,                 0
          0,           0,           2,      -4.795358346,      -4.574017839,      -4.569847152,      -1.935762007,       -4.77748251,      0.3233433682,      -4.999999975,      0.3678559146,         100,      -5.586147888,               5,      -6.026453222,                4,      -6.054975335,     0.00116724661,      0.1116023502,             13.31,             13.31,             13.31,     0.07211527163,       1.231822471,      -2.776691321,                 0,                 0,                 0,      -4.875890073,       1.231822471,      -2.776691321,                 0,      -2.254132707,  -6.366714125e-07,   0.0001010200871,                 0
          0,           0,           3,      -4.974239556,      -4.679524001,      -4.619258836,      -2.114643229,      -5.104163188,    0.005413137929,      -5.170095097,      0.4192000088,         100,      -5.381403383,               6,      -6.718794252,                4,      -6.117235906,    0.001155176224,      0.1099063991,            14.641,            14.641,            14.641,     0.07211527163,       1.071247335,      -2.606291281,                 0,                 0,                 0,      -4.508680043,       1.071247335,      -2.606291281,                 0,      -2.432950073,   -1.11608251e-06,   9.775818669e-05,                 0
          0,           0,           4,      -5.099984005,      -4.734023231,      -4.676034121,      -2.240387682,      -5.360195693,     -0.2430785383,       -5.30374021,       0.449346681,         100,      -5.167376937,               6,      -6.415030888,                4,      -6.152835144,    0.001209463399,      0.1148279357,           16.1051,           16.1051,           16.1051,     0.07211527163,      0.9765201793,      -2.557438187,                 0,                 0,                 0,      -4.367787974,      0.9765201793,      -2.557438187,                 0,      -2.618930199,  -1.334507412e-06,   9.775485988e-05,                 0
          0,           0,           5,      -5.193214016,      -4.759270106,      -4.730047796,      -2.333617684,      -5.569233966,     -0.4460221339,      -5.364132762,      0.4789778596,         100,      -5.315860992,               6,       -6.12576777,                4,      -6.169408449,    0.001313648333,      0.1246537427,          17.71561,          17.71561,          17.71561,     0.07211527163,      0.8966709598,      -2.493113745,                 0,                 0,                 0,      -4.208601584,      0.8966709598,      -2.493113745,                 0,      -2.780410938,  -1.489511377e-06,   8.391923001e-05,                 0
          0,           0,           6,      -5.259468041,      -4.784197041,       -4.78048244,      -2.399871704,      -5.748082523,     -0.6199523973,      -5.390827662,      0.5165211838,         100,      -5.092879305,               7,      -6.700094363,                4,      -6.179018004,    0.001450447537,      0.1376561445,         19.487171,         19.487171,         19.487171,     0.07211527163,      0.8012853584,      -2.349234134,                 0,                 0,                 0,      -3.916461502,      0.8012853584,      -2.349234134,                 0,      -2.931832099,  -1.523873214e-06,   6.629217825e-05,                 0
          0,           0,           7,      -5.298628216,      -4.818334105,      -4.829677843,      -2.439031884,      -5.906617722,     -0.7743612384,      -5.423493759,      0.5948622137,         100,      -5.085334836,               7,      -6.420614218,                4,      -6.216302576,     0.00160812668,      0.1526708996,        21.4358881,        21.4358881,        21.4358881,     0.07211527163,      0.6918410811,       -2.13899972,                 0,                 0,                 0,      -3.516773524,      0.6918410811,       -2.13899972,                 0,      -3.091750083,  -1.437714797e-06,   6.158241172e-05,                 0
          0,           0,           8,      -5.317393308,      -4.857693941,      -4.873122091,      -2.457796978,      -6.050517037,     -0.9146762346,      -5.466967793,      0.6864759587,         100,      -5.180986615,               7,      -6.163401524,                4,      -6.249117682,    0.001766598706,      0.1677065112,       23.57947691,       23.57947691,       23.57947691,     0.07211527163,       0.582102362,      -1.903965544,                 0,                 0,                 0,      -3.084797235,       0.582102362,      -1.903965544,                 0,      -3.270843185,  -1.222024592e-06,    4.84847416e-05,                 0
          0,           0,           9,      -5.326652351,      -4.893692461,      -4.902300744,      -2.467056022,      -6.182185244,      -1.043429113,      -5.508991147,      0.6754829197,         100,      -5.187936979,             100,      -5.704631683,                4,      -6.217882047,    0.001918530865,      0.1820331411,        25.9374246,        25.9374246,        25.9374246,     0.07211527163,      0.4881149477,      -1.690669816,                 0,                 0,                 0,      -2.701779531,      0.4881149477,      -1.690669816,                 0,      -3.463671465,  -1.248475741e-06,   4.134154204e-05,                 0
          0,           0,          10,      -5.347505742,      -4.918789819,      -4.914194942,      -2.487909412,      -6.303181719,      -1.162232717,       -5.54210396,      0.6311491334,         100,      -4.852169317,               8,      -6.022407976,                4,      -6.134531985,    0.002050924489,      0.1943695603,       28.53116706,       28.53116706,       28.53116706,     0.07211527163,      0.4243367005,      -1.541229362,                 0,                 0,                 0,      -2.438051922,      0.4243367005,      -1.541229362,                 0,       -3.63209065,  -1.244768902e-06,   3.226333163e-05,                 0
          0,           0,          11,      -5.401820419,      -4.931933807,      -4.919526319,      -2.542224089,      -6.414865837,      -1.271847523,      -5.551013398,      0.5756828207,         100,      -4.976929935,             100,      -5.938604363,                4,      -6.072604058,     0.00220271856,      0.2085586029,       31.38428377,       31.38428377,       31.38428377,     0.07211527163,      0.4011098495,      -1.490127097,                 0,                 0,                 0,       -2.34872751,      0.4011098495,      -1.490127097,                 0,      -3.715009988,  -1.259722076e-06,   2.868228366e-05,                 0
          0,           0,          12,      -5.480415407,      -4.937909704,      -4.930824917,      -2.620819082,      -6.518729904,      -1.374611948,      -5.549559469,       0.520019984,         100,      -5.008875462,             100,      -5.650211054,                4,      -6.043826441,    0.002389602568,      0.2261319455,       34.52271214,       34.52271214,       34.52271214,     0.07211527163,      0.4176100098,      -1.545952195,                 0,                 0,                 0,      -2.443546696,      0.4176100098,      -1.545952195,                 0,      -3.701904069,  -1.148567678e-06,   2.453316973e-05,                 0
          0,           0,          13,      -5.529388194,      -4.945627202,      -4.954218743,      -2.669791869,      -6.616716239,      -1.472733396,      -5.563345116,      0.4678065843,         100,      -4.928594423,              17,      -6.001432615,                4,       -6.02342428,    0.002607365656,      0.2466631056,       37.97498336,       37.97498336,       37.97498336,     0.07211527163,      0.4596085726,      -1.681094406,                 0,                 0,                 0,      -2.671713506,      0.4596085726,      -1.681094406,                 0,      -3.657665471,  -1.051515107e-06,   2.230658131e-05,                 0
          0,           0,          14,      -5.538986594,      -4.959211436,      -4.989106067,       -2.67939027,      -6.707339656,      -1.567581719,      -5.603990056,      0.4191828986,         100,      -4.777865478,               9,      -6.094542131,                5,      -7.235225916,    0.002842680933,      0.2688341854,       41.77248169,       41.77248169,       41.77248169,     0.07211527163,      0.5041199812,      -1.837731018,                 0,                 0,                 0,      -2.934501543,      0.5041199812,      -1.837731018,                 0,       -3.64542388,  -1.086084391e-06,   2.179977018e-05,                 0
          0,           0,          15,      -5.563356332,      -4.976248688,      -5.023657344,      -2.703760001,        -6.7899956,      -1.659695462,      -5.633896156,      0.3734807055,         100,      -4.690963945,             100,      -5.792600566,                5,         -7.212872,    0.003082707056,       0.291378206,       45.94972986,       45.94972986,       45.94972986,     0.07211527163,      0.5293008599,      -1.951745418,                 0,                 0,                 0,      -3.125380163,      0.5293008599,      -1.951745418,                 0,      -3.687402696,  -9.924516972e-07,   1.900601778e-05,                 0
          0,           0,          16,       -5.61356691,      -4.993079103,      -5.040508405,      -2.753970579,      -6.859745791,      -1.749115247,      -5.621153565,      0.3300582174,         100,      -4.647055658,              10,      -6.177522908,                5,      -7.209222232,    0.003326758225,      0.3142235524,       50.54470285,       50.54470285,       50.54470285,     0.07211527163,      0.5258739134,      -1.987661857,                 0,                 0,                 0,      -3.185822659,      0.5258739134,      -1.987661857,                 0,      -3.779730856,  -9.520589876e-07,   1.621574322e-05,                 0
          0,           0,          17,      -5.661910821,      -5.007133967,      -5.043682595,       -2.80231449,       -6.91507353,      -1.835904552,      -5.602097428,      0.2882365346,         100,      -4.609924635,             100,      -5.565203366,                5,      -7.218129829,    0.003587834676,      0.3386380416,       55.59917313,       55.59917313,       55.59917313,     0.07211527163,      0.5032751815,      -1.962321263,                 0,                 0,                 0,      -3.143427154,      0.5032751815,      -1.962321263,                 0,      -3.899101993,  -9.272273475e-07,   1.645566386e-05,                 0
          0,           0,          18,      -5.700742577,      -5.016610865,      -5.048569032,      -2.841146247,      -6.954435836,      -1.920438838,      -5.613933842,      0.2478317469,         100,      -4.526140068,             100,      -5.445825505,                5,      -7.228227228,    0.003883252874,      0.3663053645,       61.15909045,       61.15909045,       61.15909045,     0.07211527163,      0.4814899848,      -1.928683401,                 0,                 0,                 0,      -3.085316403,      0.4814899848,      -1.928683401,                 0,      -4.005656322,  -8.707826974e-07,   1.503962447e-05,                 0
          0,           0,          19,       -5.75049246,      -5.022416365,      -5.055695006,      -2.890896126,      -6.976695557,      -2.003342345,      -5.672085913,      0.2094014262,         100,      -4.426575037,             100,      -5.819760321,                5,      -7.235725704,    0.004198413203,      0.3957903377,       67.27499949,       67.27499949,       67.27499949,     0.07211527163,      0.4732586771,      -1.927336108,                 0,                 0,                 0,      -3.077857403,      0.4732586771,      -1.927336108,                 0,      -4.072479177,   -8.02878818e-07,   1.545703254e-05,                 0
          0,           0,          20,      -5.813630601,      -5.028407455,       -5.06101305,      -2.954034266,      -6.979231169,      -2.084756924,      -5.765929539,      0.1723794607,         100,      -4.434478125,              12,      -6.122994568,                5,      -7.232001648,    0.004557350783,      0.4294281378,       74.00249944,       74.00249944,       74.00249944,     0.07211527163,      0.4751641671,      -1.956167333,                 0,                 0,                 0,      -3.116907963,      0.4751641671,      -1.956167333,                 0,      -4.116824181,  -7.402329152e-07,   1.418935172e-05,                 0
          0,           0,          21,      -5.870992308,       -5.03417382,      -5.065412328,      -3.011395979,      -6.959779689,      -2.165049661,        -5.8394599,      0.1370626346,         100,      -4.426325422,              13,      -6.037788926,                5,      -7.217185104,    0.004955124348,      0.4667224821,       81.40274939,       81.40274939,       81.40274939,     0.07211527163,      0.4768537094,      -1.988490882,                 0,                 0,                 0,      -3.158610846,      0.4768537094,      -1.988490882,                 0,      -4.170022887,  -7.433098243e-07,   1.444816256e-05,                 0
          0,           0,          22,      -5.916670672,      -5.039691712,      -5.076531877,      -3.057074342,      -6.919883078,       -2.24438833,      -5.847680251,      0.1023934923,         100,      -4.328902147,              13,      -6.050725054,                5,      -7.207108058,    0.005390616969,        0.50754845,       89.54302433,       89.54302433,       89.54302433,     0.07211527163,      0.4727219121,      -2.004356674,                 0,                 0,                 0,      -3.172159991,      0.4727219121,      -2.004356674,                 0,      -4.240033354,  -6.691444162e-07,   1.316701786e-05,                 0
          0,           0,          23,      -5.958691465,      -5.043893026,      -5.096243646,      -3.099095135,      -6.863690978,      -2.323017823,      -5.843669954,     0.06733857167,         100,      -4.338383766,             100,      -5.837509057,                5,      -7.192131413,    0.005871462904,      0.5526313597,       98.49732676,       98.49732676,       98.49732676,     0.07211527163,      0.4639299096,      -1.999997129,                 0,                 0,                 0,      -3.154878765,      0.4639299096,      -1.999997129,                 0,      -4.310989845,  -6.354341305e-07,   1.518438067e-05,                 0
          0,           0,          24,      -5.997519765,      -5.043970993,      -5.115811427,      -3.137923434,       -6.79921252,      -2.401111785,      -5.863625772,     0.03094549552,         100,      -4.173551163,             100,      -5.454894286,                5,      -7.173765855,    0.006411400671,      0.6032892266,       108.3470594,       108.3470594,       108.3470594,     0.07211527163,      0.4532857433,      -1.977790717,                 0,                 0,                 0,      -3.113402743,      0.4532857433,      -1.977790717,                 0,      -4.363231684,   -6.38311987e-07,   1.175441096e-05,                 0
          0,           0,          25,      -6.027869632,      -5.038610957,       -5.12614554,      -3.168273296,      -6.729750482,      -2.478816808,      -5.894926853,    -0.00418276122,         100,      -4.293514445,             100,      -5.107875151,                5,      -7.170202108,    0.007026127527,      0.6610302826,       119.1817654,       119.1817654,       119.1817654,     0.07211527163,      0.4418667002,      -1.938801716,                 0,                 0,                 0,      -3.049317131,      0.4418667002,      -1.938801716,                 0,      -4.387752495,   -6.62541568e-07,   1.295538919e-05,                 0
          0,           0,          26,      -6.046500108,      -5.028903411,      -5.128139281,      -3.186903767,      -6.659432257,      -2.556172447,      -5.916840907,    -0.03737530516,         100,      -4.199051083,             100,      -5.196070674,                5,      -7.152564042,    0.007732409528,      0.7274669938,       131.0999419,       131.0999419,       131.0999419,     0.07211527163,      0.4294368133,      -1.883859283,                 0,                 0,                 0,       -2.96174678,      0.4294368133,      -1.883859283,                 0,      -4.386813669,  -6.724484942e-07,   1.366498728e-05,                 0
          0,           0,          27,      -6.055746465,      -5.016438997,      -5.131448182,      -3.196150119,      -6.591985917,       -2.63209189,      -5.914373921,    -0.06842906207,         100,      -4.251518251,             100,      -5.295424402,                5,      -7.117419264,    0.008548137266,       0.804321915,       144.2099361,       144.2099361,       144.2099361,     0.07211527163,      0.4157562814,        -1.8154657,                 0,                 0,                 0,      -2.852668241,      0.4157562814,        -1.8154657,                 0,        -4.3666585,  -5.992974036e-07,   1.573725254e-05,                 0
          0,           0,          28,       -6.06391486,      -5.001277888,       -5.14254519,       -3.20431853,      -6.521578412,      -2.706282963,      -5.892987086,    -0.09748129399,         100,      -4.057867534,             100,      -5.278585662,                5,       -7.06811713,    0.009491463655,      0.8933446381,       158.6309297,       158.6309297,       158.6309297,     0.07211527163,      0.4007249405,      -1.736362399,                 0,                 0,                 0,      -2.726003851,      0.4007249405,      -1.736362399,                 0,      -4.333052983,  -5.254421542e-07,   1.375612548e-05,                 0
          0,           0,          29,      -6.080341119,      -4.983271737,       -5.15681766,      -3.220744781,      -6.456963679,      -2.779996995,      -5.877906306,     -0.1268671257,         100,      -3.955966321,             100,      -5.058837582,                5,      -6.991223783,     0.01058030265,      0.9962631083,       174.4940227,       174.4940227,       174.4940227,     0.07211527163,      0.3845433515,      -1.649284082,                 0,                 0,                 0,      -2.586563092,      0.3845433515,      -1.649284082,                 0,      -4.288941872,  -4.433560897e-07,   1.093574077e-05,                 0
          0,           0,          30,      -6.106418975,      -4.965661964,      -5.168565786,      -3.246822639,      -6.400307179,      -2.852034761,      -5.887187587,     -0.1602585626,         100,      -3.932589319,             100,      -5.131965091,                5,      -6.895076202,     0.01183385243,       1.114929586,        191.943425,        191.943425,        191.943425,     0.07211527163,      0.3680978404,      -1.558677635,                 0,                 0,                 0,      -2.441962363,      0.3680978404,      -1.558677635,                 0,      -4.234411246,  -3.751868545e-07,   1.153132495e-05,                 0
          0,           0,          31,       -6.13429552,      -4.953365581,      -5.178885656,      -3.274699191,      -6.357007752,       -2.92574235,       -5.92873351,     -0.1983546838,         100,      -3.928428217,             100,      -4.965089196,                5,      -6.771452432,     0.01327280167,       1.251335977,       211.1377675,       211.1377675,       211.1377675,     0.07211527163,      0.3529595603,      -1.471817956,                 0,                 0,                 0,      -2.304059732,      0.3529595603,      -1.471817956,                 0,      -4.169933673,  -3.477194453e-07,   1.147091939e-05,                 0
          0,           0,          32,      -6.159332381,      -4.950238407,      -5.193186875,      -3.299736012,      -6.333272616,      -3.003135294,      -5.985573342,      -0.237919027,         100,      -3.889906826,             100,      -5.087256746,                5,      -6.625233748,     0.01491451552,       1.407140049,       232.2515442,       232.2515442,       232.2515442,     0.07211527163,      0.3408846886,      -1.397554655,                 0,                 0,                 0,      -2.187042454,      0.3408846886,      -1.397554655,                 0,      -4.099787117,  -1.453813811e-07,   1.102595801e-05,                 0
          0,           0,          33,      -6.186561391,      -4.958236385,      -5.217475656,      -3.326965021,      -6.323320211,      -3.071583947,      -6.023876116,     -0.2719764799,         100,      -3.877650385,             100,      -4.846098654,                5,      -6.470619165,     0.01676312681,       1.582699148,       255.4766986,       255.4766986,       255.4766986,     0.07211527163,      0.3331790237,      -1.343522406,                 0,                 0,                 0,      -2.103024201,      0.3331790237,      -1.343522406,                 0,      -4.032433949,  -5.688324527e-08,   9.056488775e-06,                 0
          0,           0,          34,       -6.22279154,      -4.973627139,      -5.253326037,      -3.363195203,      -6.312427933,      -3.129469849,      -6.027109104,     -0.3007293062,         100,      -3.842484955,             100,      -4.782918601,                5,      -6.318386836,     0.01880309225,       1.776445066,       281.0243685,       281.0243685,       281.0243685,     0.07211527163,      0.3302225684,      -1.313526628,                 0,                 0,                 0,       -2.05774029,      0.3302225684,      -1.313526628,                 0,       -3.97770096,  -3.062135454e-08,   7.331434727e-06,                 0
          0,           0,          35,      -6.273908778,      -4.987839812,      -5.292041768,      -3.414312509,       -6.31147084,      -3.192951884,      -6.028212162,     -0.3269282962,         100,      -3.728398787,             100,      -4.888997034,                5,      -6.169593656,     0.02099936448,       1.984906889,       309.1268053,       309.1268053,       309.1268053,     0.07211527163,       0.331442003,      -1.306599488,                 0,                 0,                 0,      -2.049242375,       0.331442003,      -1.306599488,                 0,      -3.942166281,  -3.450539019e-08,   6.601620773e-06,                 0
          0,           0,          36,      -6.338173496,      -4.997261263,      -5.324743002,      -3.478577241,      -6.316762636,      -3.257041506,       -6.05963066,     -0.3554466399,         100,      -3.643752928,             100,      -4.918120185,                5,      -6.005109043,     0.02331406593,       2.204341752,       340.0394859,       340.0394859,       340.0394859,     0.07211527163,      0.3357106057,        -1.3183742,                 0,                 0,                 0,      -2.070186423,      0.3357106057,        -1.3183742,                 0,      -3.927115135,  -1.125049792e-07,   5.602637491e-06,                 0
          0,           0,          37,      -6.397817726,      -5.004103443,      -5.356368777,      -3.538221307,      -6.325285882,      -3.319177886,      -6.111478531,     -0.3837791842,         100,      -3.389649006,             100,      -4.638175376,                6,      -6.869602575,     0.02572617981,       2.432640944,       374.0434344,       374.0434344,       374.0434344,     0.07211527163,      0.3418427138,      -1.343067275,                 0,                 0,                 0,      -2.111216625,      0.3418427138,      -1.343067275,                 0,      -3.928904204,  -4.568017502e-08,   4.180058042e-06,                 0
          0,           0,          38,        -6.4410381,      -5.012070193,       -5.39467863,       -3.58144174,      -6.353980304,      -3.377322295,      -6.145588377,     -0.4051131706,         100,      -3.145237526,             100,      -5.020430673,                6,      -6.659158739,     0.02824321273,       2.670453589,               400,               400,               400,     0.07211527163,      0.3487780222,      -1.374927496,                 0,                 0,                 0,      -2.163164392,      0.3487780222,      -1.374927496,                 0,      -3.942127681,  -1.028398207e-07,   3.132523488e-06,                 0
          0,           0,          39,      -6.485750536,      -5.024615916,      -5.446972048,      -3.626154087,      -6.407492668,      -3.449323255,      -6.169784918,     -0.4204761628,         100,      -3.003823413,             100,      -4.941272626,                6,      -6.502783358,      0.0300393583,       2.839706754,               400,               400,               400,     0.07211527163,      0.3554543248,      -1.408355247,                 0,                 0,                 0,      -2.217145214,      0.3554543248,      -1.408355247,                 0,      -3.962127194,  -7.509274026e-08,   3.055467505e-06,                 0
          0,           0,          40,      -6.554017999,      -5.049814338,      -5.517613288,       -3.69442177,      -6.463884065,       -3.52699065,      -6.161795612,     -0.4236234031,         100,      -3.036162706,             100,      -4.907089431,                6,      -6.459621123,     0.02982395962,       2.818542474,               400,               400,               400,     0.07211527163,      0.3611040975,      -1.438865261,                 0,                 0,                 0,        -2.2660409,      0.3611040975,      -1.438865261,                 0,      -3.984627345,  -8.997746163e-08,   2.282870299e-06,                 0
          0,           0,          41,       -6.64576937,      -5.095410433,      -5.597158432,      -3.786172888,      -6.498431619,      -3.585551261,      -5.899874149,     -0.4246375238,         100,       -3.05876559,             100,      -4.683397117,                6,       -6.47482156,     0.02960294771,       2.796792202,               400,               400,               400,     0.07211527163,      0.3658148231,      -1.465639055,                 0,                 0,                 0,      -2.308789209,      0.3658148231,      -1.465639055,                 0,      -4.006505375,  -7.371233492e-08,    2.10941499e-06,                 0
          0,           0,          42,      -6.734170815,      -5.134843495,      -5.658937215,      -3.874574549,      -6.560893871,      -3.655230971,      -5.650924929,     -0.4220732408,         100,      -3.074660374,             100,      -4.536717274,                6,       -6.50467634,     0.02939634672,       2.776445317,               400,               400,               400,     0.07211527163,      0.3698762933,      -1.489164897,                 0,                 0,                 0,      -2.346380919,      0.3698762933,      -1.489164897,                 0,      -4.026116094,  -8.807191321e-08,   1.337424346e-06,                 0
          0,           0,          43,      -6.817649775,      -5.169668305,      -5.720138747,      -3.958053373,      -6.622982757,      -3.714566318,      -5.547729654,     -0.4163849167,         100,      -3.065605515,             100,      -4.850409224,                6,      -6.530831745,     0.02920845909,       2.757946702,               400,               400,               400,     0.07211527163,      0.3735167149,      -1.510142395,                 0,                 0,                 0,      -2.380036999,      0.3735167149,      -1.510142395,                 0,      -4.043038331,  -1.717520869e-08,   7.762292784e-07,                 0
          0,           0,          44,      -6.887550977,      -5.200583606,      -5.783367145,      -4.027954497,      -6.669455184,      -3.763473715,      -5.536809112,     -0.4086954699,         100,      -3.042721087,             100,      -4.802293268,                6,      -6.540970129,     0.02903752203,       2.741132445,               400,               400,               400,     0.07211527163,      0.3768547996,      -1.529099004,                 0,                 0,                 0,      -2.410613696,      0.3768547996,      -1.529099004,                 0,      -4.057528273,  -3.896116861e-08,   2.003119114e-06,                 0
          0,           0,          45,      -6.938861254,      -5.228869058,       -5.83979997,      -4.079264745,      -6.704366011,      -3.814016587,      -5.569774964,     -0.3994757557,         100,      -3.020916578,             100,      -4.985620107,                6,      -6.550869273,      0.0288800641,        2.72565991,               400,               400,               400,     0.07211527163,      0.3799441672,      -1.546433719,                 0,                 0,                 0,      -2.438727386,      0.3799441672,      -1.546433719,                 0,       -4.07016044,  -3.558121535e-08,   1.613571838e-06,                 0
          0,           0,          46,      -6.976234676,      -5.254970477,      -5.884293553,      -4.116638302,      -6.727029471,      -3.860555794,      -5.602883014,     -0.3901213467,         100,       -3.00263508,             100,      -4.937739916,                6,      -6.567667148,     0.02873308952,       2.711229634,               400,               400,               400,     0.07211527163,      0.3828108809,      -1.562408134,                 0,                 0,                 0,      -2.464750652,      0.3828108809,      -1.562408134,                 0,      -4.081409939,  -6.452834268e-08,   2.046358888e-06,                 0
          0,           0,          47,        -7.0073233,      -5.278823924,       -5.91913805,      -4.147727013,      -6.751620407,      -3.900361361,       -5.60784787,     -0.3809786371,         100,      -2.985964016,             100,      -4.947194583,                6,      -6.579393209,     0.02859508558,       2.697689371,               400,               400,               400,     0.07211527163,      0.3854907211,       -1.57722757,                 0,                 0,                 0,      -2.488974267,      0.3854907211,       -1.57722757,                 0,      -4.091479986,  -8.692758207e-08,   2.036592244e-06,                 0
          0,           0,          48,      -7.036886359,      -5.300425847,       -5.94809715,       -4.17729007,      -6.772521544,      -3.936863491,      -5.618828002,     -0.3726470789,         100,      -2.976450999,             100,      -4.965810919,                6,      -6.587766381,     0.02846547425,       2.684981334,               400,               400,               400,     0.07211527163,      0.3880312301,       -1.59103796,                 0,                 0,                 0,      -2.511623609,      0.3880312301,       -1.59103796,                 0,      -4.100283268,  -1.537900463e-08,   1.226120876e-06,                 0
          0,           0,          49,      -7.064457272,      -5.319827398,      -5.971708405,       -4.20486082,      -6.781993467,       -3.97241268,      -5.625143555,     -0.3646614784,         100,      -2.952751708,             100,      -4.792929624,                6,      -6.595480352,     0.02834452212,       2.673131524,               400,               400,               400,     0.07211527163,      0.3904647745,      -1.603891534,                 0,                 0,                 0,      -2.532751391,      0.3904647745,      -1.603891534,                 0,      -4.107647191,   7.686984591e-09,   1.378250692e-06,                 0
          0,           0,          50,      -7.087463959,      -5.337086991,      -5.990041201,       -4.22786771,      -6.793797139,      -4.005229653,      -5.614973784,     -0.3573312692,         100,      -2.927483853,             100,       -5.03672768,                6,       -6.60178275,     0.02823299401,       2.662214165,               400,               400,               400,     0.07211527163,      0.3927802407,      -1.615618537,                 0,                 0,                 0,      -2.552098752,      0.3927802407,      -1.615618537,                 0,      -4.113288728,    1.30119477e-08,   1.188575838e-06,                 0
          0,           0,          51,      -7.105927023,      -5.352307069,      -6.003727951,      -4.246330817,      -6.792236104,      -4.025627661,       -5.62751281,     -0.3507070072,         100,      -2.905432186,             100,      -5.137424331,                6,      -6.606311656,     0.02813242589,       2.652377832,               200,               200,               200,     0.07211527163,        0.39493589,      -1.625909641,                 0,                 0,                 0,      -2.569180427,        0.39493589,      -1.625909641,                 0,      -4.116895127,   7.656662762e-09,   2.478328894e-06,                 0
          0,           0,          52,      -7.122406134,      -5.365691341,      -6.014713228,      -4.262809762,      -6.792322346,      -4.059331992,      -5.647754927,     -0.3506841613,         100,      -3.816203846,              75,      -6.018508917,                6,      -6.603764103,     0.01402255063,       1.321921742,               220,               220,               220,     0.07211527163,      0.3960907066,      -1.630835831,                 0,                 0,                 0,      -2.577552058,      0.3960907066,      -1.630835831,                 0,      -4.117329198,   2.658701266e-08,   1.600926086e-06,                 0
          0,           0,          53,      -7.192660034,      -5.623540202,      -6.279195516,      -4.333063713,      -6.796624304,      -4.075494154,      -5.688742953,     -0.4390822164,         100,      -3.575579261,             100,      -5.537410437,                6,      -6.560552385,     0.01539571842,       1.451272994,               242,               242,               242,     0.07211527163,      0.3976367977,      -1.636050015,                 0,                 0,                 0,      -2.586605112,      0.3976367977,      -1.636050015,                 0,      -4.114433133,   9.424924342e-09,   1.277972022e-06,                 0
          0,           0,          54,       -7.33643337,       -5.58240879,      -6.224549282,      -4.476837133,      -6.780053438,      -4.074812735,      -5.716076421,     -0.4873781283,         100,      -3.489453282,             100,      -5.813066203,                6,      -6.541724875,     0.01691402889,       1.594322639,             266.2,             266.2,             266.2,     0.07211527163,      0.3991760018,      -1.640291718,                 0,                 0,                 0,      -2.594247699,      0.3991760018,      -1.640291718,                 0,      -4.109194217,   1.893268453e-08,   1.238578376e-06,                 0
          0,           0,          55,      -7.341736044,      -5.560210996,      -6.194110501,      -4.482139845,      -6.759519834,      -4.075315084,      -5.741441376,     -0.5047520226,         100,      -3.447500827,             100,      -5.338196554,                6,      -6.540725569,      0.0185889594,       1.752145269,            292.82,            292.82,            292.82,     0.07211527163,      0.4005839001,      -1.643004413,                 0,                 0,                 0,      -2.599570077,      0.4005839001,      -1.643004413,                 0,      -4.101523833,   4.655206695e-08,   1.904297857e-06,                 0
          0,           0,          56,      -7.326815955,      -5.533027001,      -6.157830893,      -4.467219647,      -6.732468126,      -4.068444768,      -5.755172622,      -0.499466937,         100,      -3.382614311,             100,      -5.381307765,                6,      -6.548268712,     0.02043784292,       1.926381955,           322.102,           322.102,           322.102,     0.07211527163,      0.4016654311,      -1.643384876,                 0,                 0,                 0,      -2.601246627,      0.4016654311,      -1.643384876,                 0,      -4.091427215,   1.152710346e-08,   2.557489151e-06,                 0
          0,           0,          57,      -7.285522205,      -5.505495224,      -6.120311101,      -4.425925957,      -6.671239797,      -4.042755065,      -5.763582418,     -0.4789505194,         100,      -3.239364742,             100,      -5.208234474,                6,      -6.559586085,      0.0224820507,       2.119063234,          354.3122,          354.3122,          354.3122,     0.07211527163,      0.4022579192,      -1.640642118,                 0,                 0,                 0,      -2.597993206,      0.4022579192,      -1.640642118,                 0,      -4.078582522,  -6.426156055e-08,   4.312526262e-06,                 0
          0,           0,          58,      -7.224805131,      -5.477149619,      -6.080862506,      -4.365208816,       -6.61833143,      -4.019745472,      -5.775429888,     -0.4489131978,         100,      -3.088677638,             100,      -5.405200209,                6,      -6.566435666,     0.02474741572,       2.332649775,         389.74342,         389.74342,         389.74342,     0.07211527163,      0.4022436311,      -1.634203354,                 0,                 0,                 0,      -2.588857459,      0.4022436311,      -1.634203354,                 0,       -4.06272027,  -2.102369341e-08,   4.466106656e-06,                 0
          0,           0,          59,      -7.158296982,      -5.448215892,      -6.039989949,      -4.298700855,      -6.589396265,      -4.011193097,      -5.792012826,     -0.4134060061,         100,       -2.93459138,             100,      -5.360071973,                6,      -6.569950437,     0.02726431164,       2.570039473,         389.74342,         389.74342,         389.74342,     0.07211527163,      0.4015542232,       -1.62379636,                 0,                 0,                 0,      -2.573414895,      0.4015542232,       -1.62379636,                 0,      -4.043778563,   3.021430759e-08,   4.171798809e-06,                 0
          0,           0,          60,      -7.097463675,      -5.418894835,      -5.999195596,      -4.237867404,      -6.563819511,      -4.002366942,      -5.812220791,     -0.3772495057,         100,      -3.006188801,             100,      -5.232733688,                6,      -6.575564856,     0.02733240681,       2.576701604,               400,               400,               400,     0.07211527163,      0.4002487366,      -1.610276097,                 0,                 0,                 0,       -2.55294506,      0.4002487366,      -1.610276097,                 0,      -4.023188457,   7.141485696e-08,   3.610828101e-06,                 0
          0,           0,          61,      -7.077431465,      -5.425087184,      -5.993111509,      -4.217835043,      -6.560854066,      -4.008396503,      -5.835068311,     -0.3579872558,         100,      -2.977257306,             100,        -5.2992056,                6,      -6.586963882,     0.02813389827,       2.653515349,               400,               400,               400,     0.07211527163,      0.3983065004,      -1.594063452,                 0,                 0,                 0,      -2.528053823,      0.3983065004,      -1.594063452,                 0,      -4.002102529,   1.140945504e-07,   4.426459315e-06,                 0
          0,           0,          62,      -7.060210997,      -5.417874687,      -5.975688673,      -4.200614702,      -6.580068868,      -4.023184215,      -5.860233105,     -0.3442232319,         100,      -2.998272246,             100,       -4.97236442,                6,      -6.606980235,     0.02758169535,       2.664288526,               400,               400,               400,     0.07211527163,       0.395742038,      -1.576053218,                 0,                 0,                 0,      -2.499999568,       0.395742038,      -1.576053218,                 0,      -3.982526663,   9.167695229e-08,   3.912814436e-06,                 0
          0,           0,          63,      -7.055500764,      -5.421262567,      -5.971852109,      -4.195904341,      -6.615171302,      -4.046287981,      -5.887542646,     -0.3388732744,         100,      -3.008984975,             100,      -5.318254771,                6,      -6.630072479,     0.02732186574,       2.676093111,               400,               400,               400,     0.07211527163,      0.3926755336,      -1.557218853,                 0,                 0,                 0,      -2.470284626,      0.3926755336,      -1.557218853,                 0,      -3.965663047,   1.341540352e-07,   3.429906126e-06,                 0
          0,           0,          64,      -7.054290508,      -5.424788037,      -5.977600298,      -4.194694129,      -6.671438818,      -4.086313926,      -5.912880645,     -0.3392319689,         100,      -3.007859464,             100,       -5.61839232,                6,      -6.656691147,     0.02731892269,       2.688215984,               400,               400,               400,     0.07211527163,      0.3892463207,       -1.53845813,                 0,                 0,                 0,      -2.440291014,      0.3892463207,       -1.53845813,                 0,      -3.952402497,   1.053295703e-07,   3.776728055e-06,                 0
          0,           0,          65,      -7.056419342,      -5.431382533,      -5.994766917,       -4.19682301,      -6.753628097,      -4.139203751,      -5.937918054,     -0.3437150968,         100,      -3.007430832,             100,       -5.14312847,                6,      -6.684075573,     0.02664246527,       2.700059504,               400,               400,               400,     0.07211527163,       0.385724893,      -1.520748314,                 0,                 0,                 0,      -2.411696053,       0.385724893,      -1.520748314,                 0,      -3.942572392,   1.391825937e-07,    3.79980547e-06,                 0
          0,           0,          66,      -7.064740123,        -5.4416761,      -6.017101956,      -4.205143739,      -6.833324416,       -4.19616572,      -5.962379047,     -0.3517624111,         100,      -3.000107733,             100,      -5.228986214,                6,      -6.709464318,     0.02436669848,       2.711134344,               400,               400,               400,     0.07211527163,      0.3824564868,      -1.505114579,                 0,                 0,                 0,      -2.386283207,      0.3824564868,      -1.505114579,                 0,      -3.935387767,   1.914405286e-07,   3.147873498e-06,                 0
          0,           0,          67,      -7.081189287,      -5.454043207,      -6.039142317,      -4.221592907,      -6.924828221,      -4.237673317,      -5.986063614,     -0.3630495146,         100,      -2.988458939,             100,      -5.180929575,                6,      -6.724975594,     0.02267125423,       2.721073074,               400,               400,               400,     0.07211527163,      0.3795924416,      -1.491953195,                 0,                 0,                 0,      -2.364799873,      0.3795924416,      -1.491953195,                 0,      -3.930408069,   2.265322113e-07,   3.142230803e-06,                 0
          0,           0,          68,      -7.101931092,      -5.467082503,      -6.058295097,      -4.242334883,      -7.034079356,      -4.285577235,      -6.010591165,     -0.3776343497,         100,      -2.974896734,             100,      -5.096599171,                6,      -6.724305916,     0.02144368869,       2.729603929,               400,               400,               400,     0.07211527163,      0.3772995745,      -1.481601311,                 0,                 0,                 0,      -2.347875275,      0.3772995745,      -1.481601311,                 0,      -3.926856563,   1.516113571e-07,   2.302741615e-06,                 0
          0,           0,          69,       -7.12333748,      -5.479920515,      -6.073376801,      -4.263741143,       -7.14711844,       -4.34010502,      -6.030164648,      -0.395518647,         100,      -2.957540877,             100,      -4.998505618,                6,      -6.706968495,     0.02057279821,        2.73658268,               400,               400,               400,     0.07211527163,      0.3755509811,      -1.473890556,                 0,                 0,                 0,       -2.33525848,      0.3755509811,      -1.473890556,                 0,      -3.924608457,   1.306711339e-07,   2.202932317e-06,                 0
          0,           0,          70,      -7.141197958,      -5.492307877,      -6.084231761,      -4.281601532,      -7.255835858,      -4.398053021,      -6.047926767,     -0.4167745006,         100,      -2.969862374,             100,      -4.893539298,                6,      -6.672565331,      0.0199821207,       2.741956564,               400,               400,               400,     0.07211527163,      0.3742598852,      -1.468449286,                 0,                 0,                 0,      -2.326307507,      0.3742598852,      -1.468449286,                 0,      -3.923608552,   1.062396173e-07,   2.012491665e-06,                 0
          0,           0,          71,      -7.153398642,      -5.504187925,      -6.091845881,      -4.293802351,      -7.355094375,      -4.457333919,      -6.064509651,     -0.4418989161,         100,       -2.98177909,             100,      -4.893094119,                6,      -6.631102395,     0.01961676066,       2.745851384,               400,               400,               400,     0.07211527163,      0.3733014537,      -1.464743908,                 0,                 0,                 0,      -2.320151012,      0.3733014537,      -1.464743908,                 0,      -3.923756238,   7.700929686e-08,   1.774754041e-06,                 0
          0,           0,          72,      -7.160637021,      -5.515839452,      -6.097445682,      -4.301040604,      -7.440599307,      -4.510615396,       -6.07461087,     -0.4716150737,         100,      -3.013008655,             100,      -5.013038785,                6,      -6.577798169,     0.01886260951,       2.748482049,               400,               400,               400,     0.07211527163,      0.3725978732,      -1.462334168,                 0,                 0,                 0,      -2.316069495,      0.3725978732,      -1.462334168,                 0,      -3.924698107,    8.42508982e-08,   1.674969443e-06,                 0
          0,           0,          73,      -7.164126938,      -5.527462275,      -6.102007542,      -4.304530523,      -7.514387646,      -4.555431195,       -6.08242415,     -0.5050242574,         100,      -3.036408919,             100,      -4.670332414,                6,      -6.514997015,     0.01797608735,       2.750148115,               400,               400,               400,     0.07211527163,      0.3720778179,      -1.460815682,                 0,                 0,                 0,      -2.313435381,      0.3720778179,      -1.460815682,                 0,      -3.926102582,   8.212303744e-08,   1.547480291e-06,                 0
          0,           0,          74,      -7.165008255,      -5.539355637,      -6.106186827,      -4.305411901,      -7.577563988,      -4.592621699,      -6.089250876,     -0.5398768259,         100,      -3.068521684,             100,       -4.78173745,                6,      -6.445088939,     0.01733150184,       2.751109149,               400,               400,               400,     0.07211527163,       0.371706112,      -1.459928328,                 0,                 0,                 0,      -2.311827232,       0.371706112,      -1.459928328,                 0,      -3.927641437,   7.046378471e-08,   1.333093669e-06,                 0
          0,           0,          75,      -7.164013357,      -5.551725297,      -6.110409057,      -4.304416935,      -7.631669391,      -4.621703133,      -6.095588386,     -0.5747679551,         100,      -3.111910215,             100,      -5.076129845,                6,      -6.376037503,     0.01688071066,       2.751607709,               400,               400,               400,     0.07211527163,       0.371436375,      -1.459430479,                 0,                 0,                 0,      -2.310874179,       0.371436375,      -1.459430479,                 0,      -3.929153356,   5.896815893e-08,   1.194975123e-06,                 0
          0,           0,          76,      -7.162014714,      -5.564805051,      -6.115008011,      -4.302418411,      -7.678247661,      -4.645635119,      -6.101920051,      -0.609262784,         100,      -3.145301069,             100,      -5.084530805,                6,      -6.307626981,     0.01658765261,       2.751806716,               400,               400,               400,     0.07211527163,      0.3712477814,      -1.459186173,                 0,                 0,                 0,      -2.310353105,      0.3712477814,      -1.459186173,                 0,      -3.930491296,    5.20738618e-08,   1.059388254e-06,                 0
          0,           0,          77,      -7.159811543,      -5.578816968,        -6.1203417,      -4.300215209,      -7.719351156,      -4.666073652,      -6.108114671,     -0.6431046067,         100,      -3.192859737,             100,       -5.06425055,                6,      -6.245017515,     0.01623913798,       2.751842532,               400,               400,               400,     0.07211527163,      0.3711111024,      -1.459075048,                 0,                 0,                 0,      -2.310076792,      0.3711111024,      -1.459075048,                 0,      -3.931639442,   4.561537437e-08,   9.142302324e-07,                 0
          0,           0,          78,      -7.158074781,      -5.593880942,      -6.126713622,      -4.298478448,      -7.756673827,      -4.684009461,      -6.113645516,     -0.6761438092,         100,      -3.235617897,             100,      -4.904853865,                6,      -6.190177919,     0.01555049619,       2.751788635,               400,               400,               400,     0.07211527163,      0.3710180346,      -1.459055253,                 0,                 0,                 0,      -2.309963676,      0.3710180346,      -1.459055253,                 0,       -3.93257232,   4.086048411e-08,   8.159272374e-07,                 0
          0,           0,          79,      -7.157377838,      -5.610185346,       -6.13448603,      -4.297781386,      -7.791681369,       -4.70032644,      -6.119325502,     -0.7082708391,         100,      -3.276911046,             100,      -4.932925986,                6,      -6.143668332,     0.01503220633,       2.751704206,               400,               400,               400,     0.07211527163,      0.3709510967,      -1.459072077,                 0,                 0,                 0,      -2.309935118,      0.3709510967,      -1.459072077,                 0,      -3.933327305,    3.45781924e-08,   7.100316789e-07,                 0
          0,           0,          80,       -7.15817793,      -5.627830856,      -6.143959366,      -4.298581566,      -7.824768612,      -4.716848461,      -6.125200081,     -0.7394433675,         100,      -3.323674632,             100,      -4.672558917,                6,       -6.10506151,     0.01465284934,       2.751608378,               400,               400,               400,     0.07211527163,       0.370910124,      -1.459128578,                 0,                 0,                 0,      -2.309979905,       0.370910124,      -1.459128578,                 0,      -3.933914131,   3.021670285e-08,   6.292194011e-07,                 0
          0,           0,          81,      -7.160799922,       -5.64689676,      -6.155398917,      -4.301203739,      -7.856536385,      -4.731550556,      -6.131216635,     -0.7697968673,         100,      -3.352667729,             100,      -4.738787589,                6,      -6.073590607,     0.01438843826,       2.751519241,               400,               400,               400,     0.07211527163,      0.3708851879,      -1.459202968,                 0,                 0,                 0,      -2.310071518,      0.3708851879,      -1.459202968,                 0,      -3.934379197,   2.623051427e-08,    5.59667206e-07,                 0
          0,           0,          82,      -7.165658907,      -5.667454382,      -6.169065311,      -4.306062722,      -7.887473392,      -4.745623155,      -6.137424886,     -0.7992826206,         100,       -3.40171933,             100,      -4.820647416,                6,      -6.047984382,     0.01422000385,       2.751432554,               400,               400,               400,     0.07211527163,      0.3708781839,      -1.459309183,                 0,                 0,                 0,      -2.310218279,      0.3708781839,      -1.459309183,                 0,      -3.934739887,   2.258417097e-08,   4.944903279e-07,                 0
          0,           0,          83,      -7.173048635,      -5.689473448,      -6.185157236,      -4.313452326,      -7.918375176,       -4.76046591,      -6.143545419,     -0.8279570736,         100,      -3.443735062,             100,      -5.043552551,                6,      -6.029157999,     0.01413202819,       2.751351033,               400,               400,               400,     0.07211527163,      0.3708813224,      -1.459429202,                 0,                 0,                 0,      -2.310402272,      0.3708813224,      -1.459429202,                 0,      -3.935030194,   1.888307481e-08,   4.332077192e-07,                 0
          0,           0,          84,      -7.183372447,      -5.712946613,      -6.203898965,      -4.323776106,      -7.949339506,      -4.776382949,      -6.149909968,     -0.8558170701,         100,      -3.481992349,             100,      -4.845303272,                6,      -6.015644672,     0.01411143755,         2.7512663,               400,               400,               400,     0.07211527163,      0.3708962671,      -1.459575155,                 0,                 0,                 0,      -2.310626702,      0.3708962671,      -1.459575155,                 0,      -3.935265153,   1.627719261e-08,   3.804876679e-07,                 0
          0,           0,          85,      -7.196910819,      -5.737759135,      -6.225449706,      -4.337314465,      -7.980500456,      -4.793389821,      -6.156568247,     -0.8831765969,         100,      -3.507273655,             100,      -5.055645778,                6,      -6.007975369,     0.01414673909,       2.751180011,               400,               400,               400,     0.07211527163,      0.3709160522,      -1.459727374,                 0,                 0,                 0,      -2.310870965,      0.3709160522,      -1.459727374,                 0,      -3.935465626,   1.394846323e-08,   3.356590021e-07,                 0
          0,           0,          86,      -7.213960324,      -5.763777241,      -6.249976565,      -4.354363996,      -8.012082853,      -4.812258443,      -6.163396367,     -0.9102284508,         100,      -3.515600017,             100,      -4.931380443,                6,      -6.004984067,     0.01422758953,        2.75108853,               400,               400,               400,     0.07211527163,      0.3709414821,      -1.459890572,                 0,                 0,                 0,      -2.311129163,      0.3709414821,      -1.459890572,                 0,      -3.935635787,   1.180869304e-08,    2.94457342e-07,                 0
          0,           0,          87,      -7.234673033,      -5.790756288,       -6.27756122,      -4.375076562,      -8.044549037,      -4.833651218,      -6.170327496,     -0.9371236269,         100,      -3.528363081,             100,      -4.758068006,                6,      -6.006024786,     0.01434443964,       2.750997329,               400,               400,               400,     0.07211527163,      0.3709664146,      -1.460042521,                 0,                 0,                 0,      -2.311378386,      0.3709664146,      -1.460042521,                 0,      -3.935780878,   9.647698981e-09,   2.536785037e-07,                 0
          0,           0,          88,      -7.259183442,       -5.81840064,      -6.308264068,      -4.399587192,      -8.077778431,      -4.858540544,      -6.177279286,      -0.964512977,         100,      -3.545432743,             100,      -4.624414146,                6,      -6.010310655,     0.01448836799,       2.750906728,               400,               400,               400,     0.07211527163,      0.3709920847,      -1.460188827,                 0,                 0,                 0,      -2.311612368,      0.3709920847,      -1.460188827,                 0,      -3.935902915,   8.059044768e-09,    2.20837671e-07,                 0
          0,           0,          89,      -7.287571757,      -5.846397414,      -6.342111016,      -4.427975473,      -8.111318624,      -4.886240423,      -6.184233898,     -0.9926754304,         100,      -3.558795809,             100,      -4.800144346,                6,      -6.018875505,     0.01465112438,       2.750823347,               400,               400,               400,     0.07211527163,      0.3710135255,      -1.460310455,                 0,                 0,                 0,      -2.311813622,      0.3710135255,      -1.460310455,                 0,      -3.936003285,   6.774565427e-09,   1.919611329e-07,                 0
          0,           0,          90,      -7.319915286,      -5.874376776,      -6.379055938,      -4.460318876,      -8.145096636,      -4.916946569,      -6.191106135,      -1.022079886,         100,      -3.538131582,             100,      -4.657316989,                6,      -6.027487227,     0.01482516443,       2.750748775,               400,               400,               400,     0.07211527163,      0.3710327069,      -1.460414706,                 0,                 0,                 0,      -2.311980959,      0.3710327069,      -1.460414706,                 0,      -3.936080779,   6.118751129e-09,   1.652585686e-07,                 0
          0,           0,          91,      -7.356202393,      -5.902005222,      -6.419018787,      -4.496605984,       -8.17920826,      -4.950874997,      -6.197916256,       -1.05287769,         100,      -3.527613249,             100,      -4.871966611,                6,      -6.035677501,     0.01500379634,       2.750688749,               400,               400,               400,     0.07211527163,       0.371046028,      -1.460487009,                 0,                 0,                 0,      -2.312104538,       0.371046028,      -1.460487009,                 0,      -3.936134332,   4.885454428e-09,   1.431761396e-07,                 0
          0,           0,          92,      -7.396339427,       -5.92892798,      -6.461794348,      -4.536742934,      -8.213396453,      -4.987972674,      -6.204653262,      -1.084999928,         100,      -3.498028814,             100,      -4.502070059,                6,      -6.046921644,     0.01518133514,       2.750643054,               400,               400,               400,     0.07211527163,       0.371056476,      -1.460540369,                 0,                 0,                 0,      -2.312190832,       0.371056476,      -1.460540369,                 0,      -3.936167305,   4.237547464e-09,   1.217035786e-07,                 0
          0,           0,          93,      -7.440059301,      -5.954886701,      -6.507085743,      -4.580462758,      -8.247262284,      -5.028142302,      -6.211386713,      -1.118813746,         100,      -3.473916001,             100,      -4.662502929,                6,      -6.057451397,     0.01535317671,       2.750614144,               400,               400,               400,     0.07211527163,      0.3710612956,      -1.460564424,                 0,                 0,                 0,      -2.312236826,      0.3710612956,      -1.460564424,                 0,      -3.936181007,   3.960516802e-09,    1.07918206e-07,                 0
          0,           0,          94,       -7.48704612,      -5.979732696,      -6.554471849,      -4.627449558,      -8.280704819,      -5.071015304,       -6.21799188,       -1.15459093,         100,      -3.459305084,             100,       -4.37795333,                6,      -6.068924477,     0.01551591872,       2.750599366,               400,               400,               400,     0.07211527163,      0.3710639312,      -1.460574249,                 0,                 0,                 0,      -2.312253361,      0.3710639312,      -1.460574249,                 0,      -3.936179526,   3.067894086e-09,   9.283186578e-08,                 0
          0,           0,          95,       -7.53667228,      -6.003396901,      -6.603322393,      -4.677075878,      -8.313694332,      -5.116302248,      -6.224508244,      -1.192145456,         100,      -3.424403362,             100,      -4.600566578,                6,      -6.081427788,     0.01522981334,       2.750599031,               400,               400,               400,     0.07211527163,      0.3710621125,      -1.460561285,                 0,                 0,                 0,      -2.312240308,      0.3710621125,      -1.460561285,                 0,      -3.936163881,   2.501418634e-09,   7.868071212e-08,                 0
          0,           0,          96,      -7.588146916,      -6.025996092,      -6.652915717,      -4.728550377,      -8.346479779,      -5.163358688,      -6.230931619,      -1.231433242,         100,      -3.417028165,             100,      -4.503691873,                6,      -6.095493909,     0.01484865295,       2.750609111,               400,               400,               400,     0.07211527163,      0.3710594419,      -1.460541814,                 0,                 0,                 0,      -2.312209813,      0.3710594419,      -1.460541814,                 0,      -3.936139737,   2.187973301e-09,   6.788384585e-08,                 0
          0,           0,          97,      -7.640216269,      -6.047678088,      -6.702300666,      -4.780619766,      -8.379588108,      -5.211466628,      -6.237263206,      -1.272551103,         100,      -3.376705002,             100,      -4.817803398,                6,       -6.11021398,     0.01454064263,       2.750628918,               400,               400,               400,     0.07211527163,      0.3710535772,      -1.460507002,                 0,                 0,                 0,      -2.312161353,      0.3710535772,      -1.460507002,                 0,       -3.93610813,   1.751926049e-09,   5.860653008e-08,                 0
          0,           0,          98,      -7.691381247,      -6.068725899,      -6.750482791,      -4.831784881,       -8.41313309,      -5.259388798,      -6.243500396,       -1.31570914,         100,      -3.380140041,             100,      -4.398869632,                6,       -6.12272526,     0.01429588029,       2.750654204,               400,               400,               400,     0.07211527163,      0.3710479571,      -1.460472215,                 0,                 0,                 0,      -2.312105861,      0.3710479571,      -1.460472215,                 0,      -3.936073995,   1.583454781e-09,   4.965073516e-08,                 0
          0,           0,          99,      -7.739864372,      -6.089468347,      -6.796489895,      -4.880268012,      -8.446870164,      -5.305905752,      -6.249661661,      -1.360853269,         100,      -3.338622565,             100,      -4.453141116,                6,      -6.131940169,     0.01410574893,       2.750684392,               400,               400,               400,     0.07211527163,      0.3710401034,      -1.460427504,                 0,                 0,                 0,      -2.312041013,      0.3710401034,      -1.460427504,                 0,      -3.936036808,    1.31727552e-09,    4.19322656e-08,                 0
          0,           0,         100,      -7.783953877,      -6.110234571,      -6.839493672,       -4.92435759,      -8.481423521,      -5.349863006,      -6.255726287,      -1.407863392,         100,      -3.330288191,             100,      -4.433669489,                6,      -6.136952462,     0.01396270929,       2.750716135,               400,               400,               400,     0.07211527163,      0.3710332746,      -1.460387215,                 0,                 0,                 0,      -2.311976176,      0.3710332746,      -1.460387215,                 0,      -3.936000663,   1.269352121e-09,   3.663079419e-08,                 0
          0,           0,         101,      -7.822360754,      -6.131330047,      -6.879052122,      -4.962764636,      -8.518219909,      -5.390113543,      -6.261713204,      -1.456659795,         100,      -3.309136539,             100,      -4.268310709,                6,      -6.136165269,       0.013860106,       2.750749666,               400,               400,               400,     0.07211527163,      0.3710247929,      -1.460340094,                 0,                 0,                 0,      -2.311906996,      0.3710247929,      -1.460340094,                 0,      -3.935963639,   9.758200623e-10,   3.054582521e-08,                 0
          0,           0,         102,      -7.854691606,      -6.153097193,      -6.915177302,      -4.995095199,      -8.556889622,      -5.425809675,      -6.267604732,      -1.507200714,         100,      -3.309044035,             100,      -4.266400771,                6,      -6.129465196,     0.01379211085,       2.750782355,               400,               400,               400,     0.07211527163,      0.3710177519,      -1.460299845,                 0,                 0,                 0,      -2.311841579,      0.3710177519,      -1.460299845,                 0,      -3.935929851,   9.698034789e-10,   2.578603961e-08,                 0
          0,           0,         103,      -7.881470797,      -6.175738465,      -6.948263665,      -5.021874681,      -8.595773465,      -5.456798642,      -6.273428109,      -1.559447033,         100,      -3.291419843,             100,      -4.583655328,                6,      -6.115234239,     0.01375355046,       2.750814784,               400,               400,               400,     0.07211527163,      0.3710093557,      -1.460254385,                 0,                 0,                 0,      -2.311774255,      0.3710093557,      -1.460254385,                 0,      -3.935896395,   1.059290524e-09,   2.305161005e-08,                 0
          0,           0,         104,      -7.903967824,      -6.199505072,      -6.979059865,      -5.044371643,      -8.635066222,      -5.483535459,      -6.279167822,      -1.613400013,         100,      -3.301258964,             100,      -4.522838022,                6,      -6.097334241,      0.0137397717,       2.750845229,               400,               400,               400,     0.07211527163,      0.3710026231,      -1.460216832,                 0,                 0,                 0,      -2.311712609,      0.3710026231,      -1.460216832,                 0,      -3.935866599,   9.796819728e-10,   1.924237256e-08,                 0
          0,           0,         105,      -7.923806856,      -6.224495996,       -7.00838928,      -5.064210501,      -8.677104685,      -5.506656826,      -6.284869839,      -1.668838225,         100,       -3.32717675,             100,      -4.428664033,                6,      -6.073015062,     0.01374657122,       2.750874879,               400,               400,               400,     0.07211527163,      0.3709946971,      -1.460174512,                 0,                 0,                 0,      -2.311650034,      0.3709946971,      -1.460174512,                 0,      -3.935836611,   6.846443766e-10,   1.712793798e-08,                 0
          0,           0,         106,      -7.942455252,      -6.250876135,      -7.037126504,      -5.082859016,      -8.720204327,      -5.527207888,      -6.290520593,      -1.725752505,         100,      -3.332540886,             100,      -4.472046234,                6,      -6.044072993,     0.01377013565,       2.750902237,               400,               400,               400,     0.07211527163,      0.3709885653,      -1.460140773,                 0,                 0,                 0,      -2.311594012,      0.3709885653,      -1.460140773,                 0,      -3.935810721,    5.70329109e-10,     1.4725683e-08,                 0
          0,           0,         107,      -7.961167606,      -6.278610164,      -7.065889354,      -5.101571337,      -8.760061736,      -5.546258682,      -6.296144693,      -1.784107258,         100,      -3.356471747,             100,      -4.590604899,                6,      -6.009805502,      0.0138070055,       2.750928328,               400,               400,               400,     0.07211527163,      0.3709813142,      -1.460102675,                 0,                 0,                 0,      -2.311537516,      0.3709813142,      -1.460102675,                 0,      -3.935784954,   3.747226185e-10,    1.22785321e-08,                 0
          0,           0,         108,      -7.980683427,      -6.307779224,      -7.095155902,      -5.121087197,      -8.796552403,      -5.564902905,      -6.301737446,      -1.843699591,         100,      -3.368356465,             100,       -4.86332765,                7,      -6.611366225,     0.01385406237,       2.750952062,               400,               400,               400,     0.07211527163,      0.3709759011,      -1.460073239,                 0,                 0,                 0,      -2.311488029,      0.3709759011,      -1.460073239,                 0,      -3.935763037,   3.060303118e-10,   1.115901191e-08,                 0
          0,           0,         109,      -8.001498766,      -6.338289748,       -7.12514688,      -5.141902401,      -8.834453445,      -5.583577221,      -6.307326286,      -1.904135864,         100,       -3.38248768,             100,      -4.509667009,                7,      -6.569693497,     0.01365231775,        2.75097475,               400,               400,               400,     0.07211527163,      0.3709694197,      -1.460039308,                 0,                 0,                 0,      -2.311438156,      0.3709694197,      -1.460039308,                 0,      -3.935740336,   1.933131772e-10,   9.237575264e-09,                 0
          0,           0,         110,      -8.023660877,      -6.370129004,      -7.155921515,      -5.164064629,      -8.870939565,      -5.602877268,      -6.312907141,       -1.96520533,         100,        -3.3971806,             100,      -4.808877726,                7,      -6.527952919,     0.01329001274,       2.750995251,               400,               400,               400,     0.07211527163,      0.3709648158,      -1.460014288,                 0,                 0,                 0,      -2.311395452,      0.3709648158,      -1.460014288,                 0,      -3.935721734,   2.857751872e-10,    1.17031518e-08,                 0
          0,           0,         111,      -8.047140858,      -6.403210243,      -7.187331191,      -5.187544591,      -8.899651535,      -5.623000666,      -6.318500049,      -2.026513609,         100,      -3.408469984,             100,      -5.047449386,                7,      -6.492422435,     0.01297048334,       2.751014573,               400,               400,               400,     0.07211527163,      0.3709591504,      -1.459984917,                 0,                 0,                 0,      -2.311352376,      0.3709591504,      -1.459984917,                 0,      -3.935702666,   2.212347356e-10,   6.109085919e-09,                 0
          0,           0,         112,      -8.071606311,      -6.437450127,      -7.219076018,      -5.212010116,      -8.922105914,      -5.644296176,      -6.324098798,      -2.087541358,         100,      -3.421036977,             100,      -4.645746222,                7,      -6.455582751,     0.01269073417,       2.751031812,               400,               400,               400,     0.07211527163,      0.3709553325,      -1.459964241,                 0,                 0,                 0,      -2.311316427,      0.3709553325,      -1.459964241,                 0,      -3.935687436,   1.304898758e-10,   5.984651017e-09,                 0
          0,           0,         113,      -8.096740506,      -6.472762922,      -7.250804042,      -5.237144138,      -8.947046185,      -5.666525042,      -6.329720275,      -2.147646051,         100,      -3.426952937,             100,      -4.708948214,                7,      -6.420123753,     0.01244776568,       2.751048209,               400,               400,               400,     0.07211527163,       0.370950436,      -1.459938847,                 0,                 0,                 0,      -2.311279786,       0.370950436,      -1.459938847,                 0,      -3.935670929,   1.490847033e-10,   6.567918773e-09,                 0
          0,           0,         114,      -8.122144416,      -6.509050589,      -7.282143744,      -5.262548118,      -8.971019823,      -5.689800181,      -6.335355036,      -2.206111853,         100,      -3.451310106,             100,      -4.826770292,                7,      -6.389498691,     0.01223857104,       2.751062771,               400,               400,               400,     0.07211527163,      0.3709473621,      -1.459922109,                 0,                 0,                 0,       -2.31124998,      0.3709473621,      -1.459922109,                 0,       -3.93565842,   3.038469776e-12,   1.077440407e-08,                 0
          0,           0,         115,      -8.147481778,      -6.546278566,      -7.312758586,      -5.287885449,      -8.986957535,      -5.713948415,      -6.341015103,      -2.262050511,         100,      -3.458416214,             100,      -5.157003205,                7,      -6.362970106,     0.01206017816,       2.751076482,               400,               400,               400,     0.07211527163,      0.3709431612,      -1.459900567,                 0,                 0,                 0,      -2.311219141,      0.3709431612,      -1.459900567,                 0,      -3.935644919,  -2.349942279e-10,   1.144548592e-08,                 0
          0,           0,         116,      -8.172443746,      -6.584351148,      -7.342347688,      -5.312847507,      -8.997767216,      -5.739093515,      -6.346687323,      -2.314588207,         100,      -3.482264426,             100,      -4.951709081,                7,      -6.337855482,     0.01190973045,       2.751088519,               400,               400,               400,     0.07211527163,      0.3709407097,      -1.459887283,                 0,                 0,                 0,      -2.311194752,      0.3709407097,      -1.459887283,                 0,      -3.935635114,   -2.65122783e-10,   1.019885306e-08,                 0
          0,           0,         117,      -8.196844989,      -6.623215316,      -7.370803968,      -5.337248695,      -9.013531876,      -5.764931444,      -6.352378364,      -2.362864892,         100,      -3.475900736,             100,      -5.486238953,                7,      -6.328174462,     0.01178450334,       2.751100064,               400,               400,               400,     0.07211527163,       0.370937083,      -1.459868731,                 0,                 0,                 0,       -2.31116881,       0.370937083,      -1.459868731,                 0,      -3.935623582,  -1.252557197e-10,   4.835547473e-09,                 0
          0,           0,         118,      -8.220766207,      -6.662868465,      -7.398236951,      -5.361169931,      -9.029711368,      -5.791595663,      -6.358040453,      -2.406472765,         100,      -3.483387912,             100,      -5.048753283,                7,      -6.318013928,     0.01168186742,       2.751110204,               400,               400,               400,     0.07211527163,      0.3709351609,      -1.459858276,                 0,                 0,                 0,      -2.311148866,      0.3709351609,      -1.459858276,                 0,       -3.93561579,  -2.582633535e-10,   1.183766715e-08,                 0
          0,           0,         119,      -8.244297832,      -6.703301385,      -7.424855106,      -5.384701442,       -9.03916515,      -5.818975869,       -6.36375295,      -2.445194982,         100,      -3.489704352,             100,      -5.635040118,                7,      -6.308734595,     0.01159936886,       2.751119902,               400,               400,               400,     0.07211527163,      0.3709320122,      -1.459842414,                 0,                 0,                 0,      -2.311126976,      0.3709320122,      -1.459842414,                 0,      -3.935606435,  -2.553087268e-10,   1.253565405e-08,                 0
          0,           0,         120,      -8.267754308,      -6.744539075,      -7.450986441,      -5.408157987,      -9.044608013,      -5.847325623,      -6.369510441,      -2.479442815,         100,      -3.495085035,             100,      -4.812590841,                7,      -6.312407659,      0.0115347332,       2.751128354,               400,               400,               400,     0.07211527163,      0.3709305015,      -1.459834282,                 0,                 0,                 0,      -2.311110699,      0.3709305015,      -1.459834282,                 0,      -3.935600541,  -1.730705598e-10,   6.892886297e-09,                 0
          0,           0,         121,      -8.291463451,       -6.78659581,      -7.477083703,      -5.431867136,      -9.055511138,      -5.876519164,      -6.375299935,      -2.509740191,         100,       -3.50406692,             100,      -5.126654196,                7,      -6.313453619,     0.01148583817,       2.751136652,               400,               400,               400,     0.07211527163,      0.3709277272,      -1.459820372,                 0,                 0,                 0,      -2.311092053,      0.3709277272,      -1.459820372,                 0,      -3.935592474,  -2.379593595e-10,    8.02072915e-09,                 0
          0,           0,         122,      -8.315879575,       -6.82954791,       -7.50368993,      -5.456283358,      -9.067079286,      -5.906798908,      -6.381113824,      -2.537148968,         100,      -3.512727454,             100,      -4.646428637,                7,       -6.32805525,     0.01145071876,       2.751143906,               400,               400,               400,     0.07211527163,      0.3709265616,       -1.45981408,                 0,                 0,                 0,      -2.311078689,      0.3709265616,       -1.45981408,                 0,      -3.935587879,  -2.141550846e-10,   1.280143195e-08,                 0
          0,           0,         123,      -8.341413797,      -6.873425448,      -7.531272433,      -5.481817433,      -9.073252665,      -5.938224417,      -6.386963549,      -2.562461029,         100,      -3.523341624,             100,      -4.961561654,                7,        -6.3541915,      0.0114275451,       2.751151026,               400,               400,               400,     0.07211527163,      0.3709240985,      -1.459801927,                 0,                 0,                 0,      -2.311062691,      0.3709240985,      -1.459801927,                 0,      -3.935581249,  -1.257208826e-10,   7.073136911e-09,                 0
          0,           0,         124,      -8.368526233,      -6.918273865,      -7.560254245,      -5.508929862,       -9.07618905,      -5.971133022,      -6.392836618,      -2.586757445,         100,      -3.530296548,             100,      -4.862397409,                7,      -6.355772366,     0.01141462392,       2.751157189,               400,               400,               400,     0.07211527163,      0.3709232022,      -1.459797149,                 0,                 0,                 0,      -2.311051738,      0.3709232022,      -1.459797149,                 0,      -3.935577879,  -9.066386088e-11,   7.461532068e-09,                 0
          0,           0,         125,      -8.397560333,      -6.964134079,      -7.591057227,       -5.53796398,      -9.084252387,      -6.005449066,       -6.39874124,      -2.610537353,         100,      -3.542330118,             100,       -4.97751632,                7,      -6.365189711,     0.01141039301,       2.751163397,               400,               400,               400,     0.07211527163,      0.3709209891,       -1.45978627,                 0,                 0,                 0,      -2.311037892,      0.3709209891,       -1.45978627,                 0,      -3.935572032,   2.643761004e-11,   6.731976434e-09,                 0
          0,           0,         126,      -8.428956504,      -7.011006936,      -7.624079177,      -5.569360235,       -9.09302591,      -6.041467666,      -6.404697911,       -2.63466048,         100,       -3.55247669,             100,      -5.145076428,                7,      -6.384103589,     0.01141341412,       2.751168761,               400,               400,               400,     0.07211527163,      0.3709203296,      -1.459782723,                 0,                 0,                 0,      -2.311028902,      0.3709203296,      -1.459782723,                 0,      -3.935569466,   2.776059737e-11,   9.422925528e-09,                 0
          0,           0,         127,      -8.462943307,      -7.058842283,      -7.659570056,      -5.603346903,      -9.098022751,      -6.079208067,      -6.410699178,      -2.659303138,         100,      -3.559657542,             100,       -4.82300848,                7,      -6.389962833,      0.0114223708,       2.751174151,               400,               400,               400,     0.07211527163,       0.370918336,      -1.459773049,                 0,                 0,                 0,      -2.311016877,       0.370918336,      -1.459773049,                 0,      -3.935564536,   4.574440225e-11,    7.48667392e-09,                 0
          0,           0,         128,      -8.499949061,      -7.107533397,      -7.697727144,      -5.640352721,      -9.100613408,      -6.118884047,      -6.416736441,      -2.685055621,         100,      -3.565408133,             100,      -4.837156096,                7,      -6.381310058,     0.01143606709,       2.751178727,               400,               400,               400,     0.07211527163,      0.3709178718,      -1.459770561,                 0,                 0,                 0,      -2.311009585,      0.3709178718,      -1.459770561,                 0,      -3.935562754,   2.042270553e-11,   8.544821119e-09,                 0
          0,           0,         129,      -8.540158954,      -7.156912356,      -7.738710402,      -5.680562617,      -9.107848645,      -6.160278456,      -6.422815512,      -2.711711623,         100,      -3.570630866,             100,      -4.888849248,                7,      -6.396339027,     0.01145342736,        2.75118343,               400,               400,               400,     0.07211527163,      0.3709160658,      -1.459761798,                 0,                 0,                 0,       -2.31099911,      0.3709160658,      -1.459761798,                 0,      -3.935558291,   2.353679609e-10,   1.336973758e-08,                 0
          0,           0,         130,      -8.583981699,      -7.206646746,      -7.782675977,      -5.724385312,      -9.115745598,       -6.20354272,      -6.428927944,       -2.73962171,         100,      -3.568727829,             100,      -5.315384248,                7,      -6.388604208,     0.01147349492,        2.75118738,               400,               400,               400,     0.07211527163,      0.3709157858,      -1.459760218,                 0,                 0,                 0,      -2.310993275,      0.3709157858,      -1.459760218,                 0,      -3.935557003,   2.489223944e-10,   1.426595323e-08,                 0
          0,           0,         131,      -8.631609289,       -7.25635815,      -7.829635778,      -5.772012908,      -9.121204743,      -6.248343185,      -6.435077839,      -2.768385696,         100,      -3.570406314,             100,      -5.138413327,                7,       -6.38770234,     0.01149543031,       2.751191425,               400,               400,               400,     0.07211527163,      0.3709141554,      -1.459752363,                 0,                 0,                 0,      -2.310984183,      0.3709141554,      -1.459752363,                 0,      -3.935553124,   1.512321585e-10,   1.076526821e-08,                 0
          0,           0,         132,      -8.683549141,      -7.305441261,      -7.879422124,      -5.823952767,      -9.124714734,      -6.294642871,      -6.441255635,      -2.798231709,         100,      -3.568212984,             100,      -5.071028657,                7,      -6.371827384,     0.01151850704,       2.751194724,               400,               400,               400,     0.07211527163,      0.3709140373,      -1.459751606,                 0,                 0,                 0,      -2.310979669,      0.3709140373,      -1.459751606,                 0,      -3.935552336,   7.877799818e-11,   1.246150811e-08,                 0
          0,           0,         133,      -8.739888846,      -7.353203402,      -7.931723949,      -5.880292467,      -9.132184564,      -6.341484221,      -6.447463892,      -2.828625154,         100,      -3.561751717,             100,      -5.081498951,                7,      -6.366575753,      0.0115421094,       2.751198179,               400,               400,               400,     0.07211527163,      0.3709125647,      -1.459744477,                 0,                 0,                 0,      -2.310971806,      0.3709125647,      -1.459744477,                 0,      -3.935548742,   1.734380321e-11,    7.59018213e-09,                 0
          0,           0,         134,      -8.801232227,      -7.398863565,      -7.986167506,      -5.941635924,      -9.139925614,       -6.38865934,      -6.453692231,      -2.859629101,         100,      -3.542677907,             100,       -5.03580072,                7,      -6.347652836,     0.01156572582,       2.751200926,               400,               400,               400,     0.07211527163,      0.3709126034,      -1.459744454,                 0,                 0,                 0,      -2.310968469,      0.3709126034,      -1.459744454,                 0,      -3.935548267,  -5.599769558e-11,   8.863787405e-09,                 0
          0,           0,         135,      -8.867643029,      -7.441550776,      -8.041791408,      -6.008046735,      -9.146002054,      -6.434542031,      -6.459941414,      -2.890824981,         100,      -3.523527116,             100,      -5.306078514,                7,      -6.339138953,     0.01158894238,       2.751203806,               400,               400,               400,     0.07211527163,      0.3709112814,       -1.45973806,                 0,                 0,                 0,      -2.310961732,      0.3709112814,       -1.45973806,                 0,      -3.935545057,   4.115469568e-11,   9.936170887e-09,                 0
          0,           0,         136,      -8.939677183,      -7.480497478,      -8.097174365,      -6.080080773,      -9.150115254,      -6.478630336,      -6.466200814,      -2.922104951,         100,      -3.505649875,             100,       -5.14280057,                7,      -6.319523043,     0.01161143471,       2.751205983,               400,               400,               400,     0.07211527163,      0.3709114606,      -1.459738712,                 0,                 0,                 0,      -2.310959478,      0.3709114606,      -1.459738712,                 0,      -3.935544914,   1.883667531e-10,   7.038683664e-09,                 0
          0,           0,         137,      -9.016968616,      -7.515188414,      -8.150338156,      -6.157372302,      -9.157334964,      -6.518281472,      -6.472470491,      -2.952796826,         100,      -3.484892886,             100,       -5.58826036,                7,      -6.312315119,     0.01163295803,       2.751208341,               400,               400,               400,     0.07211527163,       0.370910275,      -1.459732926,                 0,                 0,                 0,      -2.310953757,       0.370910275,      -1.459732926,                 0,      -3.935541895,   3.583603639e-10,   1.091812168e-08,                 0
