0.99980552,-0.01972094,0.0
0.99956136,-0.01967612,0.0
0.99882885,-0.01954265,0.0
0.99760799,-0.01932053,0.0
0.99590079,-0.01900980,0.0
0.99370822,-0.01861148,0.0
0.99103328,-0.01812563,0.0
0.98787891,-0.01755532,0.0
0.98424616,-0.01689855,0.0
0.98014094,-0.01615945,0.0
0.97556524,-0.01533805,0.0
0.97052506,-0.01443548,0.0
0.96502433,-0.01345481,0.0
0.95906905,-0.01239616,0.0
0.95266416,-0.01126263,0.0
0.94581660,-0.01005735,0.0
0.93853236,-0.00878045,0.0
0.93082042,-0.00743410,0.0
0.92268567,-0.00602240,0.0
0.91413812,-0.00454655,0.0
0.90518468,-0.00300968,0.0
0.89583533,-0.00141399,0.0
0.88609801,0.00023736,0.0
0.87598368,0.00194315,0.0
0.86550127,0.00369922,0.0
0.85466074,0.00550336,0.0
0.84347305,0.00735335,0.0
0.83194911,0.00924498,0.0
0.82010091,0.01117701,0.0
0.80793936,0.01314523,0.0
0.79547642,0.01514740,0.0
0.78272503,0.01718027,0.0
0.76969613,0.01924061,0.0
0.75640366,0.02132515,0.0
0.74286058,0.02343265,0.0
0.72907981,0.02555783,0.0
0.71507530,0.02769843,0.0
0.70086101,0.02985217,0.0
0.68644984,0.03201379,0.0
0.67185676,0.03418200,0.0
0.65709570,0.03635252,0.0
0.64218058,0.03852209,0.0
0.62712734,0.04068637,0.0
0.61194994,0.04284410,0.0
0.59666328,0.04498999,0.0
0.58128231,0.04712073,0.0
0.56582198,0.04923403,0.0
0.55029819,0.05132458,0.0
0.53472489,0.05339010,0.0
0.51911901,0.05542626,0.0
0.50349349,0.05742980,0.0
0.48786623,0.05939637,0.0
0.47225020,0.06132371,0.0
0.45666230,0.06320648,0.0
0.44111646,0.06504142,0.0
0.42562865,0.06682620,0.0
0.41021378,0.06855653,0.0
0.39488778,0.07022910,0.0
0.37963457,0.07183922,0.0
0.36444072,0.07336615,0.0
0.34931980,0.07478663,0.0
0.33429029,0.07607528,0.0
0.31936576,0.07720982,0.0
0.30456381,0.07816992,0.0
0.28990206,0.07893521,0.0
0.27539920,0.07949133,0.0
0.26107292,0.07982092,0.0
0.24694400,0.07991357,0.0
0.23302922,0.07975796,0.0
0.21935147,0.07934761,0.0
0.20592864,0.07867719,0.0
0.19278272,0.07774626,0.0
0.17993272,0.07655445,0.0
0.16739974,0.07510733,0.0
0.15520289,0.07340953,0.0
0.14336237,0.07147166,0.0
0.13189742,0.06930534,0.0
0.12082529,0.06692323,0.0
0.11016333,0.06434299,0.0
0.09992889,0.06158228,0.0
0.09013536,0.05865985,0.0
0.08079919,0.05559938,0.0
0.07193077,0.05242065,0.0
0.06354361,0.04914842,0.0
0.05564715,0.04580549,0.0
0.04824986,0.04241572,0.0
0.04136124,0.03900390,0.0
0.03498673,0.03559295,0.0
0.02913179,0.03220576,0.0
0.02379988,0.02886526,0.0
0.01899638,0.02559135,0.0
0.01472169,0.02240403,0.0
0.01097717,0.01932128,0.0
0.00776415,0.01636007,0.0
0.00508090,0.01353443,0.0
0.00292671,0.01085839,0.0
0.00129974,0.00834099,0.0
0.00019819,0.00599126,0.0
-0.00038383,0.00381531,0.0
-0.00044823,0.00181819,0.0
0.00000000,0.00000000,0.0
0.00094532,-0.00161596,0.0
0.00237311,-0.00300939,0.0
0.00427630,-0.00418515,0.0
0.00664973,-0.00515014,0.0
0.00948429,-0.00591019,0.0
0.01277479,-0.00647519,0.0
0.01651199,-0.00685697,0.0
0.02068767,-0.00706635,0.0
0.02529456,-0.00711722,0.0
0.03032341,-0.00702237,0.0
0.03576588,-0.00679866,0.0
0.04161370,-0.00645992,0.0
0.04785853,-0.00602299,0.0
0.05449106,-0.00550369,0.0
0.06150396,-0.00491887,0.0
0.06888989,-0.00428541,0.0
0.07663953,-0.00361911,0.0
0.08474760,-0.00293487,0.0
0.09320674,-0.00225056,0.0
0.10201070,-0.00157905,0.0
0.11115317,-0.00093523,0.0
0.12063091,-0.00033202,0.0
0.13043664,0.00021671,0.0
0.14056716,0.00070102,0.0
0.15101928,0.00111097,0.0
0.16178778,0.00143567,0.0
0.17286852,0.00166819,0.0
0.18425936,0.00180158,0.0
0.19595524,0.00183193,0.0
0.20795304,0.00175431,0.0
0.22024677,0.00156883,0.0
0.23283242,0.00127457,0.0
0.24570399,0.00087266,0.0
0.25885558,0.00036720,0.0
0.27227930,-0.00023565,0.0
0.28596928,-0.00092976,0.0
0.29991372,-0.00170391,0.0
0.31410586,-0.00254696,0.0
0.32853394,-0.00344567,0.0
0.34318627,-0.00438481,0.0
0.35805018,-0.00534713,0.0
0.37311404,-0.00631439,0.0
0.38836327,-0.00726430,0.0
0.40375324,-0.00817798,0.0
0.41924107,-0.00904959,0.0
0.43480872,-0.00987976,0.0
0.45044219,-0.01066922,0.0
0.46612546,-0.01141865,0.0
0.48184450,-0.01212979,0.0
0.49758126,-0.01280426,0.0
0.51332076,-0.01344078,0.0
0.52904795,-0.01404305,0.0
0.54474680,-0.01461076,0.0
0.56040232,-0.01514461,0.0
0.57599746,-0.01564626,0.0
0.59151821,-0.01611643,0.0
0.60694852,-0.01655682,0.0
0.62227341,-0.01696712,0.0
0.63747682,-0.01735002,0.0
0.65254374,-0.01770522,0.0
0.66746017,-0.01803345,0.0
0.68221108,-0.01833541,0.0
0.69678043,-0.01861379,0.0
0.71115522,-0.01886732,0.0
0.72532043,-0.01909772,0.0
0.73926202,-0.01930670,0.0
0.75296699,-0.01949401,0.0
0.76642133,-0.01966037,0.0
0.77961099,-0.01980752,0.0
0.79252299,-0.01993518,0.0
0.80514527,-0.02004512,0.0
0.81746484,-0.02013809,0.0
0.82946966,-0.02021485,0.0
0.84114672,-0.02027615,0.0
0.85248600,-0.02032278,0.0
0.86347548,-0.02035651,0.0
0.87410414,-0.02037712,0.0
0.88436193,-0.02038742,0.0
0.89423787,-0.02038618,0.0
0.90372291,-0.02037623,0.0
0.91280703,-0.02035837,0.0
0.92148123,-0.02033243,0.0
0.92973647,-0.02030023,0.0
0.93756572,-0.02026362,0.0
0.94496097,-0.02022245,0.0
0.95191320,-0.02017755,0.0
0.95841737,-0.02013181,0.0
0.96446649,-0.02008409,0.0
0.97005352,-0.02003627,0.0
0.97517344,-0.01998923,0.0
0.97982222,-0.01994490,0.0
0.98399387,-0.01990216,0.0
0.98768439,-0.01986193,0.0
0.99089069,-0.01982715,0.0
0.99360884,-0.01979575,0.0
0.99583679,-0.01976968,0.0
0.99757156,-0.01974789,0.0
0.99881209,-0.01973335,0.0
0.99955741,-0.01972405,0.0
0.99980552,-0.01972094,0.0
1.46421655,-0.38882937,0.0
1.45987447,-0.38274282,0.0
1.45548791,-0.37668861,0.0
1.45105713,-0.37066695,0.0
1.44658244,-0.36467804,0.0
1.44206409,-0.35872211,0.0
1.43750236,-0.35279935,0.0
1.43289755,-0.34690999,0.0
1.42824991,-0.34105423,0.0
1.42355973,-0.33523229,0.0
1.41882729,-0.32944438,0.0
1.41405287,-0.32369071,0.0
1.40923662,-0.31797164,0.0
1.40437857,-0.31228775,0.0
1.39947872,-0.30663961,0.0
1.39453709,-0.30102780,0.0
1.38955367,-0.29545292,0.0
1.38452847,-0.28991554,0.0
1.37946150,-0.28441624,0.0
1.37435276,-0.27895562,0.0
1.36920227,-0.27353424,0.0
1.36401001,-0.26815270,0.0
1.35877594,-0.26281170,0.0
1.35349976,-0.25751226,0.0
1.34818116,-0.25225548,0.0
1.34281982,-0.24704243,0.0
1.33741543,-0.24187420,0.0
1.33196769,-0.23675188,0.0
1.32647626,-0.23167654,0.0
1.32094084,-0.22664928,0.0
1.31536111,-0.22167117,0.0
1.30973676,-0.21674330,0.0
1.30406762,-0.21186670,0.0
1.29835384,-0.20704222,0.0
1.29259560,-0.20227075,0.0
1.28679309,-0.19755314,0.0
1.28094650,-0.19289025,0.0
1.27505602,-0.18828295,0.0
1.26912183,-0.18373208,0.0
1.26314413,-0.17923852,0.0
1.25712309,-0.17480312,0.0
1.25105891,-0.17042676,0.0
1.24495183,-0.16611034,0.0
1.23880211,-0.16185483,0.0
1.23261003,-0.15766122,0.0
1.22637586,-0.15353046,0.0
1.22009987,-0.14946354,0.0
1.21378235,-0.14546141,0.0
1.20742355,-0.14152506,0.0
1.20102377,-0.13765544,0.0
1.19458326,-0.13385354,0.0
1.18810234,-0.13012038,0.0
1.18158143,-0.12645720,0.0
1.17502096,-0.12286526,0.0
1.16842137,-0.11934584,0.0
1.16178311,-0.11590020,0.0
1.15510662,-0.11252962,0.0
1.14839232,-0.10923537,0.0
1.14164068,-0.10601872,0.0
1.13485211,-0.10288094,0.0
1.12802709,-0.09982327,0.0
1.12116624,-0.09684672,0.0
1.11427031,-0.09395213,0.0
1.10734004,-0.09114037,0.0
1.10037617,-0.08841229,0.0
1.09337944,-0.08576872,0.0
1.08635061,-0.08321054,0.0
1.07929041,-0.08073859,0.0
1.07219959,-0.07835371,0.0
1.06507888,-0.07605678,0.0
1.05792913,-0.07384930,0.0
1.05075133,-0.07173378,0.0
1.04354648,-0.06971287,0.0
1.03631558,-0.06778918,0.0
1.02905964,-0.06596533,0.0
1.02177966,-0.06424396,0.0
1.01447665,-0.06262769,0.0
1.00715160,-0.06111914,0.0
0.99980552,-0.05972094,0.0
0.99243944,-0.05843566,0.0
0.98505452,-0.05726541,0.0
0.97765201,-0.05621213,0.0
0.97023313,-0.05527776,0.0
0.96279914,-0.05446422,0.0
0.95535144,-0.05377483,0.0
0.94789235,-0.05321980,0.0
0.94042447,-0.05281148,0.0
0.93295041,-0.05256222,0.0
0.92547275,-0.05248436,0.0
0.91799477,-0.05258956,0.0
0.91052332,-0.05288574,0.0
0.90306642,-0.05337971,0.0
0.89562896,-0.05408738,0.0
0.88821034,-0.05504057,0.0
0.88081159,-0.05627357,0.0
0.87347178,-0.05783536,0.0
0.86626210,-0.05978732,0.0
0.85924696,-0.06219721,0.0
0.85237740,-0.06521963,0.0
0.84564451,-0.06907292,0.0
0.83972182,-0.07396650,0.0
0.83551461,-0.08010624,0.0
0.83381364,-0.08751725,0.0
0.83476838,-0.09521422,0.0
0.83828819,-0.10188652,0.0
0.84368450,-0.10709882,0.0
0.84984682,-0.11136088,0.0
0.85644827,-0.11490357,0.0
0.86330860,-0.11789578,0.0
0.87033244,-0.12046322,0.0
0.87746514,-0.12271027,0.0
0.88466913,-0.12471187,0.0
0.89192681,-0.12650818,0.0
0.89922378,-0.12813411,0.0
0.90655238,-0.12961385,0.0
0.91390633,-0.13096937,0.0
0.92127936,-0.13222265,0.0
0.92866520,-0.13339564,0.0
0.93605921,-0.13450619,0.0
0.94345991,-0.13556426,0.0
0.95086617,-0.13657885,0.0
0.95827689,-0.13755899,0.0
0.96569094,-0.13851367,0.0
0.97310733,-0.13945078,0.0
0.98052525,-0.14037663,0.0
0.98794391,-0.14129742,0.0
0.99536251,-0.14221936,0.0
1.00278025,-0.14314866,0.0
1.01019633,-0.14409152,0.0
1.01760995,-0.14505413,0.0
1.02502032,-0.14604271,0.0
1.03242664,-0.14706346,0.0
1.03982810,-0.14812248,0.0
1.04722379,-0.14922432,0.0
1.05461268,-0.15037226,0.0
1.06199377,-0.15156956,0.0
1.06936603,-0.15281947,0.0
1.07672846,-0.15412524,0.0
1.08408003,-0.15549013,0.0
1.09141973,-0.15691739,0.0
1.09874654,-0.15841027,0.0
1.10605946,-0.15997203,0.0
1.11335738,-0.16160575,0.0
1.12063886,-0.16331366,0.0
1.12790235,-0.16509771,0.0
1.13514627,-0.16695988,0.0
1.14236907,-0.16890211,0.0
1.14956918,-0.17092638,0.0
1.15674505,-0.17303465,0.0
1.16389512,-0.17522888,0.0
1.17101781,-0.17751103,0.0
1.17811158,-0.17988303,0.0
1.18517480,-0.18234612,0.0
1.19220580,-0.18490071,0.0
1.19920290,-0.18754718,0.0
1.20616443,-0.19028588,0.0
1.21308871,-0.19311719,0.0
1.21997405,-0.19604148,0.0
1.22681880,-0.19905912,0.0
1.23362126,-0.20217048,0.0
1.24037976,-0.20537593,0.0
1.24709281,-0.20867546,0.0
1.25375950,-0.21206787,0.0
1.26037905,-0.21555172,0.0
1.26695066,-0.21912558,0.0
1.27347355,-0.22278800,0.0
1.27994693,-0.22653754,0.0
1.28637001,-0.23037278,0.0
1.29274200,-0.23429226,0.0
1.29906211,-0.23829455,0.0
1.30532958,-0.24237821,0.0
1.31154394,-0.24654174,0.0
1.31770491,-0.25078361,0.0
1.32381221,-0.25510230,0.0
1.32986555,-0.25949627,0.0
1.33586466,-0.26396400,0.0
1.34180925,-0.26850396,0.0
1.34769904,-0.27311462,0.0
1.35353375,-0.27779444,0.0
1.35931310,-0.28254191,0.0
1.36503708,-0.28735535,0.0
1.37070645,-0.29223265,0.0
1.37632216,-0.29717162,0.0
1.38188512,-0.30217008,0.0
1.38739625,-0.30722585,0.0
1.39285649,-0.31233672,0.0
1.39826676,-0.31750053,0.0
1.40362798,-0.32271507,0.0
1.40894108,-0.32797817,0.0
1.41420698,-0.33328765,0.0
1.41942616,-0.33864194,0.0
1.42459824,-0.34404084,0.0
1.42972267,-0.34948427,0.0
1.43479896,-0.35497216,0.0
1.43982658,-0.36050444,0.0
1.44480501,-0.36608105,0.0
1.44973374,-0.37170191,0.0
1.45461225,-0.37736696,0.0
1.45944003,-0.38307614,0.0
1.46421655,-0.38882937,0.0
