"Iteration","CpT_flap2 Monitor: CpT_flap2 Monitor"
1.0,18.902517868137465
2.0,17.727887133273246
3.0,4.131398761407885
4.0,3.480328192454236
5.0,-0.20615312243451814
6.0,-1.7605634667176786
7.0,-1.8508596477850194
8.0,-2.3516088501718446
9.0,-2.5416303302040597
10.0,-2.494721062094779
11.0,-1.820302132956631
12.0,-0.520963759163929
13.0,-0.0520227702456497
14.0,0.2996141231728767
15.0,0.7161909544296481
16.0,0.7373552521788153
17.0,0.7575699359802336
18.0,0.623671886095722
19.0,0.5944235154166639
20.0,0.27757478274431574
21.0,0.05228251261580366
22.0,-0.06198083270917985
23.0,-0.08345982995768735
24.0,-0.18191415953234918
25.0,-0.18776341730209953
26.0,-0.1837742982887751
27.0,-0.17115790135377543
28.0,-0.15370885997138958
29.0,-0.13068627777902175
30.0,-0.08361789866544012
31.0,-0.060764198248830455
32.0,-0.011788767374492515
33.0,0.009944188613352797
34.0,0.05466515958529171
35.0,0.07374048827324547
36.0,0.09108900996798237
37.0,0.10452658974544907
38.0,0.113926129779015
39.0,0.11859631955538501
40.0,0.11905581047192287
41.0,0.11589906538548536
42.0,0.10944431174859405
43.0,0.09958474834329836
44.0,0.07767651727585072
45.0,0.06280411264365372
46.0,-0.03548038301331385
47.0,-0.04831577181929175
48.0,-0.05843779705387328
49.0,-0.0656924071160309
50.0,-0.07010748573708334
51.0,-0.0726359241089469
52.0,-0.07383017274886919
53.0,-0.07379100694130131
54.0,-0.07238049429650005
55.0,-0.07027869447272386
56.0,-0.06733076717358344
57.0,-0.06475787590385904
58.0,-0.061959164385571225
59.0,-0.05902755776456606
60.0,-0.056126682524545786
61.0,-0.05308135562872792
62.0,-0.05021351480933916
63.0,-0.0471953354552728
64.0,-0.0442079287194181
65.0,-0.04169820245758701
66.0,-0.03968116997987489
67.0,-0.037840536015216544
68.0,-0.03726141528007152
69.0,-0.03773622153324618
70.0,-0.03863476013459402
71.0,-0.04064554238322261
72.0,-0.04259131816704574
73.0,-0.04519595686756549
74.0,-0.048255640577369925
75.0,-0.0517961265686163
76.0,-0.05561303713861396
77.0,-0.0601080727258759
78.0,-0.06460581322572008
79.0,-0.06834165280260605
80.0,-0.07296134484989991
81.0,-0.07671933379818216
82.0,-0.08258551675466383
83.0,-0.0853315045874728
84.0,-0.08748000184860241
85.0,-0.09071442109701287
86.0,-0.09206924364097574
87.0,-0.09384281627822717
88.0,-0.09469122694244683
89.0,-0.09512523503744742
90.0,-0.09382207929771133
91.0,-0.09244349648371364
92.0,-0.08556365356046838
93.0,-0.08068016714619546
94.0,-0.07258215519679692
95.0,-0.06590683350807373
96.0,-0.054403336565887694
97.0,-0.05166995846275083
98.0,-0.043290765516059586
99.0,-0.042335207670485556
100.0,-0.041584015860918956
101.0,-0.042026783546911126
102.0,-0.046906445450412296
103.0,-0.04746300147414801
104.0,-0.0494218049018607
105.0,-0.05493140292545989
106.0,-0.058222917161467345
107.0,-0.06210716696987123
108.0,-0.06851165541599391
109.0,-0.07331134287536366
110.0,-0.080443103933022
111.0,-0.08544843103435872
112.0,-0.09523540478618484
113.0,-0.10047459578302775
114.0,-0.1116696818268956
115.0,-0.12209394797977081
116.0,-0.1274317143124451
117.0,-0.14651474394702135
118.0,-0.15041863430456864
119.0,-0.15506481580104048
120.0,-0.16069547272424714
121.0,-0.1639888812215257
122.0,-0.16744328873823666
123.0,-0.17341214346294062
124.0,-0.1757829976571734
125.0,-0.17782362647330618
126.0,-0.1794945046006743
127.0,-0.180553364674192
128.0,-0.181420681176354
129.0,-0.18170717304279155
130.0,-0.18194737803040548
131.0,-0.18231713517628645
132.0,-0.18281432589754393
133.0,-0.18350996411381146
134.0,-0.1845302825761141
135.0,-0.18539863434767384
136.0,-0.1861584807082866
137.0,-0.1869111634421344
138.0,-0.18743061638690126
139.0,-0.18770638778143375
140.0,-0.18721743533993715
141.0,-0.1866814779503529
142.0,-0.18572520921338131
143.0,-0.18511554349151824
144.0,-0.18504448641627286
145.0,-0.18501963428199442
146.0,-0.18546550541447585
147.0,-0.18621957372645237
148.0,-0.18723193111803008
149.0,-0.18866927762306734
150.0,-0.19062940960208463
151.0,-0.19284461492445282
152.0,-0.19540057703938565
153.0,-0.19805163880972085
154.0,-0.20095259509893398
155.0,-0.2040407371956126
156.0,-0.20726282650093228
157.0,-0.21035067306888852
158.0,-0.21344983910159698
159.0,-0.21839290900824462
160.0,-0.22067566362766197
161.0,-0.22258663506334858
162.0,-0.22520034243032966
163.0,-0.226291954004874
164.0,-0.22699003223135142
165.0,-0.22745014726433696
166.0,-0.22732065378620994
167.0,-0.22705730243077965
168.0,-0.22638832934138176
169.0,-0.2256776286999427
170.0,-0.22506661782850224
171.0,-0.2242539043196673
172.0,-0.22344040109379695
173.0,-0.22267666653193752
174.0,-0.22219049020505477
175.0,-0.2216152055598913
176.0,-0.22146268550893475
177.0,-0.22125413678417555
178.0,-0.22171243035602847
179.0,-0.2226580109665418
180.0,-0.22336785221624703
181.0,-0.2248988178649042
182.0,-0.22584113492264685
183.0,-0.22760125496545838
184.0,-0.22844920727139492
185.0,-0.22974550176511396
186.0,-0.2305221682268595
187.0,-0.2310747302319477
188.0,-0.23119088362521054
189.0,-0.23103370263695275
190.0,-0.23067594060441282
191.0,-0.2306854316406563
192.0,-0.22996016432428065
193.0,-0.2295020631724044
194.0,-0.22884319725008348
195.0,-0.22860809794532752
196.0,-0.22852798984621434
197.0,-0.22855013495590804
198.0,-0.22901826216460994
199.0,-0.2297397465461991
200.0,-0.23100701930999848
201.0,-0.2331099171699411
202.0,-0.23462370967705234
203.0,-0.23719834038350973
204.0,-0.23910455105947093
205.0,-0.241210019959676
206.0,-0.24426118973446218
207.0,-0.24644913966208226
208.0,-0.2486953009957938
209.0,-0.25097476035361366
210.0,-0.2531998575151592
211.0,-0.2560516037909752
212.0,-0.2578150984821054
213.0,-0.26001435010958196
214.0,-0.26182863467688083
215.0,-0.2629224947724367
216.0,-0.2645238500382705
217.0,-0.2654354379167475
218.0,-0.26667281720116265
219.0,-0.2676447571507634
220.0,-0.2692361796079091
221.0,-0.27057194032367005
222.0,-0.27213881019850117
223.0,-0.27463457304158
224.0,-0.27634024688366754
225.0,-0.27827919000189694
226.0,-0.2804673702840065
227.0,-0.2827573619205066
228.0,-0.28633981367490496
229.0,-0.28866287860757145
230.0,-0.2919558534644135
231.0,-0.2941603515452273
232.0,-0.2975862792356108
233.0,-0.2999600366112391
234.0,-0.30354867369496
235.0,-0.3051110668615611
236.0,-0.3084420257379125
237.0,-0.30984563025825307
238.0,-0.3120375831362301
239.0,-0.3140940445086091
240.0,-0.3153337959051047
241.0,-0.31793231296011215
242.0,-0.3187125115487934
243.0,-0.31956748460482937
244.0,-0.32094105506185805
245.0,-0.32126846774167067
246.0,-0.3217580565968103
247.0,-0.3217456850615445
248.0,-0.3195415802278545
249.0,-0.31893286403403276
250.0,-0.31517844959874874
251.0,-0.3141717086030117
252.0,-0.31252983068573537
253.0,-0.30973889040140573
254.0,-0.3063076672379438
255.0,-0.30510706036398516
256.0,-0.3015529056644329
257.0,-0.30043931845129196
258.0,-0.2991351523516217
259.0,-0.2971493286316615
260.0,-0.2964940837022954
261.0,-0.29559754643905906
262.0,-0.29540698391522185
263.0,-0.2954221883474816
264.0,-0.295483979220248
265.0,-0.2961832450012112
266.0,-0.29724850288686777
267.0,-0.29868699735151
268.0,-0.30048167326697517
269.0,-0.3025411100921261
270.0,-0.30482160457513024
271.0,-0.3074296991446568
272.0,-0.3102426039185397
273.0,-0.3132625491626771
274.0,-0.3197592379214958
275.0,-0.3212855431000664
276.0,-0.33096398764877827
277.0,-0.3320506993506379
278.0,-0.33326350488410866
279.0,-0.33520933886026116
280.0,-0.3377824891337509
281.0,-0.33867765423421053
282.0,-0.340822865645745
283.0,-0.34151868239242444
284.0,-0.3440858811333824
285.0,-0.34426680062475173
286.0,-0.34465991384955563
287.0,-0.34473558000072063
288.0,-0.3446737011878439
289.0,-0.34471802619590963
290.0,-0.34482796001852917
291.0,-0.3449082773050493
292.0,-0.3454600537784178
293.0,-0.3455414642125442
294.0,-0.34627774252493126
295.0,-0.3471205442711993
296.0,-0.3476650562803837
297.0,-0.3506477329733764
298.0,-0.35123584885569487
299.0,-0.352222811681867
300.0,-0.3543036080259084
301.0,-0.35765442692574245
302.0,-0.3608436242439856
303.0,-0.3639552369573491
304.0,-0.3698277149937864
305.0,-0.37083923934256896
306.0,-0.3728483553778376
307.0,-0.3749364714018935
308.0,-0.3772025758660886
309.0,-0.38134179587407735
310.0,-0.38232640858051464
311.0,-0.3842899600260822
312.0,-0.3863065473302391
313.0,-0.3883010822081443
314.0,-0.390271482993424
315.0,-0.3940392985792381
316.0,-0.3948244938256329
317.0,-0.3963799359408206
318.0,-0.39797913113405536
319.0,-0.39953339318503467
320.0,-0.4000836146213945
321.0,-0.4055096184063844
322.0,-0.40579259388424405
323.0,-0.4065170111338652
324.0,-0.40703982066423927
325.0,-0.40901359108926116
326.0,-0.4096026047099105
327.0,-0.41843579502358336
328.0,-0.418722359333395
329.0,-0.41963253778159626
330.0,-0.4199839825177884
331.0,-0.42154849245590825
332.0,-0.42213054666181493
333.0,-0.4283767994285664
334.0,-0.4287975135494751
335.0,-0.4303476013558153
336.0,-0.43096067341870264
337.0,-0.4430232065391061
338.0,-0.4432660593626301
339.0,-0.44389792506368264
340.0,-0.4440850985173429
341.0,-0.44497976452177457
342.0,-0.44577003114612246
343.0,-0.44676856047908203
344.0,-0.44798726693146923
345.0,-0.4513274811706779
346.0,-0.452026487566654
347.0,-0.45304807703891087
348.0,-0.45434860984913067
349.0,-0.4598601518113722
350.0,-0.4605876223699138
351.0,-0.461512182154593
352.0,-0.4628287692136854
353.0,-0.4655620925747943
354.0,-0.46683707177714995
355.0,-0.4728798432504527
356.0,-0.47371125024197347
357.0,-0.4747424478492062
358.0,-0.4792430253181294
359.0,-0.47992008175004214
360.0,-0.48159166557941235
361.0,-0.48407555722432377
362.0,-0.48614315297514765
363.0,-0.4868925649982288
364.0,-0.49116319778663603
365.0,-0.4917294340871444
366.0,-0.49293688582243184
367.0,-0.49488385925160006
368.0,-0.49692649834068625
369.0,-0.49974026361957136
370.0,-0.5004998829381533
371.0,-0.5050291623639855
372.0,-0.505653333788428
373.0,-0.507379767173385
374.0,-0.5096800566716785
375.0,-0.5127023078943034
376.0,-0.5134428552174345
377.0,-0.5175184990408453
378.0,-0.5181424926582456
379.0,-0.5209603792187775
380.0,-0.5216192871946104
381.0,-0.5255539115551662
382.0,-0.5261790317260745
383.0,-0.5292904993911669
384.0,-0.5299097963547833
385.0,-0.532823351408456
386.0,-0.5335048123626535
387.0,-0.5375158621664522
388.0,-0.5381656778949977
389.0,-0.5413796167866187
390.0,-0.5420265719094722
391.0,-0.5457159346756093
392.0,-0.5463370521965402
393.0,-0.5496078006773044
394.0,-0.5503278287653361
395.0,-0.5533593388735232
396.0,-0.5542420715712549
397.0,-0.557224991542325
398.0,-0.5581307655136545
399.0,-0.5611433817641562
400.0,-0.5620610501613836
401.0,-0.5651016023200421
402.0,-0.5660292396012954
403.0,-0.5691522074944578
404.0,-0.570098321370335
405.0,-0.5734638046355044
406.0,-0.5742152104885647
407.0,-0.5774542127250066
408.0,-0.5781707846241989
409.0,-0.5812651943140668
410.0,-0.5819826894560934
411.0,-0.5851495892692561
412.0,-0.585863909094918
413.0,-0.5890633187910028
414.0,-0.5897705757492616
415.0,-0.5929631308131005
416.0,-0.5936705413781057
417.0,-0.5968581970128028
418.0,-0.597566990866929
419.0,-0.6008066563649712
420.0,-0.6015160961613918
421.0,-0.6046323404516059
422.0,-0.6053259872491106
423.0,-0.6084392811654468
424.0,-0.6091309279177828
425.0,-0.6122188298420611
426.0,-0.6128889820842383
427.0,-0.6159933312086664
428.0,-0.6166646979919914
429.0,-0.6197841322139762
430.0,-0.6204553320977505
431.0,-0.623472908983508
432.0,-0.6241569225593127
433.0,-0.627600350712415
434.0,-0.6282433154969425
435.0,-0.6304492439855389
436.0,-0.6319587764971802
437.0,-0.6342296409839469
438.0,-0.6356990623361799
439.0,-0.6377988329503462
440.0,-0.639308312223842
441.0,-0.6413946421961728
442.0,-0.6433289157298716
443.0,-0.6443684801626669
444.0,-0.6467766803179991
445.0,-0.6487610999925338
446.0,-0.6498073799099574
447.0,-0.6521469660331387
448.0,-0.6541674035455578
449.0,-0.6556218507598526
450.0,-0.6577184543207591
451.0,-0.659166216895081
452.0,-0.6611896159123493
453.0,-0.6630303788932348
454.0,-0.6640471331592641
455.0,-0.6663758223066066
456.0,-0.6684243007676165
457.0,-0.6698364441206981
458.0,-0.6718459513046641
459.0,-0.6734968413902103
460.0,-0.6751952062473369
461.0,-0.677098424887572
462.0,-0.6787274585716389
463.0,-0.6805949001991203
464.0,-0.6823942360482819
465.0,-0.6839317447597972
466.0,-0.6857872166929102
467.0,-0.6875705244399054
468.0,-0.6891416259210438
469.0,-0.6910445857538767
470.0,-0.6928280654578651
471.0,-0.6943595533400042
472.0,-0.6961877318801493
473.0,-0.6979682329739977
474.0,-0.6995543112808686
475.0,-0.7014046345114547
476.0,-0.703227169029798
477.0,-0.7045952213841937
478.0,-0.7065053748701504
479.0,-0.708347803542583
480.0,-0.7097274421137755
481.0,-0.7116585126093197
482.0,-0.7134812926549566
483.0,-0.7148532133921182
484.0,-0.7167734975737129
485.0,-0.7185787641991808
486.0,-0.7199073351271001
487.0,-0.7217928233114751
488.0,-0.7235408181290653
489.0,-0.7250638730417037
490.0,-0.7268313342490855
491.0,-0.7285324858882309
492.0,-0.7300453915644224
493.0,-0.7317965521170176
494.0,-0.7334792732553937
495.0,-0.7349359013141364
496.0,-0.7366969411280735
497.0,-0.7384117239398215
498.0,-0.7399037765020634
499.0,-0.7416326682960434
500.0,-0.7432840500789851
501.0,-0.744924114340307
502.0,-0.7463721493675846
503.0,-0.7481156495597502
504.0,-0.7497760417304682
505.0,-0.7512280809005251
506.0,-0.752948359298287
507.0,-0.7546039519443314
508.0,-0.7560617208279413
509.0,-0.7577751831473749
510.0,-0.7594475884441474
511.0,-0.7610668486127603
512.0,-0.7624827034811655
513.0,-0.764193200146702
514.0,-0.765833066717305
515.0,-0.7672401267850764
516.0,-0.7689179779742294
517.0,-0.7705406052549785
518.0,-0.7719373749175376
519.0,-0.7736292312434498
520.0,-0.7752702102232928
521.0,-0.776826229765226
522.0,-0.7783823270035911
523.0,-0.7799040469362337
524.0,-0.7814527651860173
525.0,-0.7830111747683062
526.0,-0.7845642582054403
527.0,-0.7861380693854221
528.0,-0.7877005978303827
529.0,-0.7892520143595246
530.0,-0.790765169900813
531.0,-0.7922773051499219
532.0,-0.7938326521716174
533.0,-0.7953882314500735
534.0,-0.7971031838725418
535.0,-0.7985367600153195
536.0,-0.8000094254304786
537.0,-0.8014898788913187
538.0,-0.8031545022843933
539.0,-0.8047135603106643
540.0,-0.8060737195278769
541.0,-0.8075394404738414
542.0,-0.8092078521716256
543.0,-0.8107420631946974
544.0,-0.8120824723253696
545.0,-0.8135239246197729
546.0,-0.8151530836376585
547.0,-0.8167241493649569
548.0,-0.8182501555622718
549.0,-0.8197610829855263
550.0,-0.8210781380907328
551.0,-0.8224934958612046
552.0,-0.8240820801748779
553.0,-0.8256324003480711
554.0,-0.8271469848395169
555.0,-0.8285982759106464
556.0,-0.8300124293530263
557.0,-0.831481585517946
558.0,-0.8329321746702525
559.0,-0.8343996223276756
560.0,-0.8358470883472674
561.0,-0.8372805152620628
562.0,-0.8387326453890146
563.0,-0.8401616249669444
564.0,-0.8415916341654589
565.0,-0.8430723302476657
566.0,-0.8445102417977104
567.0,-0.8459151179092659
568.0,-0.8473332748583456
569.0,-0.8487248485265464
570.0,-0.850122641693643
571.0,-0.8515463578862507
572.0,-0.8529709354260862
573.0,-0.8544047628177206
574.0,-0.8558247422337458
575.0,-0.8572338991683244
576.0,-0.8586190802092897
577.0,-0.8599914972894083
578.0,-0.8613670899999814
579.0,-0.8627437677486645
580.0,-0.8641166275929831
581.0,-0.8655992385269019
582.0,-0.8668783346051154
583.0,-0.8682321673483088
584.0,-0.8696025447040884
585.0,-0.8709713537160406
586.0,-0.8723742477363328
587.0,-0.8737146248524158
588.0,-0.8750879930569884
589.0,-0.876464919310211
590.0,-0.8777769542691164
591.0,-0.8791380674902346
592.0,-0.8804792207290169
593.0,-0.8818035090646182
594.0,-0.8831182420509973
595.0,-0.8844461126134033
596.0,-0.8857715636841421
597.0,-0.8871095895214649
598.0,-0.8884293331839749
599.0,-0.8899555266408107
600.0,-0.8906634443172722
601.0,-0.8926300622642467
602.0,-0.893152303910744
603.0,-0.8957942762561861
604.0,-0.8962345875393194
605.0,-0.8978541535709882
606.0,-0.8983286786609064
607.0,-0.9005609327359603
608.0,-0.901039900482087
609.0,-0.9033898583471188
610.0,-0.90383100767524
611.0,-0.9056597160994461
612.0,-0.9061239679373493
613.0,-0.9081833310582518
614.0,-0.908666484426344
615.0,-0.9109369931963276
616.0,-0.9113880094962877
617.0,-0.913441315586647
618.0,-0.9138824119220547
619.0,-0.9159118141004665
620.0,-0.9163584862126964
621.0,-0.9184163847611599
622.0,-0.9188645602499479
623.0,-0.9209130670037673
624.0,-0.92136295683838
625.0,-0.9234073274662431
626.0,-0.9238518787415939
627.0,-0.9258823778105414
628.0,-0.9263306805203654
629.0,-0.9283918127585353
630.0,-0.9288288575870363
631.0,-0.9307946574636436
632.0,-0.9312314567777296
633.0,-0.9332269727994595
634.0,-0.9336567103041613
635.0,-0.9356386412565485
636.0,-0.9360696078751571
637.0,-0.938064634683886
638.0,-0.9384976600606467
639.0,-0.9404754961021355
640.0,-0.9409085126652381
641.0,-0.9428934826752932
642.0,-0.9433208513190382
643.0,-0.9452736456917263
644.0,-0.9456987336369722
645.0,-0.947618511218822
646.0,-0.9480433215508314
647.0,-0.9499838916355624
648.0,-0.9504013331118015
649.0,-0.9523266043059488
650.0,-0.9527449764504802
651.0,-0.9546994092219035
652.0,-0.9551192245517623
653.0,-0.9570108973983402
654.0,-0.9574306771777497
655.0,-0.9593374480233717
656.0,-0.9598159253206342
657.0,-0.9615939558353712
658.0,-0.9620378935198154
659.0,-0.9640190683847704
660.0,-0.9644904321953522
661.0,-0.966233034988613
662.0,-0.9666601225952764
663.0,-0.9686659097718125
664.0,-0.9690746146771305
665.0,-0.9708463012492304
666.0,-0.9712478197793502
667.0,-0.973099377359033
668.0,-0.9735090582360074
669.0,-0.9754930276096808
670.0,-0.9758942212230965
671.0,-0.9776240536512899
672.0,-0.9780777254715625
673.0,-0.9798517925543081
674.0,-0.9802786176988572
675.0,-0.9822754640530673
676.0,-0.9826740009790916
677.0,-0.9844610887884604
678.0,-0.984861394558024
679.0,-0.9866944404120418
680.0,-0.987095927357557
681.0,-0.9889492247662737
682.0,-0.9893477148139483
683.0,-0.9911910706055738
684.0,-0.9915894585505485
685.0,-0.9933897429102309
686.0,-0.993788111156068
687.0,-0.9956312889963863
688.0,-0.9960267559638409
689.0,-0.9978509608147484
690.0,-0.9982449359309632
691.0,-1.0000279833968542
692.0,-1.0004719406600455
693.0,-1.0021499965004688
694.0,-1.0025565785885355
695.0,-1.0045041176984737
696.0,-1.0049373828829797
697.0,-1.0065193472541838
698.0,-1.006922199228418
699.0,-1.008841950168127
700.0,-1.0092836138718502
701.0,-1.0108897717674925
702.0,-1.011287354102134
703.0,-1.0131852286953518
704.0,-1.0136197820020059
705.0,-1.015169293473613
706.0,-1.0156152961370923
707.0,-1.0173704976799502
708.0,-1.017820602180454
709.0,-1.0195570466553594
710.0,-1.0199804792451888
711.0,-1.0216566648733032
712.0,-1.0220830444567073
713.0,-1.0237827831458255
714.0,-1.0242066038355044
715.0,-1.0258414093858759
716.0,-1.0262725719517425
717.0,-1.0279231202489003
718.0,-1.0283566193034903
719.0,-1.0300320179534654
720.0,-1.0304599102399477
721.0,-1.032119403891179
722.0,-1.0325487365717079
723.0,-1.0341897848386952
724.0,-1.0346196052199077
725.0,-1.0361735575097455
726.0,-1.036609398570419
727.0,-1.0383712787854513
728.0,-1.0387943916652966
729.0,-1.0402542257480485
730.0,-1.0406834894384185
731.0,-1.042336542289405
732.0,-1.0427676002210378
733.0,-1.0443694174696503
734.0,-1.0447923066630072
735.0,-1.0463023812263799
736.0,-1.0467951462755078
737.0,-1.0483144729443803
738.0,-1.048820930933689
739.0,-1.0503265043899799
740.0,-1.0508280724998675
741.0,-1.0523060716820956
742.0,-1.0528047022693554
743.0,-1.0542659812625739
744.0,-1.0547611034078368
745.0,-1.0562218155774532
746.0,-1.0568499246501022
747.0,-1.0580203174228737
748.0,-1.0589768171793494
749.0,-1.0598753213798668
750.0,-1.0609388665456074
751.0,-1.0617998581462302
752.0,-1.0628625042517867
753.0,-1.0637287430692453
754.0,-1.0647945551011797
755.0,-1.0656617446880707
756.0,-1.066708348456152
757.0,-1.067571237513629
758.0,-1.068621318137367
759.0,-1.0694597439691966
760.0,-1.0705178343122792
761.0,-1.0713707122204694
762.0,-1.0724367434249482
763.0,-1.073277541585921
764.0,-1.0743432871982785
765.0,-1.075180058063454
766.0,-1.0762209371636562
767.0,-1.0770420090065833
768.0,-1.0780945869821092
769.0,-1.0789188078199672
770.0,-1.0799469978314657
771.0,-1.080778786630505
772.0,-1.081810982041845
773.0,-1.0826421189274769
774.0,-1.0836901529971728
775.0,-1.084534967574279
776.0,-1.0855540044686194
777.0,-1.0863593572636687
778.0,-1.0873654251246114
779.0,-1.0881836387140227
780.0,-1.0892332346578635
781.0,-1.0900550317455082
782.0,-1.0909593390618324
783.0,-1.0919982025332453
784.0,-1.0928267898563035
785.0,-1.0938339002599666
786.0,-1.094644503603528
787.0,-1.0956048417586246
788.0,-1.0964152621064556
789.0,-1.0974304143934317
790.0,-1.0982492395368992
791.0,-1.0992521334209793
792.0,-1.1000567625483653
793.0,-1.1010650664259556
794.0,-1.1018622531875306
795.0,-1.1028482710419476
796.0,-1.103654398539846
797.0,-1.1046476419953661
798.0,-1.105447411987828
799.0,-1.1064212876596664
800.0,-1.1072309238021405
801.0,-1.108119815693781
802.0,-1.1091406050086747
803.0,-1.109933550353436
804.0,-1.1108933580013922
805.0,-1.1116943110972628
806.0,-1.1125635050712832
807.0,-1.113577208571176
808.0,-1.1143425265872997
809.0,-1.1151976994014923
810.0,-1.116188906589686
811.0,-1.1169710665325254
812.0,-1.117827084541112
813.0,-1.1188394017792758
814.0,-1.1196262944310764
815.0,-1.120480635216846
816.0,-1.1214161561162828
817.0,-1.1223044616292412
818.0,-1.1231101959296306
819.0,-1.1240190928517726
820.0,-1.1249096654945532
821.0,-1.125710930743188
822.0,-1.1266125195004904
823.0,-1.1274851669205501
824.0,-1.128298999911991
825.0,-1.1292624605472323
826.0,-1.1300155282478337
827.0,-1.1309209547381398
828.0,-1.1318035708142495
829.0,-1.1326060511069787
830.0,-1.1334901246099602
831.0,-1.1343646139754555
832.0,-1.1352163673718223
833.0,-1.1360011847984803
834.0,-1.1369021686493521
835.0,-1.1377671058025784
836.0,-1.1385495950522246
837.0,-1.139453434319442
838.0,-1.140319738994514
839.0,-1.1411588771030994
840.0,-1.1419915622350363
841.0,-1.1428355637717773
842.0,-1.1436644118791257
843.0,-1.144509248369658
844.0,-1.1452898090126629
845.0,-1.1461667332193142
846.0,-1.1470240248497723
847.0,-1.1477976679265889
848.0,-1.148686883242893
849.0,-1.1495451974794204
850.0,-1.150328596622829
851.0,-1.1511394433298483
852.0,-1.1520404619537674
853.0,-1.1528230934390051
854.0,-1.1536376843685854
855.0,-1.1545243492185742
856.0,-1.1553287693837206
857.0,-1.1561443722529177
858.0,-1.156967430761682
859.0,-1.1577967516288872
860.0,-1.1586208259454445
861.0,-1.159444805638933
862.0,-1.160263838824618
863.0,-1.1610881923333094
864.0,-1.161895408041517
865.0,-1.162717887091972
866.0,-1.1635388803594917
867.0,-1.1643674118432006
868.0,-1.1651816515357225
869.0,-1.1659761923758178
870.0,-1.1667730499947457
871.0,-1.1675893366205177
872.0,-1.1683985735823652
873.0,-1.169218129475124
874.0,-1.1700351981306427
875.0,-1.170846365526951
876.0,-1.1716458172526258
877.0,-1.1724465604263734
878.0,-1.173251750027646
879.0,-1.17405453439445
880.0,-1.1748743089824512
881.0,-1.175658890794454
882.0,-1.176457841185414
883.0,-1.1772661625239167
884.0,-1.1780466802245022
885.0,-1.1788566989641542
886.0,-1.1796381069159312
887.0,-1.1804444075661877
888.0,-1.1812407489674834
889.0,-1.1820253519353834
890.0,-1.182801397372638
891.0,-1.1835898135983502
892.0,-1.1843892931809985
893.0,-1.1851689472559386
894.0,-1.1859425692300731
895.0,-1.186748354012465
896.0,-1.1875428579198792
897.0,-1.1883107904374428
898.0,-1.18910292418698
899.0,-1.189881311756324
900.0,-1.1906520701520205
901.0,-1.191420476811331
902.0,-1.1921929902236068
903.0,-1.192958687953298
904.0,-1.193743667792905
905.0,-1.1945012940503688
906.0,-1.1952809205761898
907.0,-1.1960472187836495
908.0,-1.1967431043314254
909.0,-1.197548301807297
910.0,-1.1983639217181496
911.0,-1.1990780468939317
912.0,-1.1998916504297
913.0,-1.20067027887337
914.0,-1.201375187310525
915.0,-1.2021103044169945
916.0,-1.2029216501448767
917.0,-1.2036944762906148
918.0,-1.2043968655097101
919.0,-1.2051177079778244
920.0,-1.2059423356499912
921.0,-1.2066638566225165
922.0,-1.2074038113902414
923.0,-1.2082195825091686
924.0,-1.2089118411092108
925.0,-1.2096566158749873
926.0,-1.2103840865119144
927.0,-1.2111992065099018
928.0,-1.2118884204739957
929.0,-1.212607679336332
930.0,-1.2133377010466568
931.0,-1.214136266546148
932.0,-1.2148994470304342
933.0,-1.2155775648397953
934.0,-1.2162805966889234
935.0,-1.217078082857462
936.0,-1.2178231687727852
937.0,-1.218490514895366
938.0,-1.2191970080323673
939.0,-1.2199817058876206
940.0,-1.2207422414505407
941.0,-1.2214273390913237
942.0,-1.2221295835896764
943.0,-1.222916085365917
944.0,-1.223609196123351
945.0,-1.2243087303933253
946.0,-1.2250946188731981
947.0,-1.2257734677785224
948.0,-1.226476939312052
949.0,-1.2272561360027348
950.0,-1.227944219700532
951.0,-1.2286437551186373
952.0,-1.229401334386748
953.0,-1.2301413763734723
954.0,-1.23079683045024
955.0,-1.2314715414193123
956.0,-1.2322390211757737
957.0,-1.2329668644904073
958.0,-1.233617042646448
959.0,-1.234308386880186
960.0,-1.2350726548562343
961.0,-1.235809600610584
962.0,-1.2364589129227945
963.0,-1.2371535618718599
964.0,-1.2379269879645025
965.0,-1.2386606419184758
966.0,-1.239297241261668
967.0,-1.2400277737967083
968.0,-1.2407534121355948
969.0,-1.2413856355556274
970.0,-1.2421105801497658
971.0,-1.2428244113902356
972.0,-1.2435296683468176
973.0,-1.244180013137143
974.0,-1.2448486676296553
975.0,-1.2456020071891987
976.0,-1.246320412143098
977.0,-1.246951753129271
978.0,-1.2476340300773199
979.0,-1.2483879096070973
980.0,-1.249093043034569
981.0,-1.249728015738334
982.0,-1.2504565821391953
983.0,-1.2511567330123863
984.0,-1.2517864740389129
985.0,-1.2524352232439793
986.0,-1.2531745505996283
987.0,-1.2538801893267757
988.0,-1.2545033084708437
989.0,-1.255149298279075
990.0,-1.2558916079230948
991.0,-1.256582668306833
992.0,-1.257210292968441
993.0,-1.2579209843870842
994.0,-1.2586033109501373
995.0,-1.2592184247125018
996.0,-1.2599217244532723
997.0,-1.2606026072859808
998.0,-1.2612176237785078
999.0,-1.2619297657545
1000.0,-1.2626168969207847
1001.0,-1.2632238936317728
1002.0,-1.263916705663745
1003.0,-1.2645926630293354
1004.0,-1.2651916778167933
1005.0,-1.2658880069976255
1006.0,-1.2665696634839498
1007.0,-1.2671803019507837
1008.0,-1.2678280420098889
1009.0,-1.2685274126722206
1010.0,-1.2691905568344395
1011.0,-1.269782068733964
1012.0,-1.2704618348046666
1013.0,-1.2711297828940182
1014.0,-1.2717251953245732
1015.0,-1.2724079318598827
1016.0,-1.2730659972029075
1017.0,-1.2737130250126771
1018.0,-1.2742964127489842
1019.0,-1.274973429077008
1020.0,-1.2756292071610391
1021.0,-1.2762141506731082
1022.0,-1.276889044373161
1023.0,-1.2775397163936248
1024.0,-1.2781304006873968
1025.0,-1.2788114209109462
1026.0,-1.2794328126701826
1027.0,-1.2800163544130831
1028.0,-1.280688173454263
1029.0,-1.2813333288480142
1030.0,-1.2819190900949693
1031.0,-1.2825296812841351
1032.0,-1.2832161309233372
1033.0,-1.2838566030034642
1034.0,-1.2844212879085983
1035.0,-1.2850216596621868
1036.0,-1.285694704745056
1037.0,-1.2863358759157306
1038.0,-1.2869083523242664
1039.0,-1.2875221428148542
1040.0,-1.288191408868726
1041.0,-1.2887622376096923
1042.0,-1.2893868501429484
1043.0,-1.290053954326999
1044.0,-1.290624225703232
1045.0,-1.2912212242523644
1046.0,-1.2918209872494977
1047.0,-1.2924755156193282
1048.0,-1.2930415687371133
1049.0,-1.2936217604546432
1050.0,-1.294273116373578
1051.0,-1.2948835728061832
1052.0,-1.2954396713581744
1053.0,-1.2960803402457082
1054.0,-1.2967024928163244
1055.0,-1.297252869904072
1056.0,-1.2978945190939046
1057.0,-1.298507403654677
1058.0,-1.29905973846082
1059.0,-1.299681818264765
1060.0,-1.300300572186929
1061.0,-1.3008484945338055
1062.0,-1.3014844567861523
1063.0,-1.3020304956325939
1064.0,-1.3026533080376645
1065.0,-1.3032613744418176
1066.0,-1.3037953124300168
1067.0,-1.3044217260385993
1068.0,-1.3050130116170988
1069.0,-1.3055487682476532
1070.0,-1.306167210618346
1071.0,-1.3067662165788614
1072.0,-1.307304377397904
1073.0,-1.3079218895563542
1074.0,-1.308524864245799
1075.0,-1.3090579957453785
1076.0,-1.3096634429042906
1077.0,-1.3102464453242544
1078.0,-1.310829566714744
1079.0,-1.3113653149929294
1080.0,-1.3119654854915554
1081.0,-1.3125536156719153
1082.0,-1.3130797685128672
1083.0,-1.313693763030964
1084.0,-1.3142854792812169
1085.0,-1.3147932523362622
1086.0,-1.315379976598848
1087.0,-1.3159671520624876
1088.0,-1.3164894637198552
1089.0,-1.31710173740776
1090.0,-1.317693966576453
1091.0,-1.3182028005075637
1092.0,-1.318736938419779
1093.0,-1.3193337951220114
1094.0,-1.3199138729846536
1095.0,-1.3204270282499366
1096.0,-1.321027933250092
1097.0,-1.3215785592882077
1098.0,-1.3220835493562892
1099.0,-1.322675247671177
1100.0,-1.3232411698966373
1101.0,-1.3237995471908306
1102.0,-1.3243482532958828
1103.0,-1.3248876846483992
1104.0,-1.32542703672626
1105.0,-1.3259801272683123
1106.0,-1.3265311046984336
1107.0,-1.3270693574399748
1108.0,-1.3276135242576468
1109.0,-1.3281635018571107
1110.0,-1.3286968430208579
1111.0,-1.3292407204392094
1112.0,-1.3297847901496354
1113.0,-1.3303271261953862
1114.0,-1.3308659927290276
1115.0,-1.3313954104866854
1116.0,-1.331937455982563
1117.0,-1.332476188512228
1118.0,-1.3330031101459465
1119.0,-1.3335464487365072
1120.0,-1.3340767093100219
1121.0,-1.3346066211368488
1122.0,-1.3351348196012423
1123.0,-1.3356676999699835
1124.0,-1.3361904937020406
1125.0,-1.3367173220149324
1126.0,-1.3372424807252659
1127.0,-1.3377770465666015
1128.0,-1.3383010061004474
1129.0,-1.3388225114455516
1130.0,-1.3393422359222855
1131.0,-1.3398580942837586
1132.0,-1.340382224344496
1133.0,-1.3409082709960805
1134.0,-1.3414361957257737
1135.0,-1.341955212363534
1136.0,-1.3424794632080654
1137.0,-1.3429824619045834
1138.0,-1.343506315155159
1139.0,-1.344010709542228
1140.0,-1.3445260930441576
1141.0,-1.3450420329781207
1142.0,-1.3455659682031547
1143.0,-1.3460656581346728
1144.0,-1.3465734165168617
1145.0,-1.3470819086815213
1146.0,-1.3475891465951326
1147.0,-1.3480964848006407
1148.0,-1.3485936831920637
1149.0,-1.3490992167693532
1150.0,-1.3496106228538145
1151.0,-1.3501241766402068
1152.0,-1.350635702317434
1153.0,-1.351138899407121
1154.0,-1.351637838495437
1155.0,-1.3521348693331547
1156.0,-1.3526356010850833
1157.0,-1.3531260403444945
1158.0,-1.3536319471588825
1159.0,-1.354131728485161
1160.0,-1.3546342706397523
1161.0,-1.3551291725303554
1162.0,-1.3556217233265513
1163.0,-1.356103742896281
1164.0,-1.3565987311147751
1165.0,-1.3570975397539489
1166.0,-1.3575892178102928
1167.0,-1.3580723394611158
1168.0,-1.3585651080439485
1169.0,-1.3590530160596845
1170.0,-1.3595417836795196
1171.0,-1.3600254246067727
1172.0,-1.3605182701749183
1173.0,-1.3610057065850536
1174.0,-1.36148845151496
1175.0,-1.3619691865762817
1176.0,-1.3624514482116599
1177.0,-1.3629387338125054
1178.0,-1.363413785918411
1179.0,-1.3638967196022813
1180.0,-1.3643766528148629
1181.0,-1.3648561921111233
1182.0,-1.3653369251602094
1183.0,-1.365812728555421
1184.0,-1.3662873125083355
1185.0,-1.3667666325719119
1186.0,-1.367244804652345
1187.0,-1.3677228094255067
1188.0,-1.3681849648532944
1189.0,-1.3686596156420314
1190.0,-1.3691197819648995
1191.0,-1.3695952106472946
1192.0,-1.3700727670770683
1193.0,-1.3705364000074525
1194.0,-1.3710050859564598
1195.0,-1.3714651027052667
1196.0,-1.371946134986727
1197.0,-1.3724073912043002
1198.0,-1.372873134122271
1199.0,-1.3733318156390681
1200.0,-1.3737971882493503
1201.0,-1.3742557403540527
1202.0,-1.3747173450145656
1203.0,-1.3751801462942248
1204.0,-1.3756528651637203
1205.0,-1.3761112185521809
1206.0,-1.3765598957900416
1207.0,-1.3770111427800584
1208.0,-1.3774787633452046
1209.0,-1.3779434091023297
1210.0,-1.378392925208729
1211.0,-1.378848755855849
1212.0,-1.3792961754219235
1213.0,-1.3797488196638652
1214.0,-1.3802011958492797
1215.0,-1.3806556964501373
1216.0,-1.3811127498073206
1217.0,-1.3815536535731834
1218.0,-1.3820062698498004
1219.0,-1.3824574215082162
1220.0,-1.3829043478042924
1221.0,-1.3833538634854023
1222.0,-1.3838010098074511
1223.0,-1.3842413958299062
1224.0,-1.3846910731182436
1225.0,-1.3851273284440304
1226.0,-1.3855730128394852
1227.0,-1.38602119315138
1228.0,-1.386470013130184
1229.0,-1.3869252148143114
1230.0,-1.3873608766506105
1231.0,-1.3877978709323715
1232.0,-1.3882235800349962
1233.0,-1.388659631339844
1234.0,-1.3890949134888733
1235.0,-1.389527657555911
1236.0,-1.3899691833891576
1237.0,-1.3904084881257077
1238.0,-1.3908400866770194
1239.0,-1.3912739732325001
1240.0,-1.3917131320424543
1241.0,-1.3921433640685448
1242.0,-1.3925738379557417
1243.0,-1.392997605433509
1244.0,-1.393426169423869
1245.0,-1.393862216026615
1246.0,-1.3942873739531536
1247.0,-1.3947308705154955
1248.0,-1.3951564277102626
1249.0,-1.3955847661224339
1250.0,-1.3960031189662199
1251.0,-1.3964307255012693
1252.0,-1.3968457269957055
1253.0,-1.3972671475263463
1254.0,-1.3976927702772233
1255.0,-1.398118572132928
1256.0,-1.3985320503601955
1257.0,-1.3989522254180577
1258.0,-1.3993639507107525
1259.0,-1.3997868236200157
1260.0,-1.4002043903645947
1261.0,-1.400633693099335
1262.0,-1.4010202643168133
1263.0,-1.4014341883990902
1264.0,-1.401888400404695
1265.0,-1.4023243001603616
1266.0,-1.4027044598107588
1267.0,-1.4031068087715506
1268.0,-1.4035496620071957
1269.0,-1.4039729018161546
1270.0,-1.4043481125748818
1271.0,-1.4047438838210171
1272.0,-1.4051883990090914
1273.0,-1.4056071269972177
1274.0,-1.40597958584989
1275.0,-1.4063754627955936
1276.0,-1.4068238876190158
1277.0,-1.407203269282109
1278.0,-1.4076006829364955
1279.0,-1.4080428462515662
1280.0,-1.4084549217389601
1281.0,-1.4088243731335075
1282.0,-1.4092197369655164
1283.0,-1.4096493945074455
1284.0,-1.4100607140439352
1285.0,-1.4104160873235692
1286.0,-1.4108072673490204
1287.0,-1.4112370501397318
1288.0,-1.4116506919968912
1289.0,-1.4120231751561678
1290.0,-1.4124480863002737
1291.0,-1.4128562916285168
1292.0,-1.4132069724789378
1293.0,-1.413586221797704
1294.0,-1.4140079366902838
1295.0,-1.4144129607800493
1296.0,-1.4147741600146075
1297.0,-1.4151885150197074
1298.0,-1.4155818810799394
1299.0,-1.415972781192307
1300.0,-1.4163604164969856
1301.0,-1.4167427010835456
1302.0,-1.4171215041558094
1303.0,-1.4175058955613589
1304.0,-1.4179011892321582
1305.0,-1.4182866440479134
1306.0,-1.4186664119854873
1307.0,-1.419056899047787
1308.0,-1.4194520799940389
1309.0,-1.4198312630209597
1310.0,-1.4202196566349874
1311.0,-1.420594078307511
1312.0,-1.4209926820198853
1313.0,-1.4213305733389263
1314.0,-1.4217450904357671
1315.0,-1.422126850280839
1316.0,-1.4224781647407825
1317.0,-1.4228737171934622
1318.0,-1.4232652628885687
1319.0,-1.4236047561924374
1320.0,-1.4240075971853292
1321.0,-1.4243908341196805
1322.0,-1.4247673845708726
1323.0,-1.4251422049586824
1324.0,-1.425521517864353
1325.0,-1.4258600781064077
1326.0,-1.4262231641587981
1327.0,-1.4266267962960308
1328.0,-1.4269769318078798
1329.0,-1.4273480231381406
1330.0,-1.4277485217571737
1331.0,-1.4281241931160937
1332.0,-1.4284637231461725
1333.0,-1.428851512417288
1334.0,-1.4292224297201566
1335.0,-1.4295596249612181
1336.0,-1.4299434567921188
1337.0,-1.4303099573527396
1338.0,-1.4306463713361954
1339.0,-1.4310049379423384
1340.0,-1.4314140655586518
1341.0,-1.4317829882736697
1342.0,-1.4321156151714713
1343.0,-1.432467342620901
1344.0,-1.4328494417020488
1345.0,-1.4332240851784173
1346.0,-1.4335519635639191
1347.0,-1.4338952075200937
1348.0,-1.4342869886791099
1349.0,-1.4346439636067052
1350.0,-1.4349782089157654
1351.0,-1.4353434808547505
1352.0,-1.4357068217569533
1353.0,-1.436069524928484
1354.0,-1.4363906628258118
1355.0,-1.4367637660745023
1356.0,-1.437122355188901
1357.0,-1.4374800238438448
1358.0,-1.4378461767328383
1359.0,-1.4381581998426842
1360.0,-1.4385251178029912
1361.0,-1.438877181365194
1362.0,-1.4392229180529708
1363.0,-1.439577947422423
1364.0,-1.4398941106306795
1365.0,-1.4402619079050998
1366.0,-1.4406197615870775
1367.0,-1.4409673416742448
1368.0,-1.4413078650105506
1369.0,-1.4416587218742327
1370.0,-1.4419871818945784
1371.0,-1.4423355579079635
1372.0,-1.4426766864450236
1373.0,-1.443024696310692
1374.0,-1.443360349888156
1375.0,-1.443705872986889
1376.0,-1.444040263378561
1377.0,-1.444375822254312
1378.0,-1.444716809680425
1379.0,-1.4450618677115348
1380.0,-1.4454025163305158
1381.0,-1.4457395269814506
1382.0,-1.4460645994278924
1383.0,-1.4464037536207361
1384.0,-1.4467385693226298
1385.0,-1.4470763243277787
1386.0,-1.447410018449094
1387.0,-1.447744115018819
1388.0,-1.4480797738719442
1389.0,-1.4484157201053602
1390.0,-1.44874635798326
1391.0,-1.4490716412920588
1392.0,-1.4494027349028087
1393.0,-1.4497339039484274
1394.0,-1.4500540737377243
1395.0,-1.450389441270895
1396.0,-1.450724752549197
1397.0,-1.4510428166851081
1398.0,-1.451377367996545
1399.0,-1.4517053512566278
1400.0,-1.4520304128870984
1401.0,-1.4523563926362064
1402.0,-1.4526790057538495
1403.0,-1.453004962652828
1404.0,-1.4533186824649227
1405.0,-1.453652417627796
1406.0,-1.4539647274049226
1407.0,-1.4542823027253045
1408.0,-1.4546115108787998
1409.0,-1.4549370650492472
1410.0,-1.455229820022716
1411.0,-1.4555693092269555
1412.0,-1.455894220379204
1413.0,-1.4562149206837742
1414.0,-1.4565066885987548
1415.0,-1.456823021725695
1416.0,-1.4571641229710497
1417.0,-1.4574898093907875
1418.0,-1.457802811897158
1419.0,-1.458091830063701
1420.0,-1.4584217642330384
1421.0,-1.458744848908646
1422.0,-1.4590341463849528
1423.0,-1.4593359391682668
1424.0,-1.4596725837649485
1425.0,-1.4600013731108603
1426.0,-1.4602554936145953
1427.0,-1.460566080701679
1428.0,-1.4609245701553242
1429.0,-1.461245932137478
1430.0,-1.4614993919931623
1431.0,-1.4618194433602114
1432.0,-1.4621578099355037
1433.0,-1.4624178517441953
1434.0,-1.4627426064467752
1435.0,-1.4630832410080696
1436.0,-1.4633974734516317
1437.0,-1.4636441979124313
1438.0,-1.4639522119467796
1439.0,-1.4642933140954952
1440.0,-1.4646031358270586
1441.0,-1.4648559214807122
1442.0,-1.4651622748627349
1443.0,-1.4654951519849815
1444.0,-1.465779064866361
1445.0,-1.4660798569788192
1446.0,-1.4663786249396105
1447.0,-1.466678250294092
1448.0,-1.4669698809850331
1449.0,-1.4672726640299634
1450.0,-1.467569666595397
1451.0,-1.4678703010718903
1452.0,-1.4681665499509293
1453.0,-1.4684580594290022
1454.0,-1.4687562201884712
1455.0,-1.4690463611214357
1456.0,-1.4693486937164855
1457.0,-1.4696372364160277
1458.0,-1.4699289079435347
1459.0,-1.4702247381640563
1460.0,-1.4705161199587453
1461.0,-1.4708033647659422
1462.0,-1.471102055632439
1463.0,-1.471386867667543
1464.0,-1.471698381927328
1465.0,-1.4719754567943066
1466.0,-1.472250654564774
1467.0,-1.4725315027296966
1468.0,-1.4728439002193088
1469.0,-1.4731096519226874
1470.0,-1.4733893490678085
1471.0,-1.4737025577282525
1472.0,-1.4739651719660447
1473.0,-1.4742522460743788
1474.0,-1.47455199656912
1475.0,-1.4748470004648906
1476.0,-1.4750807060495965
1477.0,-1.4753735946271431
1478.0,-1.4756900104549238
1479.0,-1.475979018821594
1480.0,-1.4762053174739456
1481.0,-1.4765040495731994
1482.0,-1.4768205010685749
1483.0,-1.477115032753451
1484.0,-1.4773379908048179
1485.0,-1.4776296825213957
1486.0,-1.4779405507487133
1487.0,-1.4782108126012032
1488.0,-1.4784367533243856
1489.0,-1.4787205874483464
1490.0,-1.4790529589041141
1491.0,-1.4792175748212968
1492.0,-1.479607268467305
1493.0,-1.4798739843923816
1494.0,-1.4801142429171614
1495.0,-1.4803995954118467
1496.0,-1.4806998172161427
1497.0,-1.4809255391324954
1498.0,-1.4812052962416962
1499.0,-1.481510682448957
1500.0,-1.4817376301795604
