"Iteration","CpT_both Monitor: CpT_both Monitor"
1.0,2.0975121408717476
2.0,1.4398443643991228
3.0,0.4020889108987046
4.0,-0.27763030515795795
5.0,-0.2870521344542948
6.0,-0.41890833195745203
7.0,-0.4770322217144469
8.0,-0.5843857548335792
9.0,-0.7268680217047588
10.0,-0.8056355502529567
11.0,-0.7436885830939576
12.0,-0.7254633544488133
13.0,-0.42232647010243307
14.0,-0.40356419986852854
15.0,-0.18684599821630993
16.0,-0.17070010741467007
17.0,-0.11783162723421094
18.0,-0.12128566307211659
19.0,-0.17166435267145683
20.0,-0.17952575256074946
21.0,-0.2444493817581166
22.0,-0.25702289494339764
23.0,-0.31493653603324506
24.0,-0.3196496343469611
25.0,-0.3197882807126181
26.0,-0.3152215953974723
27.0,-0.31249157030724295
28.0,-0.3072939284610466
29.0,-0.29416275036630735
30.0,-0.2873442666782894
31.0,-0.2789057023562207
32.0,-0.262216730627949
33.0,-0.2541684190109947
34.0,-0.24601320205925697
35.0,-0.23250556811181927
36.0,-0.22661750437514255
37.0,-0.22149932631848138
38.0,-0.21444475150994147
39.0,-0.21174964630227006
40.0,-0.21024372524255622
41.0,-0.20968313793563223
42.0,-0.21014242984372422
43.0,-0.21126824857324947
44.0,-0.21287609948892566
45.0,-0.21490930606727823
46.0,-0.2196992380999866
47.0,-0.22216927644452342
48.0,-0.22422484748649424
49.0,-0.22691510425642278
50.0,-0.2276833843558795
51.0,-0.22696546150322464
52.0,-0.22452783046755886
53.0,-0.22332213262637318
54.0,-0.22107255836329476
55.0,-0.21791257672619774
56.0,-0.21538057812554878
57.0,-0.2126883172783999
58.0,-0.20918129046788655
59.0,-0.20673933503212297
60.0,-0.20424460711638545
61.0,-0.19907708491380555
62.0,-0.1963287686021762
63.0,-0.1933219129246713
64.0,-0.18779836260044347
65.0,-0.1828701542163031
66.0,-0.1802300665227469
67.0,-0.1759570428309055
68.0,-0.17335335381838782
69.0,-0.1722408046989875
70.0,-0.17239296959546352
71.0,-0.17328693569810105
72.0,-0.1749461042117616
73.0,-0.17603768344684054
74.0,-0.17807718908789474
75.0,-0.17857936174033642
76.0,-0.1773972301505981
77.0,-0.1753794844942258
78.0,-0.17162616846912254
79.0,-0.16671720527369016
80.0,-0.1622068101420567
81.0,-0.15799584617804407
82.0,-0.1544734540592164
83.0,-0.15254086113474655
84.0,-0.14737015089913694
85.0,-0.14551813823137183
86.0,-0.14172199289227091
87.0,-0.14054512364417976
88.0,-0.13817230821514057
89.0,-0.1358533964891562
90.0,-0.1350784681007514
91.0,-0.1340396681328959
92.0,-0.13420034997693925
93.0,-0.13582133469231686
94.0,-0.13866772119334772
95.0,-0.14393375099577166
96.0,-0.14750344850929778
97.0,-0.15588225985428464
98.0,-0.1605555606856936
99.0,-0.1657140311834841
100.0,-0.17098140833268458
101.0,-0.17633253282998165
102.0,-0.18123237466057945
103.0,-0.18568111666395803
104.0,-0.18826281335116155
105.0,-0.19066931764267966
106.0,-0.19332852213142068
107.0,-0.19478777602568106
108.0,-0.19632373286899166
109.0,-0.19724993179682035
110.0,-0.19748594764759766
111.0,-0.19702205122169997
112.0,-0.19586332979126975
113.0,-0.1939968774580872
114.0,-0.1915626772908162
115.0,-0.18857157293964907
116.0,-0.18521011751309235
117.0,-0.1817273863340938
118.0,-0.1792779877232932
119.0,-0.175953883780437
120.0,-0.17466465444589555
121.0,-0.17221973797919177
122.0,-0.1714495943693299
123.0,-0.17071513017004675
124.0,-0.1703360941747606
125.0,-0.1703583793488486
126.0,-0.17058189559150333
127.0,-0.17117166591262575
128.0,-0.17198352129046418
129.0,-0.1731007550956031
130.0,-0.1749942442971385
131.0,-0.1760460826060353
132.0,-0.1784427724588021
133.0,-0.1795802431369053
134.0,-0.18207391342848933
135.0,-0.18316667683828658
136.0,-0.18541834607120145
137.0,-0.18626105890800518
138.0,-0.18767534526476115
139.0,-0.18823216925211297
140.0,-0.1890320931769943
141.0,-0.1899510489397955
142.0,-0.19037498545890041
143.0,-0.1912703483427987
144.0,-0.1917087760052855
145.0,-0.19273026571113383
146.0,-0.19314681285894128
147.0,-0.19392719276058928
148.0,-0.1948867905649422
149.0,-0.19532121043572376
150.0,-0.19640433035086066
151.0,-0.19692682995570238
152.0,-0.19833160121631183
153.0,-0.19878847801334026
154.0,-0.19999559037563003
155.0,-0.2004377601721038
156.0,-0.20183215734897572
157.0,-0.202027556577402
158.0,-0.2023799813991364
159.0,-0.20305444969348938
160.0,-0.20334064014055994
161.0,-0.2042533131735116
162.0,-0.2046798778406358
163.0,-0.20588047625450806
164.0,-0.2065088364648013
165.0,-0.20794043617098837
166.0,-0.20875765799299467
167.0,-0.2108164170750596
168.0,-0.21272205251150786
169.0,-0.21451044778691983
170.0,-0.21611767499828022
171.0,-0.217328485960711
172.0,-0.21786025727820033
173.0,-0.218876111786712
174.0,-0.21922625452435657
175.0,-0.21938222078422548
176.0,-0.21953879836944878
177.0,-0.21951923107655064
178.0,-0.21962075348250953
179.0,-0.2196267902198126
180.0,-0.2197123441186232
181.0,-0.21970474964147943
182.0,-0.2197487068206226
183.0,-0.219837984808482
184.0,-0.22028668048072056
185.0,-0.22045648813015234
186.0,-0.22090405164483157
187.0,-0.22107496573287053
188.0,-0.22163563571327297
189.0,-0.22187148019331487
190.0,-0.22250024640240618
191.0,-0.22264555237344788
192.0,-0.2230430255276366
193.0,-0.22320873198970945
194.0,-0.22361306610723403
195.0,-0.2238608597319147
196.0,-0.22421675872050342
197.0,-0.22438556273408858
198.0,-0.22468472171060916
199.0,-0.22463978460747563
200.0,-0.2248375997460465
201.0,-0.22509823964418324
202.0,-0.22525980058641934
203.0,-0.22570819011080934
204.0,-0.22612191315420435
205.0,-0.22656181904225617
206.0,-0.22778989352819004
207.0,-0.22831767999088534
208.0,-0.2291891351063692
209.0,-0.23081412639421162
210.0,-0.23319000103111287
211.0,-0.23434105387901805
212.0,-0.23636242740893215
213.0,-0.23778392142232788
214.0,-0.24033230627666005
215.0,-0.2438701114324981
216.0,-0.2452237960026984
217.0,-0.24762805776458038
218.0,-0.24908164683866515
219.0,-0.25145309093382506
220.0,-0.2535086260641909
221.0,-0.25473015929699216
222.0,-0.2566302237227767
223.0,-0.2587235004813486
224.0,-0.25941784360919745
225.0,-0.2601697213043565
226.0,-0.26111849581096075
227.0,-0.26157187013914895
228.0,-0.26218511661623173
229.0,-0.26235370138728276
230.0,-0.2624750012412459
231.0,-0.26261378848835
232.0,-0.2622494520507299
233.0,-0.26209997582845235
234.0,-0.26196766251407305
235.0,-0.26176564009069125
236.0,-0.26164262576403713
237.0,-0.2616166458424512
238.0,-0.2618061329527475
239.0,-0.2621056249813366
240.0,-0.2625685664408553
241.0,-0.2631731345713909
242.0,-0.2639322813905336
243.0,-0.2648326577374292
244.0,-0.26591046357360937
245.0,-0.26707223002397124
246.0,-0.2683846975084276
247.0,-0.2697509358881983
248.0,-0.2711363887127011
249.0,-0.27306008533349013
250.0,-0.2738546831118917
251.0,-0.2761447184116985
252.0,-0.27675859623802745
253.0,-0.2778396543970397
254.0,-0.279084450002814
255.0,-0.27964014383994557
256.0,-0.2809948862096402
257.0,-0.2813644418782786
258.0,-0.28217533790267413
259.0,-0.2825631255206957
260.0,-0.2834863165934528
261.0,-0.2837827619764028
262.0,-0.2843861674951581
263.0,-0.2850271905372594
264.0,-0.2857342355424062
265.0,-0.2866520343171162
266.0,-0.28710392697214604
267.0,-0.28801218654540683
268.0,-0.2888996277995701
269.0,-0.2898776668047243
270.0,-0.29087622142892877
271.0,-0.2919338164227315
272.0,-0.2930208482858537
273.0,-0.2940994471774324
274.0,-0.29517399243899545
275.0,-0.2962762484442992
276.0,-0.29734264768581364
277.0,-0.2983611712809222
278.0,-0.299341332160544
279.0,-0.3002930591808792
280.0,-0.3012211097051787
281.0,-0.30211201249469943
282.0,-0.30300047310846534
283.0,-0.30384581496212776
284.0,-0.30464372523106714
285.0,-0.3054222237481392
286.0,-0.3061552689479829
287.0,-0.30684968950958963
288.0,-0.3075597613025076
289.0,-0.3082530169809696
290.0,-0.3089876825684499
291.0,-0.30975292828718204
292.0,-0.31053644940424113
293.0,-0.3113754881780036
294.0,-0.3122631149244842
295.0,-0.3132077578752003
296.0,-0.3148205791736072
297.0,-0.31534901524264974
298.0,-0.31637142860403816
299.0,-0.3174136158410159
300.0,-0.31854184950541303
301.0,-0.31972814319475984
302.0,-0.3217730182101358
303.0,-0.32218665190014273
304.0,-0.32484036576128017
305.0,-0.3251721179358638
306.0,-0.3260995585261621
307.0,-0.32693521652812224
308.0,-0.32780223491990484
309.0,-0.32868537153892147
310.0,-0.32954762566909596
311.0,-0.3303991394211348
312.0,-0.33163565082136065
313.0,-0.3320396972732854
314.0,-0.33307574836943316
315.0,-0.33356038298138685
316.0,-0.3342422514434297
317.0,-0.3349710375206148
318.0,-0.3361329898115989
319.0,-0.33669221061242877
320.0,-0.33745309858402495
321.0,-0.3382902093164345
322.0,-0.33966153475536087
323.0,-0.3403239342028045
324.0,-0.3411727476257522
325.0,-0.3425701415851014
326.0,-0.34324572357373345
327.0,-0.3440979972755648
328.0,-0.3454916159906966
329.0,-0.3461561002310367
330.0,-0.34734163262259576
331.0,-0.34795978468713723
332.0,-0.3490718239965223
333.0,-0.34964111826873745
334.0,-0.3507652448563663
335.0,-0.35123219028656266
336.0,-0.3520616983565928
337.0,-0.3525642605947045
338.0,-0.3536303366798127
339.0,-0.3540369367159322
340.0,-0.35477388932889997
341.0,-0.3553732711127618
342.0,-0.3562972003080949
343.0,-0.3567907380755248
344.0,-0.35796308001122573
345.0,-0.3584276733890588
346.0,-0.35943564778479437
347.0,-0.3600646920945859
348.0,-0.36110440815472783
349.0,-0.36184261293659314
350.0,-0.362767251646229
351.0,-0.36349747916816916
352.0,-0.36439362118396423
353.0,-0.36510220232483986
354.0,-0.3659831923248451
355.0,-0.36677911495744697
356.0,-0.36752185869754445
357.0,-0.3682489993349751
358.0,-0.368992397386183
359.0,-0.36972308904235496
360.0,-0.37045677662802523
361.0,-0.37120598249393166
362.0,-0.3719405238451426
363.0,-0.3726844468316849
364.0,-0.37353836991343997
365.0,-0.37414924999414
366.0,-0.37495970428956155
367.0,-0.3758682880949214
368.0,-0.3764708803246822
369.0,-0.3772838351130063
370.0,-0.37819197688168366
371.0,-0.3788148314904572
372.0,-0.3796683695654891
373.0,-0.38059871672422724
374.0,-0.38120374288553704
375.0,-0.3820246213063533
376.0,-0.3829468153016084
377.0,-0.3835493312732531
378.0,-0.38447082046769526
379.0,-0.3852020956990662
380.0,-0.38607318917752964
381.0,-0.3867886619089281
382.0,-0.38766044315323184
383.0,-0.3883657098127506
384.0,-0.3892572631762898
385.0,-0.389967305846184
386.0,-0.39082679854528113
387.0,-0.39163131356892855
388.0,-0.39233078557923606
389.0,-0.39320900552087756
390.0,-0.39401499724174255
391.0,-0.39479896513207346
392.0,-0.39557338889694854
393.0,-0.3963901606487538
394.0,-0.3971791782121557
395.0,-0.3979651944437511
396.0,-0.3987582516511347
397.0,-0.3995637120165636
398.0,-0.40035733513451316
399.0,-0.4011608129382504
400.0,-0.40196137969586254
401.0,-0.402758033505
402.0,-0.4035396606751827
403.0,-0.40432435976415504
404.0,-0.4051131522434744
405.0,-0.4058800361115197
406.0,-0.40664738453866833
407.0,-0.40742162364968754
408.0,-0.40818483967429087
409.0,-0.4089727035665448
410.0,-0.40975842533034346
411.0,-0.4105356952966131
412.0,-0.41128661379832265
413.0,-0.4120682326099388
414.0,-0.41283871989441207
415.0,-0.41361117418846177
416.0,-0.41437485110312333
417.0,-0.41511449497752306
418.0,-0.41585725002215673
419.0,-0.41661805466101715
420.0,-0.41737725174189105
421.0,-0.4181231612638417
422.0,-0.4188713160208168
423.0,-0.41961464390785796
424.0,-0.4203525636719363
425.0,-0.4210667168441979
426.0,-0.42178685712302516
427.0,-0.42248903350359035
428.0,-0.4233149059492208
429.0,-0.4237043815063467
430.0,-0.42489571393640135
431.0,-0.4252371115499219
432.0,-0.42614918348006564
433.0,-0.42682036782869043
434.0,-0.4276440745198502
435.0,-0.4280257442089612
436.0,-0.42917713098464294
437.0,-0.4295064560282114
438.0,-0.43033965061174945
439.0,-0.43108428562302525
440.0,-0.4316097765419031
441.0,-0.43237886184697977
442.0,-0.43310692167046855
443.0,-0.433630655541966
444.0,-0.43441865767302174
445.0,-0.43513922207290257
446.0,-0.4356410687321078
447.0,-0.43638516624865614
448.0,-0.4370877867560663
449.0,-0.43765586260888617
450.0,-0.4383343553151226
451.0,-0.4389846593606203
452.0,-0.4395317971446916
453.0,-0.4402091135888993
454.0,-0.4408619361603932
455.0,-0.44139900552946115
456.0,-0.4420823260548515
457.0,-0.4426923051533105
458.0,-0.44329999092380595
459.0,-0.443827532618161
460.0,-0.444445393343361
461.0,-0.4450346536422197
462.0,-0.44555726561908077
463.0,-0.4461958523761791
464.0,-0.44678976103910667
465.0,-0.44722712666993036
466.0,-0.44791854967230216
467.0,-0.44854422474264644
468.0,-0.44883484797861783
469.0,-0.44975663425299267
470.0,-0.4499693269040922
471.0,-0.4508358376499799
472.0,-0.45104450703240234
473.0,-0.4519250677295091
474.0,-0.4521330191755031
475.0,-0.4529997246864152
476.0,-0.45320185165339394
477.0,-0.4540359057000416
478.0,-0.45423735184296393
479.0,-0.4550632261974395
480.0,-0.4552608554535103
481.0,-0.4560594309301549
482.0,-0.4562560689695113
483.0,-0.45706141002371037
484.0,-0.45725559162300666
485.0,-0.4580651282632531
486.0,-0.4582594188300906
487.0,-0.4590594177826325
488.0,-0.4592523338188873
489.0,-0.4600563763076043
490.0,-0.46024579046487024
491.0,-0.46101808611073075
492.0,-0.46120449159606763
493.0,-0.46197206896710846
494.0,-0.4621568415876766
495.0,-0.4629142876881986
496.0,-0.4631033597320463
497.0,-0.46387755509213474
498.0,-0.46406447753061575
499.0,-0.46483307087511716
500.0,-0.4650218927583031
501.0,-0.4658224044147064
502.0,-0.4660073435846736
503.0,-0.4667846266742104
504.0,-0.46696545319279475
505.0,-0.4676873707243831
506.0,-0.46786316151990437
507.0,-0.46860911327215066
508.0,-0.4687807851269387
509.0,-0.469527592260534
510.0,-0.46970379990264566
511.0,-0.4704746392573567
512.0,-0.47065188545837217
513.0,-0.4714129320188314
514.0,-0.4715874395749385
515.0,-0.4723466510995003
516.0,-0.4725203039725753
517.0,-0.4732800278888653
518.0,-0.4734490981890845
519.0,-0.47418082734766687
520.0,-0.47435073139030537
521.0,-0.47507790611493167
522.0,-0.4752489662892974
523.0,-0.4759856686197158
524.0,-0.4761518165724199
525.0,-0.4768822984490155
526.0,-0.4770475635302481
527.0,-0.4777789224247745
528.0,-0.4779464383225972
529.0,-0.4786969162197643
530.0,-0.47886476538523515
531.0,-0.4795826721681451
532.0,-0.4797471800534875
533.0,-0.4804689655516709
534.0,-0.4806277453100427
535.0,-0.48132260274634897
536.0,-0.481479719935923
537.0,-0.48217611323626586
538.0,-0.482332664704305
539.0,-0.48304554937182376
540.0,-0.4832000423273193
541.0,-0.4838873418194806
542.0,-0.4840412254132756
543.0,-0.4847387034920984
544.0,-0.4848911816717366
545.0,-0.485592209677863
546.0,-0.4857430510640364
547.0,-0.4863609749389289
548.0,-0.48651659708369444
549.0,-0.4873025432360251
550.0,-0.48744490396789353
551.0,-0.48800786681852426
552.0,-0.4881598295181885
553.0,-0.48885844843715925
554.0,-0.48900371559761924
555.0,-0.4896680712385691
556.0,-0.4898092284883496
557.0,-0.49043820030943014
558.0,-0.4905777952058123
559.0,-0.49123600066506057
560.0,-0.4913790951154383
561.0,-0.4920310975412948
562.0,-0.4921706876620449
563.0,-0.4928032268183715
564.0,-0.4929424084595644
565.0,-0.4936242782643986
566.0,-0.49375479388141097
567.0,-0.4942850456991642
568.0,-0.4944265706687829
569.0,-0.49514289177328086
570.0,-0.495273703516767
571.0,-0.4958551558066258
572.0,-0.49598782062756674
573.0,-0.4966495940937183
574.0,-0.4967777064117339
575.0,-0.4974013774877949
576.0,-0.4975282998544599
577.0,-0.4981449253887713
578.0,-0.498271946274608
579.0,-0.4989100320059208
580.0,-0.49903768171469143
581.0,-0.4996692165614417
582.0,-0.4997958691571739
583.0,-0.5004333880932917
584.0,-0.5005613931971841
585.0,-0.5011954272109056
586.0,-0.5013256337499877
587.0,-0.5019544364441418
588.0,-0.5020818483747287
589.0,-0.5027146185607864
590.0,-0.5028421583065341
591.0,-0.5034738406233493
592.0,-0.5035998602338263
593.0,-0.5042284659542481
594.0,-0.5043554399997768
595.0,-0.5049976593122608
596.0,-0.5051250560386757
597.0,-0.5057605307170842
598.0,-0.5058884239616854
599.0,-0.5065302191326717
600.0,-0.5066571570959455
601.0,-0.507287351614986
602.0,-0.5074138891837967
603.0,-0.5080559112859432
604.0,-0.5081835070707081
605.0,-0.5088101984385722
606.0,-0.5089343220314193
607.0,-0.5095497371113853
608.0,-0.5096749457866173
609.0,-0.5103398435514099
610.0,-0.5104804694654028
611.0,-0.510987888370295
612.0,-0.5111179201685736
613.0,-0.5118806183532711
614.0,-0.5120193977539104
615.0,-0.5124513603857411
616.0,-0.5128141129023729
617.0,-0.5131968975830368
618.0,-0.5135571986284322
619.0,-0.5139206896776048
620.0,-0.5142765881649451
621.0,-0.5146344707441688
622.0,-0.5149872968025008
623.0,-0.5153513289174646
624.0,-0.5157121182727983
625.0,-0.5161196619242859
626.0,-0.5162567234995353
627.0,-0.5169886246622358
628.0,-0.517099456170843
629.0,-0.5176099019524711
630.0,-0.5177272889261699
631.0,-0.51830323408294
632.0,-0.518422486777672
633.0,-0.5190820013805566
634.0,-0.519195954191677
635.0,-0.5197184364069241
636.0,-0.5198334979513394
637.0,-0.5203979968597616
638.0,-0.5205424984166105
639.0,-0.5210641197850063
640.0,-0.5211927967353612
641.0,-0.5218382530981078
642.0,-0.5219739570202957
643.0,-0.5223879751654741
644.0,-0.522669318649471
645.0,-0.5230767931176683
646.0,-0.5233471304586073
647.0,-0.5236872846636811
648.0,-0.524027498185125
649.0,-0.5243494517992736
650.0,-0.5246724953894649
651.0,-0.5249966593884607
652.0,-0.5253169222763888
653.0,-0.5256379397773879
654.0,-0.5259606968144788
655.0,-0.5262847655565956
656.0,-0.526601613001118
657.0,-0.5269193827259331
658.0,-0.5272358458097025
659.0,-0.5275587231775591
660.0,-0.5278780647230757
661.0,-0.5281908321472658
662.0,-0.5285084750203891
663.0,-0.5288279139405627
664.0,-0.5291408151537182
665.0,-0.5294568485811149
666.0,-0.5297715872681841
667.0,-0.5300860276051282
668.0,-0.5303953837971858
669.0,-0.5307071963931941
670.0,-0.531010756075216
671.0,-0.5313177232825835
672.0,-0.5316162453582515
673.0,-0.5319186933642507
674.0,-0.5322246320585582
675.0,-0.5325404562520846
676.0,-0.5328577573221135
677.0,-0.5331728337375672
678.0,-0.5334785808101499
679.0,-0.5337837922584909
680.0,-0.5340908876888278
681.0,-0.5343904759926336
682.0,-0.534691338425887
683.0,-0.5349819072679032
684.0,-0.53527853177329
685.0,-0.5355902299081423
686.0,-0.5358888552206625
687.0,-0.5361954135142994
688.0,-0.5365083788647024
689.0,-0.5368215248348702
690.0,-0.5371307143677779
691.0,-0.5374316539403767
692.0,-0.537721878097355
693.0,-0.5380135268972223
694.0,-0.5383081858369584
695.0,-0.5386083159002881
696.0,-0.5389068805701601
697.0,-0.5392128096978086
698.0,-0.5395087987845056
699.0,-0.5398083935569019
700.0,-0.5401068284592531
701.0,-0.5404048224804971
702.0,-0.5407029314640777
703.0,-0.5409864700117124
704.0,-0.5412816997461244
705.0,-0.5415818009154927
706.0,-0.541886678195417
707.0,-0.5421875224482646
708.0,-0.5424888916463323
709.0,-0.5427844011659453
710.0,-0.5430787412074864
711.0,-0.5433684541483427
712.0,-0.5436641802862696
713.0,-0.5439205789156788
714.0,-0.544232083313769
715.0,-0.544536505290171
716.0,-0.5448239665966081
717.0,-0.5450815563753284
718.0,-0.5454041739497347
719.0,-0.5457004179350918
720.0,-0.5459567743992547
721.0,-0.5462696433738145
722.0,-0.546566936680158
723.0,-0.5468559630006431
724.0,-0.5471403296283992
725.0,-0.5474232822243198
726.0,-0.547705951465018
727.0,-0.5479853441482632
728.0,-0.5482636953990045
729.0,-0.5485414127760563
730.0,-0.5488192703234407
731.0,-0.5490999156763228
732.0,-0.5493521958878123
733.0,-0.5496567437898457
734.0,-0.5499359887826065
735.0,-0.5502104081661334
736.0,-0.5504807288327135
737.0,-0.5507646671604026
738.0,-0.5510484136860173
739.0,-0.5512979439465149
740.0,-0.5515825607726065
741.0,-0.5518620097846122
742.0,-0.5521331128125196
743.0,-0.5524013962596489
744.0,-0.5526717550181768
745.0,-0.5529413583442783
746.0,-0.5532053814912801
747.0,-0.553474034766215
748.0,-0.5537369707528077
749.0,-0.5540029603027516
750.0,-0.5542786232073146
751.0,-0.5545414956624906
752.0,-0.5548029886506081
753.0,-0.5550650196824637
754.0,-0.5553226961223112
755.0,-0.5555806743956483
756.0,-0.5558364897322298
757.0,-0.5560933597800969
758.0,-0.5563555535814891
759.0,-0.556618378999014
760.0,-0.5568801183104616
761.0,-0.5571402436664468
762.0,-0.5573984858524452
763.0,-0.5576705723447825
764.0,-0.5579255349540091
765.0,-0.5581769044911773
766.0,-0.5584287295896248
767.0,-0.5586852310442447
768.0,-0.558921439659708
769.0,-0.559166664942637
770.0,-0.5594123929898288
771.0,-0.5596591345676181
772.0,-0.5599065125073768
773.0,-0.5601605710031935
774.0,-0.5604141921461455
775.0,-0.5606651410343345
776.0,-0.560918506743887
777.0,-0.5611762202655537
778.0,-0.5614350950162204
779.0,-0.5616861858753097
780.0,-0.5619252968152609
781.0,-0.5621650677413792
782.0,-0.5624014826360045
783.0,-0.5626399631061637
784.0,-0.5628716628672769
785.0,-0.5631152696525533
786.0,-0.563368173744912
787.0,-0.5636139618407111
788.0,-0.5638593147430131
789.0,-0.5640798956851273
790.0,-0.5643420923507624
791.0,-0.5645905238946471
792.0,-0.5648081907602065
793.0,-0.5650651543171098
794.0,-0.5653093704719545
795.0,-0.5655227071791892
796.0,-0.5657744019882166
797.0,-0.5660153001967066
798.0,-0.5662360672846204
799.0,-0.5664973326486599
800.0,-0.5667451587210063
801.0,-0.5669337804935369
802.0,-0.5672006658255537
803.0,-0.5674481890712362
804.0,-0.567636207172567
805.0,-0.5678680928104394
806.0,-0.568124629577481
807.0,-0.5683354726373394
808.0,-0.5685867903027431
809.0,-0.5688029665433755
810.0,-0.5690601420885413
811.0,-0.5692455755869965
812.0,-0.5695105311560245
813.0,-0.5697593074111323
814.0,-0.5699514511893851
815.0,-0.5701979951591796
816.0,-0.5704648670579159
817.0,-0.5706512186415594
818.0,-0.5708861485239822
819.0,-0.5711387168149309
820.0,-0.571354377326717
821.0,-0.5715740680090265
822.0,-0.5717970645737397
823.0,-0.572019192337912
824.0,-0.5722380557794619
825.0,-0.572452744769759
826.0,-0.5726771919160664
827.0,-0.5728981428273586
828.0,-0.5731226110300705
829.0,-0.5733465214052121
830.0,-0.5735677125451129
831.0,-0.5737919168298844
832.0,-0.5740137521090949
833.0,-0.5742417473674729
834.0,-0.5744655809094018
835.0,-0.5746899467755732
836.0,-0.574917011070473
837.0,-0.5751388964124017
838.0,-0.5753575435425787
839.0,-0.5755597713318222
840.0,-0.5757675756826632
841.0,-0.5759721832457403
842.0,-0.5761826388538331
843.0,-0.5763992700935905
844.0,-0.5766089729054241
845.0,-0.5768211225655177
846.0,-0.5770385056137006
847.0,-0.5772540960479541
848.0,-0.5774739699969255
849.0,-0.577695431503523
850.0,-0.5779115679168151
851.0,-0.5781325721370016
852.0,-0.578343328691668
853.0,-0.5785428280092788
854.0,-0.5787497209680668
855.0,-0.5789578505573997
856.0,-0.5791700916489708
857.0,-0.5793770866057414
858.0,-0.579583820282544
859.0,-0.5797840459866926
860.0,-0.579989096967738
861.0,-0.5801955549726191
862.0,-0.5803986637709765
863.0,-0.5805964215464378
864.0,-0.5807987803337833
865.0,-0.5809992002979548
866.0,-0.5812015650983581
867.0,-0.5814112463203781
868.0,-0.5815944050127766
869.0,-0.5818122273500187
870.0,-0.5820201381676556
871.0,-0.5822250902013656
872.0,-0.5823971988872577
873.0,-0.582608658945734
874.0,-0.5828053585248836
875.0,-0.582979978366655
876.0,-0.5831956338586669
877.0,-0.5833970263753471
878.0,-0.5835742566004081
879.0,-0.58377924715549
880.0,-0.58398304491338
881.0,-0.5841773495044017
882.0,-0.5843481184705809
883.0,-0.5845557608420662
884.0,-0.5847479720928112
885.0,-0.5849157149030831
886.0,-0.5851210541626343
887.0,-0.5853189065333747
888.0,-0.5854888783329056
889.0,-0.5856979333711947
890.0,-0.5858711897980488
891.0,-0.5860714118438971
892.0,-0.586238353734878
893.0,-0.5864148861665918
894.0,-0.5866166089379495
895.0,-0.5867818485933342
896.0,-0.5869783172758525
897.0,-0.5871213719411139
898.0,-0.5873323856545813
899.0,-0.5875227731140417
900.0,-0.5876649884745574
901.0,-0.5878810252835118
902.0,-0.5880689349701345
903.0,-0.5882127537121989
904.0,-0.5884253465988334
905.0,-0.5886131061663181
906.0,-0.5887480384436425
907.0,-0.5889446640448859
908.0,-0.5891231565532502
909.0,-0.5892571026505319
910.0,-0.5894542928223577
911.0,-0.5896282291654478
912.0,-0.5897633866777223
913.0,-0.5899632650832484
914.0,-0.590154375442778
915.0,-0.590293814743347
916.0,-0.5905051277906672
917.0,-0.5906837852406196
918.0,-0.5908175814073747
919.0,-0.5910098825297029
920.0,-0.5911812531933828
921.0,-0.5913103448812628
922.0,-0.5915014234891459
923.0,-0.5916738222067731
924.0,-0.5918049697880272
925.0,-0.5919773958875443
926.0,-0.592164038735472
927.0,-0.5922967378618994
928.0,-0.5924973335729029
929.0,-0.5926295923345921
930.0,-0.5928137448209854
931.0,-0.5929434130236242
932.0,-0.593135738417823
933.0,-0.5932697214200681
934.0,-0.5934691781139237
935.0,-0.5936018138394712
936.0,-0.5938063424644561
937.0,-0.593938816408285
938.0,-0.5941370359980911
939.0,-0.594271691710886
940.0,-0.5944707014944599
941.0,-0.5946010370438143
942.0,-0.594796237249129
943.0,-0.5949242371349386
944.0,-0.5951171644467804
945.0,-0.595242132179712
946.0,-0.5954283214464878
947.0,-0.5955532656840696
948.0,-0.5957449397751693
949.0,-0.5958729917456198
950.0,-0.5960678197748842
951.0,-0.596199251419207
952.0,-0.5963993766899551
953.0,-0.5965294593070305
954.0,-0.5967250735181328
955.0,-0.5968528059636854
956.0,-0.5970457215566436
957.0,-0.5971705028343097
958.0,-0.5973595912965167
959.0,-0.5974836195882067
960.0,-0.59767677556609
961.0,-0.597802118408642
962.0,-0.5979987129175324
963.0,-0.5981249758007059
964.0,-0.5983194318418719
965.0,-0.5984472862349677
966.0,-0.5986436159490717
967.0,-0.5987701621045167
968.0,-0.5989687069386886
969.0,-0.5990999797462244
970.0,-0.5992777209969888
971.0,-0.5994746296662238
972.0,-0.5996012759097915
973.0,-0.5997758750780919
974.0,-0.5999668337742518
975.0,-0.6000936169038816
976.0,-0.6002904396727503
977.0,-0.6004179237090999
978.0,-0.6006140623901071
979.0,-0.6007874457551365
980.0,-0.6009127071805734
981.0,-0.6010891909761252
982.0,-0.6012819223379353
983.0,-0.6014079425783442
984.0,-0.6015832317643184
985.0,-0.6017808017221137
986.0,-0.6019088040279933
987.0,-0.602088726747379
988.0,-0.6022877468636658
989.0,-0.602415914859538
990.0,-0.6025971373513096
991.0,-0.6027945856099337
992.0,-0.6029216341050161
993.0,-0.6031040961299434
994.0,-0.6032804213022406
995.0,-0.6034543071211462
996.0,-0.6036232452365585
997.0,-0.6037882966720639
998.0,-0.6039565387094517
999.0,-0.6041244496527548
1000.0,-0.6042948265050143
1001.0,-0.6044659473166633
1002.0,-0.6046377781335982
1003.0,-0.6048107283622645
1004.0,-0.6049830267102831
1005.0,-0.6051549627286004
1006.0,-0.6053278125350767
1007.0,-0.60550336066758
1008.0,-0.6056782985810012
1009.0,-0.6058522620814045
1010.0,-0.6060278374681463
1011.0,-0.606200507366092
1012.0,-0.6063712020264823
1013.0,-0.6065406675255058
1014.0,-0.6067099870558516
1015.0,-0.6068803627940562
1016.0,-0.6070562226290216
1017.0,-0.6072320480896604
1018.0,-0.607404440084826
1019.0,-0.6075774371981896
1020.0,-0.6077508260065765
1021.0,-0.607923550907094
1022.0,-0.6080960818897675
1023.0,-0.6082708346228151
1024.0,-0.6084414800636601
1025.0,-0.6086127846453632
1026.0,-0.6087827144997264
1027.0,-0.6089524841358083
1028.0,-0.6091213644771195
1029.0,-0.6092922453037023
1030.0,-0.6094615486229047
1031.0,-0.6096049536641144
1032.0,-0.6097968082623891
1033.0,-0.6099758645263014
1034.0,-0.610148852682761
1035.0,-0.6102919074540466
1036.0,-0.6104847547606643
1037.0,-0.6106649722311167
1038.0,-0.6108116004582675
1039.0,-0.6110063076494786
1040.0,-0.6111841814955756
1041.0,-0.6113256992048376
1042.0,-0.6115143591310509
1043.0,-0.6116873585016256
1044.0,-0.6118264409427114
1045.0,-0.612012247643648
1046.0,-0.6121834984434886
1047.0,-0.6123218856320527
1048.0,-0.612502743669788
1049.0,-0.6126734873060425
1050.0,-0.6128105247919527
1051.0,-0.6129916471284708
1052.0,-0.6131618720115161
1053.0,-0.6133004478199647
1054.0,-0.6134821429686902
1055.0,-0.6136537863446069
1056.0,-0.6137911659221098
1057.0,-0.6139748391715065
1058.0,-0.6141463192486427
1059.0,-0.6142834256449663
1060.0,-0.614465314150936
1061.0,-0.614634010795326
1062.0,-0.6147671678945595
1063.0,-0.6149464258624983
1064.0,-0.6151100377221734
1065.0,-0.615241552772761
1066.0,-0.615418572691844
1067.0,-0.6155817022499982
1068.0,-0.6157136396322681
1069.0,-0.6158887665496915
1070.0,-0.6160528674792675
1071.0,-0.6161840774514182
1072.0,-0.6163587867453671
1073.0,-0.6165188506272359
1074.0,-0.6166473665889945
1075.0,-0.6168177726766431
1076.0,-0.6169753391242532
1077.0,-0.6171026261274849
1078.0,-0.6172762041181493
1079.0,-0.617436067622693
1080.0,-0.6175879628212427
1081.0,-0.6177147439318101
1082.0,-0.6178836369562561
1083.0,-0.6180671695255362
1084.0,-0.6181576048305872
1085.0,-0.6183804549046671
1086.0,-0.6184479964384397
1087.0,-0.618716956806058
1088.0,-0.6187758189947837
1089.0,-0.6189220917390247
1090.0,-0.6190680671611448
1091.0,-0.6192192089812291
1092.0,-0.6193677132739055
1093.0,-0.619541009547778
1094.0,-0.619668325348406
1095.0,-0.6198109282210021
1096.0,-0.6199566545727997
1097.0,-0.6201017047893146
1098.0,-0.6202477040866834
1099.0,-0.6203910227696402
1100.0,-0.6205374188451125
1101.0,-0.6206812782593549
1102.0,-0.6208250186508425
1103.0,-0.6209947080398451
1104.0,-0.6211209092748633
1105.0,-0.6212594242219256
1106.0,-0.6214011712269795
1107.0,-0.6215464140256449
1108.0,-0.6217139156326528
1109.0,-0.6218402778871764
1110.0,-0.621976061956461
1111.0,-0.6221394956167617
1112.0,-0.6222619434973775
1113.0,-0.6223966630848298
1114.0,-0.6225345940674624
1115.0,-0.6227145696741001
1116.0,-0.6227907332478815
1117.0,-0.6229874524665306
1118.0,-0.6230624552022875
1119.0,-0.6232632220974516
1120.0,-0.6233393184418125
1121.0,-0.6235804934502196
1122.0,-0.6236367012314054
1123.0,-0.6238127954898767
1124.0,-0.6238873057827476
1125.0,-0.6240877748426191
1126.0,-0.6241635705343911
1127.0,-0.6244041166078114
1128.0,-0.6244601994271256
1129.0,-0.6246343074825602
1130.0,-0.6247074446966732
1131.0,-0.624906007376061
1132.0,-0.6249819010071046
1133.0,-0.6252094219172889
1134.0,-0.6252674517073107
1135.0,-0.625494692741382
1136.0,-0.6255481911898205
1137.0,-0.6257220186209967
1138.0,-0.6257823722416667
1139.0,-0.6260259180248506
1140.0,-0.6260786072209772
1141.0,-0.6262536436346643
1142.0,-0.626311789802024
1143.0,-0.6265582753862555
1144.0,-0.6266112757605395
1145.0,-0.6267843787100682
1146.0,-0.6268425283604119
1147.0,-0.6270819992869392
1148.0,-0.6271351315323178
1149.0,-0.6273065012307505
1150.0,-0.6273650501770682
1151.0,-0.627606450760094
1152.0,-0.6276585018469226
1153.0,-0.6278291489516139
1154.0,-0.6278864388089546
1155.0,-0.6281263670565158
1156.0,-0.6281783534529184
1157.0,-0.6283485839449735
1158.0,-0.6284055508738188
1159.0,-0.6286427616791508
1160.0,-0.628694029942933
1161.0,-0.6288597490506982
1162.0,-0.6289163749027489
1163.0,-0.6291487463430714
1164.0,-0.6291996271690437
1165.0,-0.629367129342276
1166.0,-0.6294234755062784
1167.0,-0.6296529606457588
1168.0,-0.6297035595239611
1169.0,-0.6298667555348971
1170.0,-0.6299215663429801
1171.0,-0.6301469137496116
1172.0,-0.6301966252189677
1173.0,-0.6303577932007485
1174.0,-0.6304136211332824
1175.0,-0.630641068705004
1176.0,-0.6306918514277785
1177.0,-0.6308513746662384
1178.0,-0.6309068499055573
1179.0,-0.6311369226230686
1180.0,-0.6311859457367491
1181.0,-0.6313438252538675
1182.0,-0.6313982918241304
1183.0,-0.6316237899691651
1184.0,-0.6316724498215222
1185.0,-0.6318268222760675
1186.0,-0.6318909229659403
1187.0,-0.6320679768785468
1188.0,-0.6321342371176449
1189.0,-0.6323445604898192
1190.0,-0.6323920566206755
1191.0,-0.6325416740812408
1192.0,-0.6325935255792833
1193.0,-0.632801373092281
1194.0,-0.6328504160085484
1195.0,-0.6330067880340254
1196.0,-0.6330694935552221
1197.0,-0.6332439747722474
1198.0,-0.63330881221726
1199.0,-0.6335157865827673
1200.0,-0.633563823067787
1201.0,-0.6337140046549391
1202.0,-0.6337770814495434
1203.0,-0.6339442711285579
1204.0,-0.6340087411118058
1205.0,-0.6342124929741154
1206.0,-0.634260279947339
1207.0,-0.6344067558195876
1208.0,-0.6344662763294941
1209.0,-0.6346326019067493
1210.0,-0.6346958644605228
1211.0,-0.6349004737035986
1212.0,-0.6349460710002014
1213.0,-0.6350873974654153
1214.0,-0.635147959878472
1215.0,-0.6353112820377026
1216.0,-0.6353741931436636
1217.0,-0.6355707109122779
1218.0,-0.6356174514786169
1219.0,-0.635763624958485
1220.0,-0.6358231713465327
1221.0,-0.635984145077292
1222.0,-0.6360884222498586
1223.0,-0.6361553507319508
1224.0,-0.6363515558846715
1225.0,-0.6363976783775971
1226.0,-0.6365391081626104
1227.0,-0.6365980528539312
1228.0,-0.6367562862736941
1229.0,-0.6368597830365273
1230.0,-0.6369254737445438
1231.0,-0.6371214873243469
1232.0,-0.6371664535497831
1233.0,-0.6373053993262203
1234.0,-0.6373645041251608
1235.0,-0.6375251678623293
1236.0,-0.6375862060789208
1237.0,-0.637780916382729
1238.0,-0.6378273932830297
1239.0,-0.6379661044677715
1240.0,-0.6380143877884453
1241.0,-0.6382086728545203
1242.0,-0.6382526166531474
1243.0,-0.6384079905119738
1244.0,-0.6384542770551168
1245.0,-0.6386224202955874
1246.0,-0.6386682409539449
1247.0,-0.6388449453628274
1248.0,-0.6388882484949611
1249.0,-0.6390263158280409
1250.0,-0.6390747893717301
1251.0,-0.6392731634205767
1252.0,-0.6393174529135535
1253.0,-0.6394507644326164
1254.0,-0.6394989117209422
1255.0,-0.6396996987567805
1256.0,-0.6397438245991118
1257.0,-0.6398816337678767
1258.0,-0.6399283989629996
1259.0,-0.6401205974645422
1260.0,-0.6401637860466087
1261.0,-0.6402956708696677
1262.0,-0.6403420231367862
1263.0,-0.6405318259615989
1264.0,-0.64057448599357
1265.0,-0.6407055919060921
1266.0,-0.6407524555098796
1267.0,-0.6409436373226197
1268.0,-0.6409863608813389
1269.0,-0.6411008596251042
1270.0,-0.6411758404069927
1271.0,-0.6413042961696256
1272.0,-0.6414158567525402
1273.0,-0.6414914440359618
1274.0,-0.6415992885629617
1275.0,-0.6417244408010866
1276.0,-0.6418019223188882
1277.0,-0.6419104955023277
1278.0,-0.6420299077184823
1279.0,-0.6421057839011063
1280.0,-0.642229300652924
1281.0,-0.642303395076463
1282.0,-0.6424269524903555
1283.0,-0.6425003946684253
1284.0,-0.6426252850762187
1285.0,-0.6427000371359883
1286.0,-0.6428232783926052
1287.0,-0.6428958206179392
1288.0,-0.6430184235512999
1289.0,-0.6431213244038799
1290.0,-0.6431800687366512
1291.0,-0.6433344237912402
1292.0,-0.6433773213002613
1293.0,-0.6435227848158809
1294.0,-0.6435654729297646
1295.0,-0.6437130402294454
1296.0,-0.6437558870760481
1297.0,-0.6439082495141671
1298.0,-0.6439497409988566
1299.0,-0.6441012900369276
1300.0,-0.6441415619069364
1301.0,-0.6442890023510762
1302.0,-0.644331198552467
1303.0,-0.6444788928814841
1304.0,-0.6445196903730354
1305.0,-0.6446670730372601
1306.0,-0.6447092402055661
1307.0,-0.644869379290657
1308.0,-0.6449097866496456
1309.0,-0.645030581647757
1310.0,-0.6450832327953001
1311.0,-0.6452323262747485
1312.0,-0.6452748711108475
1313.0,-0.645435475945813
1314.0,-0.6454752055063848
1315.0,-0.6455910982623452
1316.0,-0.6456340536259001
1317.0,-0.645802696881302
1318.0,-0.64584168524358
1319.0,-0.6459565289195752
1320.0,-0.6460073127821064
1321.0,-0.6461386949565249
1322.0,-0.646190845320061
1323.0,-0.6463408720820447
1324.0,-0.646381887272403
1325.0,-0.6465219414847742
1326.0,-0.6465628151465949
1327.0,-0.6466916142233428
1328.0,-0.6467416204143023
1329.0,-0.6468706651635477
1330.0,-0.646921690430239
1331.0,-0.6470515678644463
1332.0,-0.6471026735574967
1333.0,-0.6472317241844194
1334.0,-0.6472814578825442
1335.0,-0.6474111085250556
1336.0,-0.6474618940159131
1337.0,-0.6475911139308421
1338.0,-0.6476411515081438
1339.0,-0.647765709539401
1340.0,-0.6478149605410869
1341.0,-0.6479417789895611
1342.0,-0.6479906084736333
1343.0,-0.6481142060071425
1344.0,-0.6481643475032194
1345.0,-0.648286896227461
1346.0,-0.648337209588805
1347.0,-0.6484624656796684
1348.0,-0.6485112988896852
1349.0,-0.6486335052781845
1350.0,-0.6486825944920082
1351.0,-0.6488057260612268
1352.0,-0.6488544546563879
1353.0,-0.6489766766784437
1354.0,-0.6490249698470257
1355.0,-0.6491483732151971
1356.0,-0.6491888577700545
1357.0,-0.6493389541924138
1358.0,-0.6493761028392605
1359.0,-0.6494604851318923
1360.0,-0.6495431958807931
1361.0,-0.6496284420492664
1362.0,-0.6497412720442172
1363.0,-0.649789805783379
1364.0,-0.6499093159370295
1365.0,-0.6499549985528958
1366.0,-0.6500725590840679
1367.0,-0.6501199063411196
1368.0,-0.6502373638786244
1369.0,-0.6502846839916804
1370.0,-0.6504047679988441
1371.0,-0.650451740289403
1372.0,-0.6505686549229467
1373.0,-0.6506149768725652
1374.0,-0.6507315646102685
1375.0,-0.6507768165605341
1376.0,-0.6508933595839168
1377.0,-0.6509397007781924
1378.0,-0.6510562549143932
1379.0,-0.651102412255306
1380.0,-0.651221212291037
1381.0,-0.6512676021363918
1382.0,-0.6513838789981243
1383.0,-0.6514294643762254
1384.0,-0.6515425123793532
1385.0,-0.6515877394140739
1386.0,-0.6517021615920948
1387.0,-0.6517469469139647
1388.0,-0.6518614633543769
1389.0,-0.6519068476115317
1390.0,-0.6520175908113223
1391.0,-0.6520629404838155
1392.0,-0.6521773976186073
1393.0,-0.6522227643739898
1394.0,-0.6523367661099401
1395.0,-0.6523813770925803
1396.0,-0.6524952024841522
1397.0,-0.6525384165768823
1398.0,-0.652647767371793
1399.0,-0.6526918426471717
1400.0,-0.6528004302330026
1401.0,-0.6528456130840681
1402.0,-0.6529567066675965
1403.0,-0.6530008755955253
1404.0,-0.6531114133363227
1405.0,-0.6531552411443526
1406.0,-0.6532645914526871
1407.0,-0.6533085490447363
1408.0,-0.6534213462021765
1409.0,-0.6534645634644304
1410.0,-0.6535732938088973
1411.0,-0.6536162274615946
1412.0,-0.6537237282856959
1413.0,-0.6537674579628197
1414.0,-0.6538727658111907
1415.0,-0.6539144546021324
1416.0,-0.6540229845799733
1417.0,-0.6540652318297597
1418.0,-0.6541704265221752
1419.0,-0.6542129253125545
1420.0,-0.654320232816388
1421.0,-0.6543621743191309
1422.0,-0.6544673895520569
1423.0,-0.6545099857541525
1424.0,-0.654616853766433
1425.0,-0.6546592882507656
1426.0,-0.6547629130203195
1427.0,-0.6548051893768383
1428.0,-0.6549086122642558
1429.0,-0.6549505154646864
1430.0,-0.6550568837088853
1431.0,-0.6550983976979827
1432.0,-0.6552002573412298
1433.0,-0.65524211413594
1434.0,-0.6553450265691476
1435.0,-0.6553863200078188
1436.0,-0.655488494939584
1437.0,-0.6555292525993756
1438.0,-0.655630358405775
1439.0,-0.6556713375145256
1440.0,-0.6557701065710002
1441.0,-0.6558109213134671
1442.0,-0.6559128111977444
1443.0,-0.6559530630306651
1444.0,-0.6560544904735376
1445.0,-0.6560957379175049
1446.0,-0.6561968399505951
1447.0,-0.6562372328286628
1448.0,-0.656342661816053
1449.0,-0.6563824880158483
1450.0,-0.6564824724968936
1451.0,-0.6565216095826021
1452.0,-0.6566181422442757
1453.0,-0.6566577599275412
1454.0,-0.6567538960113108
1455.0,-0.6567933196955749
1456.0,-0.6568904646012648
1457.0,-0.656930033440136
1458.0,-0.6570256427142115
1459.0,-0.6570646533806929
1460.0,-0.6571605854365707
1461.0,-0.657200113920056
1462.0,-0.657298297158472
1463.0,-0.6573378322751315
1464.0,-0.6574378607026659
1465.0,-0.6574760947337287
1466.0,-0.6575712156930754
1467.0,-0.6576107337859589
1468.0,-0.6577084627176772
1469.0,-0.657746777666442
1470.0,-0.657840761007271
1471.0,-0.6578793194641782
1472.0,-0.6579741160384102
1473.0,-0.6580123302260907
1474.0,-0.6581076331950849
1475.0,-0.658144950140515
1476.0,-0.6582383472349439
1477.0,-0.6582761152926634
1478.0,-0.658368200147216
1479.0,-0.6584062183176438
1480.0,-0.6584967871231704
1481.0,-0.6585351640796057
1482.0,-0.6586301912276958
1483.0,-0.6586679925353732
1484.0,-0.6587595919665387
1485.0,-0.6587970346952915
1486.0,-0.6588910320265294
1487.0,-0.6589278758204042
1488.0,-0.6590192275246695
1489.0,-0.6590559474959681
1490.0,-0.6591472091196924
1491.0,-0.6591830583643864
1492.0,-0.6592726506753531
1493.0,-0.6593093702047268
1494.0,-0.6594034220848002
1495.0,-0.6594389460487657
1496.0,-0.6595290825419773
1497.0,-0.6595652727655232
1498.0,-0.6596564478227955
1499.0,-0.6596917602208391
1500.0,-0.6597801991154731
