"Iteration","CpT_flap1 Monitor: CpT_flap1 Monitor"
1.0,-0.665924379245214
2.0,-0.1374729560020859
3.0,-0.481968914240541
4.0,-0.618762053772488
5.0,-0.6040441104091048
6.0,-0.5300350791750097
7.0,-0.5290375924460833
8.0,-0.5063839266203576
9.0,-0.4865913988915258
10.0,-0.46991787994439593
11.0,-0.439055546577026
12.0,-0.43395703908698713
13.0,-0.4132500766058124
14.0,-0.3679605301086096
15.0,-0.35508258777561086
16.0,-0.339441309772373
17.0,-0.314207056511521
18.0,-0.24001903826486076
19.0,-0.2368532877798707
20.0,-0.23438831573156477
21.0,-0.23434150933587272
22.0,-0.23770350364882842
23.0,-0.274830273200114
24.0,-0.28403009260838147
25.0,-0.2992222059399176
26.0,-0.3054306576252644
27.0,-0.3243223471358253
28.0,-0.32963575864136935
29.0,-0.33239247458036225
30.0,-0.33274442582741515
31.0,-0.3316106811632616
32.0,-0.329073753750611
33.0,-0.3257876336520957
34.0,-0.32166237959656147
35.0,-0.3130738111112057
36.0,-0.3084799961106547
37.0,-0.30279496841762976
38.0,-0.29109841736948605
39.0,-0.2854440755850107
40.0,-0.2797960579424688
41.0,-0.27389309978662907
42.0,-0.26861137896081166
43.0,-0.2641864841754793
44.0,-0.2609009700215074
45.0,-0.25858695145822885
46.0,-0.25729317061709406
47.0,-0.2568874839531254
48.0,-0.2573520769374465
49.0,-0.25859216500233606
50.0,-0.25997229960545687
51.0,-0.2627932108879475
52.0,-0.2649491901027651
53.0,-0.26880200922307523
54.0,-0.27119286299551854
55.0,-0.27416023755538294
56.0,-0.27696623766409445
57.0,-0.28029830429331154
58.0,-0.2817016062152858
59.0,-0.28265034190544885
60.0,-0.28296677938716364
61.0,-0.28282305547079895
62.0,-0.28220083910848925
63.0,-0.28126729737781275
64.0,-0.28020811337864787
65.0,-0.27896882775162
66.0,-0.2776265131883145
67.0,-0.2763663972289101
68.0,-0.27468154540760714
69.0,-0.2730376168942249
70.0,-0.271559113048842
71.0,-0.26996206097616865
72.0,-0.2694892679067941
73.0,-0.26943974336968085
74.0,-0.2700776603788114
75.0,-0.27100114024620225
76.0,-0.27169250691581215
77.0,-0.2721504136645581
78.0,-0.27331208195304896
79.0,-0.27365825887678974
80.0,-0.27449130399921673
81.0,-0.2749124446267361
82.0,-0.2763517249493205
83.0,-0.27679917144400373
84.0,-0.2774999245936135
85.0,-0.278401514754446
86.0,-0.27931070785986556
87.0,-0.2811904712183772
88.0,-0.28234074045646895
89.0,-0.28428907181139407
90.0,-0.28534531091138976
91.0,-0.2871895656255937
92.0,-0.2880982196159461
93.0,-0.2892687308338809
94.0,-0.29005203589971085
95.0,-0.29101120146458515
96.0,-0.29153138358979175
97.0,-0.2923823676864244
98.0,-0.2928906787661551
99.0,-0.29396900049059194
100.0,-0.29460725221223377
101.0,-0.2961483325399858
102.0,-0.2971586103271648
103.0,-0.29865276866986135
104.0,-0.29999113493721785
105.0,-0.302294879844042
106.0,-0.30429130251537606
107.0,-0.3064842065660353
108.0,-0.30885435037929004
109.0,-0.31141223677529245
110.0,-0.314798961387515
111.0,-0.31776323121689126
112.0,-0.3204935364318898
113.0,-0.3231449210280667
114.0,-0.32402138596628477
115.0,-0.32438539242367875
116.0,-0.32440046417763346
117.0,-0.3241231576768364
118.0,-0.323557038443961
119.0,-0.32226279080445885
120.0,-0.3216805605261648
121.0,-0.3208719534566422
122.0,-0.32037124574734976
123.0,-0.3196639744657049
124.0,-0.31937842671295924
125.0,-0.3190644571666482
126.0,-0.3190729787718212
127.0,-0.3193841926184412
128.0,-0.3199297945574033
129.0,-0.32062933143450684
130.0,-0.3220123232947866
131.0,-0.3237490240992636
132.0,-0.32565118419769057
133.0,-0.32772071382936835
134.0,-0.32930647560490983
135.0,-0.33300740268144935
136.0,-0.33451840282373074
137.0,-0.33695514639787577
138.0,-0.3384989568550231
139.0,-0.3415717250306102
140.0,-0.34273606396355777
141.0,-0.34398128212014434
142.0,-0.3456552222648541
143.0,-0.3465408398899622
144.0,-0.34767952276202674
145.0,-0.3483276589769989
146.0,-0.3491394500801036
147.0,-0.34963138778412745
148.0,-0.35020375832010986
149.0,-0.3505437224274614
150.0,-0.35104483081106
151.0,-0.3512703468598703
152.0,-0.35174510628500527
153.0,-0.3521000627967252
154.0,-0.3530751620028946
155.0,-0.35402742575692
156.0,-0.3547940424129146
157.0,-0.35653597588670133
158.0,-0.3574336470501291
159.0,-0.35970675964388366
160.0,-0.360622721497784
161.0,-0.3628597231133765
162.0,-0.364213844103082
163.0,-0.365742658912841
164.0,-0.3676821672621408
165.0,-0.36851858991140346
166.0,-0.3695528709835751
167.0,-0.37147312947443
168.0,-0.3722258876521104
169.0,-0.3736626986334289
170.0,-0.3756139904015047
171.0,-0.3765483609371096
172.0,-0.3777948967594396
173.0,-0.380414700821241
174.0,-0.38151314447130275
175.0,-0.384395687855009
176.0,-0.3857332266165077
177.0,-0.38891293982765907
178.0,-0.3910091664469837
179.0,-0.3940987531085403
180.0,-0.39617079061976385
181.0,-0.39928266898219206
182.0,-0.4020340051072495
183.0,-0.403870392612273
184.0,-0.40629403668864944
185.0,-0.4086878597571834
186.0,-0.40967942683174824
187.0,-0.41093826504999337
188.0,-0.41117035965231985
189.0,-0.41125537263370177
190.0,-0.41113265449954617
191.0,-0.410992485426951
192.0,-0.4108832790460508
193.0,-0.4106905487184867
194.0,-0.41083694428264766
195.0,-0.41117408275138
196.0,-0.41208291451196
197.0,-0.4130566927171989
198.0,-0.41411172198562296
199.0,-0.41486734778886125
200.0,-0.41676535608897936
201.0,-0.4186241010556612
202.0,-0.41967945669408996
203.0,-0.42232020119262453
204.0,-0.4234485739472413
205.0,-0.42625777620445143
206.0,-0.4274388821341381
207.0,-0.4302290449305087
208.0,-0.4313505111549111
209.0,-0.43390123044368495
210.0,-0.43491087322435007
211.0,-0.4369896304887906
212.0,-0.43783452743595785
213.0,-0.4394899738842425
214.0,-0.4401945574876634
215.0,-0.441629324796412
216.0,-0.4422376174010646
217.0,-0.44356079561495904
218.0,-0.4441034577684165
219.0,-0.44531485636477625
220.0,-0.4458396846268308
221.0,-0.44717362362286134
222.0,-0.447727804275302
223.0,-0.4491819572583344
224.0,-0.4498226192149867
225.0,-0.45160380456686233
226.0,-0.4523723245648733
227.0,-0.4539052791192484
228.0,-0.4549458831188132
229.0,-0.4568126577289655
230.0,-0.4579951798337791
231.0,-0.46013403964868244
232.0,-0.46144058053290843
233.0,-0.46365059926709423
234.0,-0.4650142868252398
235.0,-0.4673345552088941
236.0,-0.4687119516716077
237.0,-0.4710305914441352
238.0,-0.4724414886766263
239.0,-0.47555221566119593
240.0,-0.4766720223715645
241.0,-0.4781083561358079
242.0,-0.4803936847221293
243.0,-0.4823655937065361
244.0,-0.4836523422054575
245.0,-0.4857891951836914
246.0,-0.48754700602302775
247.0,-0.48919380084136377
248.0,-0.4902862297348741
249.0,-0.4925476485494093
250.0,-0.4933136388772062
251.0,-0.4951218095712377
252.0,-0.4957489460969717
253.0,-0.4972599687901917
254.0,-0.4977651932101057
255.0,-0.4988153236700657
256.0,-0.49980044963352477
257.0,-0.5002418247042926
258.0,-0.5010103940999889
259.0,-0.5022215669099106
260.0,-0.502929642594427
261.0,-0.5039926254208174
262.0,-0.505605225094569
263.0,-0.5065396898203393
264.0,-0.5082888979892706
265.0,-0.5093746755483208
266.0,-0.5107604864124491
267.0,-0.5129607946083216
268.0,-0.514248963291165
269.0,-0.5158230179222261
270.0,-0.5183235659660623
271.0,-0.519746422928608
272.0,-0.5214539619280293
273.0,-0.5241026330217543
274.0,-0.5255977868759697
275.0,-0.5281478605479452
276.0,-0.5296020037468997
277.0,-0.5320267912300667
278.0,-0.5334010188690792
279.0,-0.5363842912799474
280.0,-0.537383587641676
281.0,-0.5386432929786048
282.0,-0.5403880157035735
283.0,-0.5421877996185374
284.0,-0.5428853507919806
285.0,-0.5438089169969953
286.0,-0.5450712256631823
287.0,-0.5462397224305239
288.0,-0.5467624099472792
289.0,-0.5477705864491096
290.0,-0.5488076929291474
291.0,-0.5493357185285237
292.0,-0.5504518978894486
293.0,-0.5516801183248214
294.0,-0.5523158848056121
295.0,-0.5535921428149501
296.0,-0.5551890517273413
297.0,-0.5559953275681304
298.0,-0.5575759684087737
299.0,-0.5595593379081076
300.0,-0.5605077282408389
301.0,-0.5622832029025021
302.0,-0.563978614114908
303.0,-0.5657202629267747
304.0,-0.5675069390987877
305.0,-0.569269157906918
306.0,-0.5710035167780886
307.0,-0.5726996187792023
308.0,-0.5743325049699085
309.0,-0.5758782558480425
310.0,-0.57738042998186
311.0,-0.5788542098266561
312.0,-0.580293570082666
313.0,-0.581679443632937
314.0,-0.5830228720561562
315.0,-0.5843240724123614
316.0,-0.585609811425511
317.0,-0.586877452741454
318.0,-0.5881441036776924
319.0,-0.5894156950066624
320.0,-0.590683820339194
321.0,-0.5919469657634034
322.0,-0.593252829169707
323.0,-0.5945811598747895
324.0,-0.5959345537519435
325.0,-0.597306403436109
326.0,-0.5987068317244815
327.0,-0.6001621699114954
328.0,-0.6016224578690071
329.0,-0.6031053495013491
330.0,-0.6046069166034714
331.0,-0.6070655801783796
332.0,-0.6078548243916623
333.0,-0.6100111584561321
334.0,-0.6110699539638548
335.0,-0.6123843256603815
336.0,-0.6137818670518295
337.0,-0.6152215791763006
338.0,-0.6166788693367472
339.0,-0.619003129061414
340.0,-0.6197483559552439
341.0,-0.6211552189717982
342.0,-0.6232074589103535
343.0,-0.6241581651556428
344.0,-0.6259290453137046
345.0,-0.6268510030628444
346.0,-0.6285370865993132
347.0,-0.6294400458264567
348.0,-0.6310692816689708
349.0,-0.631950556715359
350.0,-0.6335581249456496
351.0,-0.6344252336390236
352.0,-0.6360469196050109
353.0,-0.6369322949752371
354.0,-0.6385949027353286
355.0,-0.6394884886410177
356.0,-0.641180910639774
357.0,-0.6420911215322703
358.0,-0.6440455481114394
359.0,-0.6448604305971608
360.0,-0.6464078345208092
361.0,-0.6473168741549716
362.0,-0.6495730957151724
363.0,-0.6503384472457423
364.0,-0.6519769285307954
365.0,-0.6528016165530671
366.0,-0.6550532552610929
367.0,-0.6557624414821126
368.0,-0.657224063235363
369.0,-0.65819663281068
370.0,-0.660001365293209
371.0,-0.6608719925646329
372.0,-0.6623131334036954
373.0,-0.6634103552289089
374.0,-0.6647854014303287
375.0,-0.6658770733423266
376.0,-0.6670771618691667
377.0,-0.6685289987352562
378.0,-0.6694625801578621
379.0,-0.6710106626909118
380.0,-0.6719444855458631
381.0,-0.6734983312350955
382.0,-0.6742628355262588
383.0,-0.6764539964507794
384.0,-0.6770984675839185
385.0,-0.6784901634926704
386.0,-0.6792344293104778
387.0,-0.6813580683517813
388.0,-0.6819992099495522
389.0,-0.6833821851120545
390.0,-0.6840997126832407
391.0,-0.6860863121071543
392.0,-0.6866920701755401
393.0,-0.6880245422514899
394.0,-0.6888715597406925
395.0,-0.6906646482131702
396.0,-0.6912589323813078
397.0,-0.6927030269037712
398.0,-0.6934454794447795
399.0,-0.6951379456586703
400.0,-0.6957250785480579
401.0,-0.6974206944380934
402.0,-0.6981049675901675
403.0,-0.6993665617724457
404.0,-0.7005806526398856
405.0,-0.701747732276406
406.0,-0.7028869591444276
407.0,-0.7041774566801628
408.0,-0.7051652801840765
409.0,-0.7062219605279539
410.0,-0.7074478748363476
411.0,-0.7084442903340737
412.0,-0.709664819220835
413.0,-0.7106472443337648
414.0,-0.7118242675650926
415.0,-0.7129191854160123
416.0,-0.7139880183666795
417.0,-0.7150508922555602
418.0,-0.7161476444477171
419.0,-0.7174022252334539
420.0,-0.718043496503946
421.0,-0.7197969079743123
422.0,-0.7203407225417225
423.0,-0.7216249138648949
424.0,-0.7225074780573898
425.0,-0.7238226627586816
426.0,-0.7244484434817647
427.0,-0.7262947942927791
428.0,-0.7268220092044344
429.0,-0.7280930035068894
430.0,-0.7289363644675393
431.0,-0.7301910901228356
432.0,-0.7310313318766474
433.0,-0.7322900354583827
434.0,-0.7328938882939393
435.0,-0.7345936848446436
436.0,-0.735116097099723
437.0,-0.7363802393064507
438.0,-0.7371962292089556
439.0,-0.7384277410661116
440.0,-0.7392427908935957
441.0,-0.7404408855068776
442.0,-0.7412317524082926
443.0,-0.7423707787557339
444.0,-0.7434124822293561
445.0,-0.7441599353964075
446.0,-0.7452917616522607
447.0,-0.7463268870676333
448.0,-0.7470727732224448
449.0,-0.7482022363966283
450.0,-0.7491894227450653
451.0,-0.7499138639865476
452.0,-0.7509748955112758
453.0,-0.7519356595366194
454.0,-0.7526438098884175
455.0,-0.7537076182708379
456.0,-0.7546797822252642
457.0,-0.7554030226056676
458.0,-0.756476781237036
459.0,-0.7574465876494856
460.0,-0.7581631514320581
461.0,-0.7592308856922785
462.0,-0.7599528993690228
463.0,-0.7610040448573214
464.0,-0.7616975345867592
465.0,-0.7627216039164378
466.0,-0.763410015300736
467.0,-0.7644175687934994
468.0,-0.7650935279739736
469.0,-0.7658570575822157
470.0,-0.7669176290319882
471.0,-0.7675771875257408
472.0,-0.7683386064892387
473.0,-0.7693965070085967
474.0,-0.7700730555556029
475.0,-0.7708313334101645
476.0,-0.7717661395905093
477.0,-0.7726103019360574
478.0,-0.7733060086757526
479.0,-0.7740625993745626
480.0,-0.7749604321582
481.0,-0.7757803774579951
482.0,-0.7763254522561465
483.0,-0.7771234264372925
484.0,-0.7780403135896237
485.0,-0.7788416236686947
486.0,-0.7793853955751365
487.0,-0.7803068560039707
488.0,-0.7811105793139101
489.0,-0.7817633165756304
490.0,-0.7825977890241478
491.0,-0.7833494029319586
492.0,-0.7839829926924644
493.0,-0.7847979326094935
494.0,-0.785570903602859
495.0,-0.7862030185216954
496.0,-0.7870091605159507
497.0,-0.7877651031795625
498.0,-0.7883039627231465
499.0,-0.789199797206501
500.0,-0.7900010127165319
501.0,-0.7907523717641122
502.0,-0.7912605929463224
503.0,-0.7921199205708425
504.0,-0.7928932690813612
505.0,-0.79361937317738
506.0,-0.7941236608353277
507.0,-0.794977387127533
508.0,-0.7957318095330695
509.0,-0.7964347611055296
510.0,-0.7971452511530278
511.0,-0.7976363867300731
512.0,-0.7984719738458625
513.0,-0.7993301691613709
514.0,-0.7997902690959633
515.0,-0.8005920411219665
516.0,-0.801314802851862
517.0,-0.8020109580244004
518.0,-0.8026953317885925
519.0,-0.8033718558304668
520.0,-0.8041431194961525
521.0,-0.8047479634572002
522.0,-0.805404915731477
523.0,-0.8061633655343068
524.0,-0.8067768195119531
525.0,-0.8074432156966873
526.0,-0.8081985463655044
527.0,-0.8088023488782716
528.0,-0.8094339747072553
529.0,-0.8101816229170985
530.0,-0.810874798630844
531.0,-0.8114659006173678
532.0,-0.8121994005686612
533.0,-0.8128017375475037
534.0,-0.8135320205028018
535.0,-0.8142183076748131
536.0,-0.8147974665854169
537.0,-0.8155147200538467
538.0,-0.8161861440290842
539.0,-0.8167616898373841
540.0,-0.8174724075813309
541.0,-0.8181608466697888
542.0,-0.8186458219836106
543.0,-0.8194188401451294
544.0,-0.8201123863941338
545.0,-0.820597445402453
546.0,-0.8212724662260146
547.0,-0.8220069652374421
548.0,-0.8225966858102284
549.0,-0.8232113559979144
550.0,-0.8238419378506499
551.0,-0.824477895263202
552.0,-0.8250975725307937
553.0,-0.8257341645094475
554.0,-0.8263542620867538
555.0,-0.8269702026320953
556.0,-0.8275810157547524
557.0,-0.8281915241842659
558.0,-0.8288007795475522
559.0,-0.8294134669999115
560.0,-0.8300379119781657
561.0,-0.8304589425021448
562.0,-0.831205279955431
563.0,-0.8318754212098775
564.0,-0.8321436371915706
565.0,-0.8334614043912812
566.0,-0.8336589132305117
567.0,-0.8340639345848936
568.0,-0.8347537169783706
569.0,-0.8350243525518128
570.0,-0.836408487424611
571.0,-0.8366064594237008
572.0,-0.8368863249105686
573.0,-0.8379085242341289
574.0,-0.8381259234419186
575.0,-0.8391187730540519
576.0,-0.8393408915674345
577.0,-0.8400543493497734
578.0,-0.8403101352760062
579.0,-0.8416539063920024
580.0,-0.8418502518394763
581.0,-0.8421156855951891
582.0,-0.8430720180460519
583.0,-0.8432891812274741
584.0,-0.8442364467126301
585.0,-0.8444547591008701
586.0,-0.8449653792209139
587.0,-0.8457788511444034
588.0,-0.8460436227024019
589.0,-0.8473243392994559
590.0,-0.8475248194348984
591.0,-0.8477952161152428
592.0,-0.8485497669175571
593.0,-0.8487993811866253
594.0,-0.8499547473848966
595.0,-0.8501651312502165
596.0,-0.8504669518044122
597.0,-0.8518637948495594
598.0,-0.8520404073535122
599.0,-0.8522757348512541
600.0,-0.8529468228680621
601.0,-0.8531843370240461
602.0,-0.854375973296472
603.0,-0.8545655434882544
604.0,-0.8549434805616768
605.0,-0.8555741029918302
606.0,-0.8561669597181767
607.0,-0.8567110058501161
608.0,-0.8572432276395913
609.0,-0.8577555944891962
610.0,-0.8582624252159219
611.0,-0.85878348107964
612.0,-0.8592917682403823
613.0,-0.8597918339666142
614.0,-0.8604349271158697
615.0,-0.8606379392448925
616.0,-0.8615451364065408
617.0,-0.8617257403851322
618.0,-0.8625162594693301
619.0,-0.8626959170341285
620.0,-0.8634985131436448
621.0,-0.8636790510930457
622.0,-0.8645187121664184
623.0,-0.8647013771568999
624.0,-0.8655316775101135
625.0,-0.8657067762209825
626.0,-0.8665240925439301
627.0,-0.8667005241464112
628.0,-0.8675112196664383
629.0,-0.8676877742878291
630.0,-0.8685309666718051
631.0,-0.8687079035021009
632.0,-0.869513643446822
633.0,-0.8696905055356176
634.0,-0.8705012093426319
635.0,-0.8706802996233534
636.0,-0.8715056085915535
637.0,-0.8716791883182774
638.0,-0.8724759381581111
639.0,-0.872649244195551
640.0,-0.8734594049411092
641.0,-0.8736356038939114
642.0,-0.8744387938129435
643.0,-0.8746135081264212
644.0,-0.8753976953311844
645.0,-0.8755742128997155
646.0,-0.8763805760945759
647.0,-0.8765573091305475
648.0,-0.8773404645988842
649.0,-0.8775161259528675
650.0,-0.8783033807982028
651.0,-0.8784808345222107
652.0,-0.8792757132257748
653.0,-0.8794538083951189
654.0,-0.8802460340013055
655.0,-0.8804534223274398
656.0,-0.8811282362009157
657.0,-0.881390523399264
658.0,-0.8820753412512438
659.0,-0.8823489826884273
660.0,-0.8830540950722818
661.0,-0.8833216001299901
662.0,-0.8839569560070344
663.0,-0.8844184624066339
664.0,-0.8848777818683823
665.0,-0.8853880215162343
666.0,-0.8856573570772677
667.0,-0.8863339395706963
668.0,-0.8867502444327454
669.0,-0.8872054384272675
670.0,-0.887716426296795
671.0,-0.8880890604165471
672.0,-0.8886215206226368
673.0,-0.8890422895199078
674.0,-0.8895225830032265
675.0,-0.8899414304714853
676.0,-0.8904337627864105
677.0,-0.8908599978643901
678.0,-0.8913578474398697
679.0,-0.8917959822249044
680.0,-0.8923035637215797
681.0,-0.8926883959099917
682.0,-0.8932253029665604
683.0,-0.8936676171250555
684.0,-0.894129287215895
685.0,-0.8946200524231419
686.0,-0.8948857925184504
687.0,-0.8955291174213637
688.0,-0.8959463701451635
689.0,-0.896376582444687
690.0,-0.8968044781997375
691.0,-0.8972882810604
692.0,-0.8976536939243206
693.0,-0.8981725604952651
694.0,-0.8986097174706295
695.0,-0.8990534250180522
696.0,-0.8995469836540266
697.0,-0.899919938317076
698.0,-0.9004442050611037
699.0,-0.9008017000414458
700.0,-0.9013178749442547
701.0,-0.9016842226060409
702.0,-0.9022010889963041
703.0,-0.9024598188711354
704.0,-0.903094357739364
705.0,-0.9033507374581623
706.0,-0.903979743567576
707.0,-0.9041613753452442
708.0,-0.905052316329206
709.0,-0.9052160367115413
710.0,-0.9057230914474069
711.0,-0.9059002571428707
712.0,-0.9067433211034015
713.0,-0.9069063035828044
714.0,-0.9075218609130694
715.0,-0.9076837418759686
716.0,-0.9083382182647972
717.0,-0.9085332439306633
718.0,-0.9092126968892169
719.0,-0.9093882193025813
720.0,-0.9101158136173331
721.0,-0.910286174341992
722.0,-0.9109914557976868
723.0,-0.9111610820122147
724.0,-0.9118506834787021
725.0,-0.9120196534225381
726.0,-0.9127164252539846
727.0,-0.9128844885028027
728.0,-0.9135759138389092
729.0,-0.9137470196070451
730.0,-0.9144224152938953
731.0,-0.9145931420244467
732.0,-0.9152619866523363
733.0,-0.9154331196758545
734.0,-0.9161215317570207
735.0,-0.9162911511302175
736.0,-0.916968855428076
737.0,-0.9171381699858268
738.0,-0.9178138278854708
739.0,-0.9179838376829882
740.0,-0.9186623255874521
741.0,-0.9188300188768178
742.0,-0.9194791779154571
743.0,-0.9196468531533326
744.0,-0.9203224754175198
745.0,-0.9204922297425386
746.0,-0.9211813742223365
747.0,-0.9213508105876068
748.0,-0.9220381515939726
749.0,-0.9222088546560501
750.0,-0.9228763737730765
751.0,-0.9230698560105648
752.0,-0.9236612232651565
753.0,-0.9238697728449219
754.0,-0.9245108361648542
755.0,-0.9247181174162411
756.0,-0.9253555078980915
757.0,-0.9255614025936082
758.0,-0.9261869033994047
759.0,-0.9263922840007056
760.0,-0.9269973365629187
761.0,-0.9271997005105033
762.0,-0.9278175357805756
763.0,-0.928023902508973
764.0,-0.9286719022110617
765.0,-0.9288797356347637
766.0,-0.9295157529953224
767.0,-0.9297243476271608
768.0,-0.9303486356846936
769.0,-0.9305537381472152
770.0,-0.9311476247546362
771.0,-0.9313500432599704
772.0,-0.9319616496137118
773.0,-0.9321663912423557
774.0,-0.932780656019617
775.0,-0.9329851655801714
776.0,-0.9335951098486777
777.0,-0.9338012608775795
778.0,-0.9344202352955165
779.0,-0.9346242841128699
780.0,-0.9352330932519587
781.0,-0.935435804614842
782.0,-0.9360398941389446
783.0,-0.9362415948453982
784.0,-0.9368381921552738
785.0,-0.9370385323976383
786.0,-0.9376282075507306
787.0,-0.9378342025290011
788.0,-0.9384487695788815
789.0,-0.9386514708989854
790.0,-0.9392501226424712
791.0,-0.9394584899048165
792.0,-0.9400702037241649
793.0,-0.9402754518075925
794.0,-0.9408765441078089
795.0,-0.9410799814116704
796.0,-0.9416637293993199
797.0,-0.9418655842885814
798.0,-0.942456705350251
799.0,-0.9426583593628179
800.0,-0.9432424688933156
801.0,-0.9434445280538647
802.0,-0.9440461379936107
803.0,-0.9442525080992137
804.0,-0.9448445118046985
805.0,-0.9450464191808603
806.0,-0.9456386316420491
807.0,-0.9458431266652029
808.0,-0.9464281673157852
809.0,-0.9466277003642656
810.0,-0.9471961931918376
811.0,-0.9473966322383411
812.0,-0.9479671458404108
813.0,-0.9481693072013029
814.0,-0.948749801092642
815.0,-0.9489526010932757
816.0,-0.9495401563697651
817.0,-0.9497431919140851
818.0,-0.9503286897113226
819.0,-0.9505291220231066
820.0,-0.9510932989818583
821.0,-0.9512923800512227
822.0,-0.9518637380078354
823.0,-0.9520650109266549
824.0,-0.9526302372527282
825.0,-0.9528067658361518
826.0,-0.953464622359385
827.0,-0.9536323970751325
828.0,-0.954192488670546
829.0,-0.9543627895818192
830.0,-0.9549921615077733
831.0,-0.9551803045428752
832.0,-0.9556232647232178
833.0,-0.9560259747284305
834.0,-0.9563208958202315
835.0,-0.9567704525748015
836.0,-0.9571846000924014
837.0,-0.9574842868326296
838.0,-0.9578819253145262
839.0,-0.9583232231326057
840.0,-0.958623801339771
841.0,-0.9590257780503836
842.0,-0.9594617447365696
843.0,-0.9597582899489904
844.0,-0.960148603366878
845.0,-0.9605835842332694
846.0,-0.960881770090114
847.0,-0.9612783671210153
848.0,-0.9617154811260791
849.0,-0.9620196417326344
850.0,-0.9624158387653057
851.0,-0.9628330043936174
852.0,-0.9631235811081289
853.0,-0.9635501560952393
854.0,-0.96390449450438
855.0,-0.9642653545525517
856.0,-0.9646393437804723
857.0,-0.9650096885225676
858.0,-0.9654239779414624
859.0,-0.9657174936193019
860.0,-0.9661056306681204
861.0,-0.9665264321163223
862.0,-0.9668149867916028
863.0,-0.9671904802249612
864.0,-0.9676023698017747
865.0,-0.9678938919396587
866.0,-0.9682616453387741
867.0,-0.9686813976811981
868.0,-0.9689690742740695
869.0,-0.9693502281616222
870.0,-0.9697683057244503
871.0,-0.9700608110796247
872.0,-0.9704449935778877
873.0,-0.9708640563294239
874.0,-0.9711205380861287
875.0,-0.9715180919796655
876.0,-0.9719428982173708
877.0,-0.9721890839928035
878.0,-0.9725816522662037
879.0,-0.9729960124936659
880.0,-0.973236775055716
881.0,-0.9736247321013588
882.0,-0.974041877505447
883.0,-0.9742864742501719
884.0,-0.974685872481686
885.0,-0.9750566603781355
886.0,-0.9754106376666491
887.0,-0.9757167068749577
888.0,-0.9760878519852607
889.0,-0.9764402719724153
890.0,-0.976776437946333
891.0,-0.9770705504328593
892.0,-0.977436351744738
893.0,-0.977783949161751
894.0,-0.9781165579610038
895.0,-0.9784033021221155
896.0,-0.9787660427593994
897.0,-0.9791113103447509
898.0,-0.9794513397342023
899.0,-0.979785903459643
900.0,-0.9801181375627739
901.0,-0.9804520600327323
902.0,-0.98078671720446
903.0,-0.9811183882303529
904.0,-0.9814500515157304
905.0,-0.9817828211929679
906.0,-0.9821133245246771
907.0,-0.9824389235590238
908.0,-0.9827623772110325
909.0,-0.9830878659381376
910.0,-0.9834070494762629
911.0,-0.9837211106300314
912.0,-0.9840369179380187
913.0,-0.9843562195541848
914.0,-0.9846706664425301
915.0,-0.9849882048617007
916.0,-0.9853101665361204
917.0,-0.9856284390961993
918.0,-0.9859459471298169
919.0,-0.9862678361667095
920.0,-0.9865897703244068
921.0,-0.986867653742605
922.0,-0.9872127584433503
923.0,-0.9875429529153628
924.0,-0.9878193413426872
925.0,-0.9881654065927303
926.0,-0.9884894499400881
927.0,-0.9887599333313871
928.0,-0.9890928539369396
929.0,-0.9894039367138531
930.0,-0.9896726630690116
931.0,-0.9900037528677258
932.0,-0.9902764845369305
933.0,-0.990611968115784
934.0,-0.9909300659655258
935.0,-0.9911664176699087
936.0,-0.9915350153951146
937.0,-0.9918586172165955
938.0,-0.9920887380540642
939.0,-0.99244335077507
940.0,-0.992758671704917
941.0,-0.9929863857805289
942.0,-0.9933378722731772
943.0,-0.9936477200814949
944.0,-0.9938705627269021
945.0,-0.9941798730185536
946.0,-0.9945322594581714
947.0,-0.9947634157574458
948.0,-0.995122863069265
949.0,-0.9953585154551986
950.0,-0.9957210406869192
951.0,-0.9959564931370656
952.0,-0.9963124721304206
953.0,-0.9965444087632286
954.0,-0.996900707010823
955.0,-0.997129611694149
956.0,-0.9974832431462037
957.0,-0.9977145129596666
958.0,-0.9980223289525707
959.0,-0.9983674001784227
960.0,-0.998587761828791
961.0,-0.9988869920671803
962.0,-0.9992196771556855
963.0,-0.9994385070912746
964.0,-0.9997407157555258
965.0,-1.0000341555694041
966.0,-1.0003237568494097
967.0,-1.0006157100590873
968.0,-1.0009065809370603
969.0,-1.0011951267841193
970.0,-1.0014807180458316
971.0,-1.0017272803773594
972.0,-1.0020458161638734
973.0,-1.002392342623717
974.0,-1.0026091075021333
975.0,-1.0028998987825632
976.0,-1.0031831560226554
977.0,-1.0034188256530516
978.0,-1.0037661875985284
979.0,-1.0039827496965041
980.0,-1.004275934589546
981.0,-1.0045601686757113
982.0,-1.0048378030426641
983.0,-1.0051138692621449
984.0,-1.0053912466811108
985.0,-1.0056674377798602
986.0,-1.005939290654911
987.0,-1.0062120016154807
988.0,-1.0064934135856118
989.0,-1.0067701781554073
990.0,-1.0070513027736607
991.0,-1.0073277532274523
992.0,-1.0076007904141677
993.0,-1.0078741998588718
994.0,-1.0081451024222787
995.0,-1.0084155310415195
996.0,-1.008686213355461
997.0,-1.0089551211720622
998.0,-1.009220797177163
999.0,-1.0094869830961288
1000.0,-1.0097551373853146
1001.0,-1.0100230530001095
1002.0,-1.0102908102868502
1003.0,-1.0105593975817262
1004.0,-1.0108249338488442
1005.0,-1.0110895296753433
1006.0,-1.0113532951131845
1007.0,-1.011612362156117
1008.0,-1.0118679616482675
1009.0,-1.0121325985822018
1010.0,-1.0123980973619155
1011.0,-1.0126628612810895
1012.0,-1.0129296122435705
1013.0,-1.0131924605532698
1014.0,-1.0134609294819514
1015.0,-1.013724109876054
1016.0,-1.013986258127208
1017.0,-1.0142509882581914
1018.0,-1.0145088456281957
1019.0,-1.0147676880541372
1020.0,-1.0150229644899376
1021.0,-1.0152783593478287
1022.0,-1.0155297621156933
1023.0,-1.0157845706855428
1024.0,-1.0160326397567994
1025.0,-1.0162848353704113
1026.0,-1.0165381716250566
1027.0,-1.016796424842903
1028.0,-1.0170540480821302
1029.0,-1.017311585484344
1030.0,-1.0175656212987263
1031.0,-1.0178193160275177
1032.0,-1.0180715697060834
1033.0,-1.0183221211508422
1034.0,-1.018570190823769
1035.0,-1.018821227413232
1036.0,-1.0190720109996896
1037.0,-1.0193200691660216
1038.0,-1.0195701457157484
1039.0,-1.0198173570466558
1040.0,-1.0200641614225634
1041.0,-1.0203126418615032
1042.0,-1.0205586211323263
1043.0,-1.0208052145423758
1044.0,-1.0210542287564603
1045.0,-1.02129929890722
1046.0,-1.021543397637975
1047.0,-1.021789241314935
1048.0,-1.0220356207526609
1049.0,-1.0222736928983616
1050.0,-1.0225196133089614
1051.0,-1.02276401596926
1052.0,-1.0230070132930953
1053.0,-1.023252787127486
1054.0,-1.0234958874504616
1055.0,-1.023738526527883
1056.0,-1.0239774938737605
1057.0,-1.0242181270527904
1058.0,-1.0244507561626337
1059.0,-1.0246929544789358
1060.0,-1.0249300514291553
1061.0,-1.0251693032749327
1062.0,-1.0254099053536194
1063.0,-1.0256453427533785
1064.0,-1.0258790963403965
1065.0,-1.026110531885268
1066.0,-1.0263452715144892
1067.0,-1.026577992377087
1068.0,-1.0268129594803632
1069.0,-1.0270464751176123
1070.0,-1.0272796335777794
1071.0,-1.0275207974361853
1072.0,-1.0277588965954312
1073.0,-1.027994824644247
1074.0,-1.0282282147939348
1075.0,-1.028460450905252
1076.0,-1.0286868599148031
1077.0,-1.0289145990213844
1078.0,-1.0291384104339807
1079.0,-1.0293622130211455
1080.0,-1.0295900893336365
1081.0,-1.0298116585854111
1082.0,-1.0300322243413729
1083.0,-1.0302557700016939
1084.0,-1.0304806387929102
1085.0,-1.0307048861020585
1086.0,-1.030931784701158
1087.0,-1.0311575303412566
1088.0,-1.031381821160172
1089.0,-1.0316055827285326
1090.0,-1.0318301199612694
1091.0,-1.032053472781683
1092.0,-1.0322780486044203
1093.0,-1.0324997127134032
1094.0,-1.0327215435930748
1095.0,-1.0329405829870046
1096.0,-1.0331636907499193
1097.0,-1.033383756324972
1098.0,-1.0336066654264449
1099.0,-1.0338238657671786
1100.0,-1.0340391807914373
1101.0,-1.0342504384087852
1102.0,-1.034462614238743
1103.0,-1.0346766939937795
1104.0,-1.034890325507781
1105.0,-1.0351019336273037
1106.0,-1.035316286999017
1107.0,-1.0355277549753625
1108.0,-1.035742103065466
1109.0,-1.035954847050018
1110.0,-1.0361663546194024
1111.0,-1.036378759295554
1112.0,-1.0365949591849932
1113.0,-1.0368060701396613
1114.0,-1.0370163349956152
1115.0,-1.0372266086061033
1116.0,-1.0374341795153812
1117.0,-1.0376424614871933
1118.0,-1.0378518827307945
1119.0,-1.0380600285518484
1120.0,-1.0382688354904017
1121.0,-1.0384753223885512
1122.0,-1.0386776141305785
1123.0,-1.0388813759079405
1124.0,-1.03908411433556
1125.0,-1.039288807018313
1126.0,-1.0394942692475748
1127.0,-1.0397664874341446
1128.0,-1.039881488600142
1129.0,-1.0401542843211027
1130.0,-1.0402689764288764
1131.0,-1.0405597761274017
1132.0,-1.0406732257408438
1133.0,-1.0409637737681992
1134.0,-1.0410786340194793
1135.0,-1.0413698080250522
1136.0,-1.0414825942320156
1137.0,-1.041770678155683
1138.0,-1.0418651909099512
1139.0,-1.0422198301917402
1140.0,-1.0423046106406173
1141.0,-1.0424964862422288
1142.0,-1.042687054302848
1143.0,-1.0428859880777646
1144.0,-1.043085045694572
1145.0,-1.043318810131926
1146.0,-1.0434941185246454
1147.0,-1.0436841738229954
1148.0,-1.043874714657094
1149.0,-1.0440708503873826
1150.0,-1.0442659098638212
1151.0,-1.0444604078588644
1152.0,-1.0446550009728215
1153.0,-1.0448483502303016
1154.0,-1.0450400488018217
1155.0,-1.0452317155941948
1156.0,-1.0454234719434763
1157.0,-1.0456123519932048
1158.0,-1.045804083044825
1159.0,-1.0459906113621913
1160.0,-1.046184340398242
1161.0,-1.0463743949442366
1162.0,-1.0465649133993329
1163.0,-1.046752821255423
1164.0,-1.0469391383291544
1165.0,-1.0471248426000432
1166.0,-1.0473102748504706
1167.0,-1.0474944738738259
1168.0,-1.0476774790597099
1169.0,-1.0478601170758508
1170.0,-1.0480437781148355
1171.0,-1.0482260138251231
1172.0,-1.0484084801343294
1173.0,-1.0485906289030962
1174.0,-1.048772787981619
1175.0,-1.0489551488937028
1176.0,-1.0491404482733784
1177.0,-1.0493217428866426
1178.0,-1.0495048085111613
1179.0,-1.0496897261273126
1180.0,-1.0498711473090412
1181.0,-1.0500524669363616
1182.0,-1.0502299175441845
1183.0,-1.050408964934504
1184.0,-1.0505883388393447
1185.0,-1.0507661320324166
1186.0,-1.0509444498445069
1187.0,-1.0511223080025376
1188.0,-1.0513004033095783
1189.0,-1.0514770478277697
1190.0,-1.0516539537727343
1191.0,-1.051826284144235
1192.0,-1.0520320648623396
1193.0,-1.0521853936840615
1194.0,-1.0523519047961416
1195.0,-1.0525235838197
1196.0,-1.0527504031541477
1197.0,-1.0528483969469828
1198.0,-1.053090093567005
1199.0,-1.053186980861664
1200.0,-1.053484517656541
1201.0,-1.0535594516005415
1202.0,-1.0537291487504077
1203.0,-1.053896437576158
1204.0,-1.0541212782854692
1205.0,-1.0542191458379127
1206.0,-1.054512026433968
1207.0,-1.0545867003537748
1208.0,-1.0547568965547947
1209.0,-1.0549223050885739
1210.0,-1.0551487302245848
1211.0,-1.0552456847035112
1212.0,-1.0555360763058954
1213.0,-1.0556092459398836
1214.0,-1.0557770602682006
1215.0,-1.055940923571644
1216.0,-1.056164038920171
1217.0,-1.0562597630178059
1218.0,-1.0565401039627698
1219.0,-1.0566136833609916
1220.0,-1.0567794076989019
1221.0,-1.0569435520048531
1222.0,-1.0571678649258018
1223.0,-1.0572629085558216
1224.0,-1.057544683722064
1225.0,-1.057616235659982
1226.0,-1.0577793308790684
1227.0,-1.0579382644303985
1228.0,-1.0581513178739093
1229.0,-1.0582459233887012
1230.0,-1.0585235011655114
1231.0,-1.058593798388855
1232.0,-1.0587555030259563
1233.0,-1.0589172353917793
1234.0,-1.0591364780856072
1235.0,-1.0592290070599724
1236.0,-1.0595034923812028
1237.0,-1.0595722583155158
1238.0,-1.0597296495050943
1239.0,-1.0598859719456348
1240.0,-1.0600960406159508
1241.0,-1.0601874975269787
1242.0,-1.0604604334030636
1243.0,-1.0605297029096954
1244.0,-1.0606867875100756
1245.0,-1.0608428512746013
1246.0,-1.06105637966613
1247.0,-1.0611496599634418
1248.0,-1.061422793490509
1249.0,-1.0614919087640604
1250.0,-1.0616477968052167
1251.0,-1.061802026507463
1252.0,-1.0620108024370736
1253.0,-1.062100567997093
1254.0,-1.062367722865812
1255.0,-1.062435498689964
1256.0,-1.0625890545802024
1257.0,-1.062738362502773
1258.0,-1.0629449413361398
1259.0,-1.0630331715200023
1260.0,-1.0632992612584136
1261.0,-1.0633666947306584
1262.0,-1.0635156797384808
1263.0,-1.0636689552063463
1264.0,-1.0638714362665624
1265.0,-1.0639596171415981
1266.0,-1.0642194454663316
1267.0,-1.0642874244540976
1268.0,-1.064443143755756
1269.0,-1.0645958067522476
1270.0,-1.0647511561414802
1271.0,-1.0649556724429936
1272.0,-1.065042226328813
1273.0,-1.0652926179529223
1274.0,-1.0653593141714788
1275.0,-1.065509312446266
1276.0,-1.0656535300212109
1277.0,-1.0658044615333935
1278.0,-1.0660059565454896
1279.0,-1.0660918894029838
1280.0,-1.0663419129242313
1281.0,-1.0664076107514433
1282.0,-1.066558490498075
1283.0,-1.0667057479697626
1284.0,-1.0668561939053731
1285.0,-1.0670569723193395
1286.0,-1.0671428852121252
1287.0,-1.067370316627085
1288.0,-1.0674377572796085
1289.0,-1.067677701098498
1290.0,-1.067740507118456
1291.0,-1.0678861305850438
1292.0,-1.0680304965244716
1293.0,-1.0682250520349952
1294.0,-1.0683092238934417
1295.0,-1.0685542243228296
1296.0,-1.068619464858723
1297.0,-1.0687644124167834
1298.0,-1.0689074136159677
1299.0,-1.0691011016214742
1300.0,-1.0691841862189098
1301.0,-1.0694292203487754
1302.0,-1.0694937710994972
1303.0,-1.0696367672580696
1304.0,-1.0697771487038195
1305.0,-1.0699662437387512
1306.0,-1.0700491121348399
1307.0,-1.070285084013012
1308.0,-1.0703480180654128
1309.0,-1.070488784875623
1310.0,-1.0706296454902817
1311.0,-1.070815363043316
1312.0,-1.0708979829685539
1313.0,-1.0711360275615287
1314.0,-1.0711986275978926
1315.0,-1.0713399200630789
1316.0,-1.0714770178394901
1317.0,-1.07166206552645
1318.0,-1.0717422781614483
1319.0,-1.0719772402407215
1320.0,-1.0720392643207166
1321.0,-1.072178765151586
1322.0,-1.0723151456639493
1323.0,-1.0724947449709816
1324.0,-1.0725759199666993
1325.0,-1.0728115906866402
1326.0,-1.0728726916338025
1327.0,-1.0730097162853698
1328.0,-1.0731430785211857
1329.0,-1.0733205029549602
1330.0,-1.0734001135702311
1331.0,-1.073629168552996
1332.0,-1.0736893714804063
1333.0,-1.073826374429264
1334.0,-1.0739623348271021
1335.0,-1.0741452565417997
1336.0,-1.0742223106178845
1337.0,-1.0744475381468235
1338.0,-1.0745082830429111
1339.0,-1.0746422342176192
1340.0,-1.074775283514093
1341.0,-1.0749519782287436
1342.0,-1.0750289972410068
1343.0,-1.0752178346525547
1344.0,-1.07529392405025
1345.0,-1.0755212257047784
1346.0,-1.0755796985739703
1347.0,-1.0757098003600414
1348.0,-1.075837247281099
1349.0,-1.0759691438419476
1350.0,-1.0761435412239049
1351.0,-1.076220679807955
1352.0,-1.0764071679947154
1353.0,-1.0764817930694452
1354.0,-1.0766852728127663
1355.0,-1.076745774421966
1356.0,-1.0769231005252038
1357.0,-1.0769972959796885
1358.0,-1.0771884695386533
1359.0,-1.077264043449252
1360.0,-1.077485843022173
1361.0,-1.0775442295562996
1362.0,-1.0776728143316026
1363.0,-1.0777954400021221
1364.0,-1.077960861294528
1365.0,-1.0780351211935593
1366.0,-1.0782465978962363
1367.0,-1.078304522766182
1368.0,-1.0784323613966242
1369.0,-1.0785596899217917
1370.0,-1.0787270312917918
1371.0,-1.078799638981824
1372.0,-1.0790086059451838
1373.0,-1.0790657565358548
1374.0,-1.0791933794774002
1375.0,-1.0793166717428968
1376.0,-1.079482878051485
1377.0,-1.0795564789443017
1378.0,-1.0797623377502232
1379.0,-1.079819397156714
1380.0,-1.0799440759094565
1381.0,-1.0800646056581615
1382.0,-1.080226628274837
1383.0,-1.080299572872575
1384.0,-1.0805118312059845
1385.0,-1.0805669096899329
1386.0,-1.0806584906018712
1387.0,-1.0808776457321785
1388.0,-1.080933158491146
1389.0,-1.0810539657155027
1390.0,-1.0811914462088428
1391.0,-1.081304738126033
1392.0,-1.0814237076243844
1393.0,-1.0815847204768314
1394.0,-1.0816558825941451
1395.0,-1.081823344304945
1396.0,-1.0818929398203978
1397.0,-1.0820663210995318
1398.0,-1.0821336959192083
1399.0,-1.082305229175392
1400.0,-1.0823724410448563
1401.0,-1.0825415688164848
1402.0,-1.082609509602338
1403.0,-1.082795896345029
1404.0,-1.082852181686893
1405.0,-1.0830169796365867
1406.0,-1.0830848542949008
1407.0,-1.0832554785875728
1408.0,-1.0833223330082762
1409.0,-1.0835063196118269
1410.0,-1.083560647380318
1411.0,-1.0837212833023613
1412.0,-1.083786123487701
1413.0,-1.0839518874784606
1414.0,-1.0840198803015886
1415.0,-1.0842222120972962
1416.0,-1.0842749739776767
1417.0,-1.0843918287293637
1418.0,-1.0845026073146578
1419.0,-1.0846528999263634
1420.0,-1.0847196394185
1421.0,-1.0849072930073664
1422.0,-1.084959171066513
1423.0,-1.0850738468227756
1424.0,-1.0851854046709586
1425.0,-1.085335046047711
1426.0,-1.0854017166053398
1427.0,-1.085576107165366
1428.0,-1.0856300607867304
1429.0,-1.0857885217196488
1430.0,-1.0858511703356628
1431.0,-1.0860447910928888
1432.0,-1.086095188537352
1433.0,-1.0862082487073128
1434.0,-1.0863204126345525
1435.0,-1.0864659590475798
1436.0,-1.086531847296746
1437.0,-1.0867144090030258
1438.0,-1.0867708336163626
1439.0,-1.0868501818399658
1440.0,-1.0870428563093928
1441.0,-1.0870986769183515
1442.0,-1.0871751851614948
1443.0,-1.0873686571541714
1444.0,-1.0874251299246809
1445.0,-1.087503163878415
1446.0,-1.0877023367239738
1447.0,-1.0877579343320085
1448.0,-1.0878339335915803
1449.0,-1.0880278080074735
1450.0,-1.0880825078218213
1451.0,-1.0881572640493724
1452.0,-1.088349366661946
1453.0,-1.0884050305426332
1454.0,-1.0884820743404955
1455.0,-1.0886747611129997
1456.0,-1.0887294013299835
1457.0,-1.0888034511190672
1458.0,-1.0889927820786354
1459.0,-1.0890413384170052
1460.0,-1.0891219680575033
1461.0,-1.0893179248022498
1462.0,-1.0893652148732609
1463.0,-1.089442495938425
1464.0,-1.0896295623494545
1465.0,-1.0896823956372166
1466.0,-1.0897551088915185
1467.0,-1.089939752391162
1468.0,-1.089986726278
1469.0,-1.0900645194769527
1470.0,-1.0902511691066237
1471.0,-1.0902979618023758
1472.0,-1.0903753702197596
1473.0,-1.0905601331944526
1474.0,-1.0906068001730889
1475.0,-1.0906842690320073
1476.0,-1.090887672138963
1477.0,-1.0909379541065443
1478.0,-1.0910048708574505
1479.0,-1.0911475501968304
1480.0,-1.0912064009574463
1481.0,-1.0913829903736605
1482.0,-1.0914292821106302
1483.0,-1.09150670000302
1484.0,-1.0916843141754733
1485.0,-1.09173570541047
1486.0,-1.09180710268358
1487.0,-1.0919877710631292
1488.0,-1.0920393490076241
1489.0,-1.0921107709678552
1490.0,-1.092287453998995
1491.0,-1.0923328767004343
1492.0,-1.0924070396575725
1493.0,-1.0925841324668035
1494.0,-1.0926356356117357
1495.0,-1.0927047299547625
1496.0,-1.0928778544608135
1497.0,-1.0929223739061689
1498.0,-1.0929951007725887
1499.0,-1.093170119019832
1500.0,-1.0932142708360002
