"Iteration","Cd Monitor: Cd Monitor"
1.0,107.21458069394664
2.0,68.61034385277134
3.0,14.977798191339616
4.0,0.8914042308427649
5.0,-1.7409609695763468
6.0,-4.023759634905808
7.0,-4.071811515829999
8.0,-2.4227478162538882
9.0,-1.3616090332710367
10.0,2.3555113113037742
11.0,3.4336965142196707
12.0,3.7294958617554217
13.0,3.3834162850079528
14.0,3.3164459499853822
15.0,2.3062127939090136
16.0,2.215109238593044
17.0,1.9917872947025286
18.0,1.9212051454577792
19.0,1.1420453701626203
20.0,1.1029294644435252
21.0,1.2111610458178133
22.0,1.2776798037306083
23.0,1.4558941669174346
24.0,1.4987531058485422
25.0,1.8659928154536556
26.0,1.8768403313475468
27.0,1.881478391817702
28.0,1.8803912804671528
29.0,1.81120666687126
30.0,1.8034379896190182
31.0,1.7910424781866294
32.0,1.772671318080148
33.0,1.7504218130662752
34.0,1.703194758998255
35.0,1.6822586656806504
36.0,1.6608296845868211
37.0,1.640155682497058
38.0,1.6026174262028716
39.0,1.587778867641078
40.0,1.5746943076986526
41.0,1.5546510266531701
42.0,1.5486536519595364
43.0,1.5317892007473777
44.0,1.5421329456095
45.0,1.552596979378455
46.0,1.5632504158358722
47.0,1.5749547454754809
48.0,1.5870780770892714
49.0,1.5987217582082334
50.0,1.6085270461378558
51.0,1.6163102149069484
52.0,1.6214408146942934
53.0,1.6233218231370379
54.0,1.6230429746098325
55.0,1.6221082794205453
56.0,1.6225245204952037
57.0,1.6234059321944168
58.0,1.6259920176000655
59.0,1.6286913695440621
60.0,1.6307028509837982
61.0,1.63194008789602
62.0,1.632871157810144
63.0,1.6337332851616795
64.0,1.635016831916401
65.0,1.6364297016487126
66.0,1.6379533335395176
67.0,1.6407433271846323
68.0,1.6411807229825945
69.0,1.6417908866838933
70.0,1.6416243598125875
71.0,1.640434899450017
72.0,1.6401450472203194
73.0,1.637771701002087
74.0,1.6343052243694542
75.0,1.6225841839831319
76.0,1.6138281975097208
77.0,1.592753034996612
78.0,1.580664798901534
79.0,1.5681655720194874
80.0,1.5570324747306823
81.0,1.5487703207326193
82.0,1.5438614841074816
83.0,1.5412951511883686
84.0,1.5396322170590588
85.0,1.5381346778663434
86.0,1.5369260963954408
87.0,1.5364455056070798
88.0,1.537848848222638
89.0,1.541296869488018
90.0,1.5513565887224245
91.0,1.558406265229014
92.0,1.5833728226122372
93.0,1.5982280343482995
94.0,1.6243560318172903
95.0,1.6379234675392664
96.0,1.6573040019257426
97.0,1.6880322976501727
98.0,1.697956056055533
99.0,1.7252667419179037
100.0,1.7460969381102416
101.0,1.7819423783521924
102.0,1.8186953376886796
103.0,1.843161757967926
104.0,1.8815999747080323
105.0,1.8952672916267048
106.0,1.9212362883733511
107.0,1.9271435493445463
108.0,1.9650492848031937
109.0,1.970631661964619
110.0,1.9747526170594791
111.0,1.979261063828676
112.0,1.9825297868146388
113.0,1.985925663800375
114.0,1.9871974600618953
115.0,1.9870626339839181
116.0,1.9849682560953321
117.0,1.980764211386059
118.0,1.973143914875052
119.0,1.9674506230482713
120.0,1.9535729576931515
121.0,1.944490669487447
122.0,1.923101017553726
123.0,1.9009156339729498
124.0,1.878057755285781
125.0,1.854683714532291
126.0,1.8318338327773709
127.0,1.8210919959371625
128.0,1.802812935551017
129.0,1.7946592840614068
130.0,1.7856050391997937
131.0,1.781115698549794
132.0,1.778843172116011
133.0,1.7781388357877972
134.0,1.7787294115728696
135.0,1.7806419397385487
136.0,1.7837373807515655
137.0,1.786151152037618
138.0,1.7888224161059196
139.0,1.7928028546873611
140.0,1.7949820946731563
141.0,1.7994825085811084
142.0,1.8011534731746701
143.0,1.8026108122010363
144.0,1.8038205259327336
145.0,1.8042640235254825
146.0,1.8044087005537506
147.0,1.8035989901662421
148.0,1.801898842057028
149.0,1.800009908649358
150.0,1.797926682631244
151.0,1.79520106805072
152.0,1.7924811804539063
153.0,1.789690347465159
154.0,1.7870412508240874
155.0,1.7845465744857851
156.0,1.7825253496012796
157.0,1.7808947898758662
158.0,1.7798836226700057
159.0,1.7793529889274051
160.0,1.7794213715708431
161.0,1.7801085684316649
162.0,1.7811971389977785
163.0,1.7825776636097383
164.0,1.7841614970798714
165.0,1.7859043685588352
166.0,1.7880293208614977
167.0,1.7903817415823975
168.0,1.7928576987311258
169.0,1.7952547352859118
170.0,1.7979924242010363
171.0,1.8007729131486465
172.0,1.803376092224449
173.0,1.8057231165894663
174.0,1.8076053255541815
175.0,1.8090942368164666
176.0,1.8102546713398775
177.0,1.8109476287270097
178.0,1.81150948592215
179.0,1.8120479038517026
180.0,1.8124195221824437
181.0,1.8133967766828039
182.0,1.8144358079599086
183.0,1.8161778148517054
184.0,1.8181390443993066
185.0,1.8200778584814221
186.0,1.8237779176935625
187.0,1.8279706766252704
188.0,1.8327565875550418
189.0,1.8380675275185283
190.0,1.843129787278754
191.0,1.8514597574886689
192.0,1.857172250023245
193.0,1.8628847383815976
194.0,1.8680078754687621
195.0,1.873004527470345
196.0,1.8763589369627565
197.0,1.8809910024011074
198.0,1.8855762176235595
199.0,1.8885720333229508
200.0,1.893214808003135
201.0,1.8963356942503056
202.0,1.9010969801930904
203.0,1.904067792013679
204.0,1.9084031775299035
205.0,1.9114365759949337
206.0,1.9153014654586937
207.0,1.9176858405085027
208.0,1.9206907418062764
209.0,1.9227117083004919
210.0,1.9243317199479841
211.0,1.9270834675036934
212.0,1.930460951537212
213.0,1.9340407734816343
214.0,1.936227198359751
215.0,1.9395857982342248
216.0,1.9414910342489875
217.0,1.9439037620233004
218.0,1.9450208301124108
219.0,1.9460409591069636
220.0,1.946549918269294
221.0,1.9463494203259444
222.0,1.9453979974311222
223.0,1.9440588952476838
224.0,1.9424655067529615
225.0,1.9405476652600928
226.0,1.9377309932280768
227.0,1.9363294889770832
228.0,1.9327909450742284
229.0,1.9311357573033932
230.0,1.9275875877900737
231.0,1.9259542766981275
232.0,1.9221793659468929
233.0,1.9206206189870263
234.0,1.9174197306153264
235.0,1.915921054428521
236.0,1.913565735004169
237.0,1.9116850664602714
238.0,1.9099485712626285
239.0,1.9084735407376814
240.0,1.9073642113102913
241.0,1.9068055317780885
242.0,1.9062588660202564
243.0,1.9060963932840915
244.0,1.9061725864321186
245.0,1.9053516300979272
246.0,1.9032382092520963
247.0,1.9035701520389723
248.0,1.903137701144007
249.0,1.902671054549006
250.0,1.902494261820336
251.0,1.9025277681399675
252.0,1.9030441585713347
253.0,1.90336114505143
254.0,1.9044741947198651
255.0,1.9049035336800537
256.0,1.9057465021636681
257.0,1.906033118913091
258.0,1.9064396942623165
259.0,1.9064286306028488
260.0,1.9060505340952414
261.0,1.905577032720227
262.0,1.9050657628571825
263.0,1.9042783770527698
264.0,1.9036136701984951
265.0,1.9027693168894728
266.0,1.9023924384925295
267.0,1.9018473063566703
268.0,1.9016890189185995
269.0,1.9018246346612506
270.0,1.9024360976236308
271.0,1.9028972337192895
272.0,1.9038166369981213
273.0,1.905143879615694
274.0,1.9065869570833067
275.0,1.9080854221901602
276.0,1.9143515489577398
277.0,1.9142696869688642
278.0,1.913809087533904
279.0,1.9131784560201748
280.0,1.9121781635860902
281.0,1.9114958850763457
282.0,1.909235565070971
283.0,1.9085782820660158
284.0,1.9073525195396506
285.0,1.9058514655808958
286.0,1.9053029147866187
287.0,1.9042571348212616
288.0,1.9041325502214153
289.0,1.903926105002596
290.0,1.9044227797507107
291.0,1.9056605969820848
292.0,1.906065238140463
293.0,1.906486323271871
294.0,1.9083631253070432
295.0,1.9089804021371286
296.0,1.9096582619072864
297.0,1.9106549013337604
298.0,1.9114837687397517
299.0,1.9135425860097448
300.0,1.913884908580946
301.0,1.913729616783743
302.0,1.9134717335917986
303.0,1.9134025528798566
304.0,1.913319766141538
305.0,1.9132223705779818
306.0,1.9131160830102447
307.0,1.9129656830815185
308.0,1.9129351782699353
309.0,1.9135494538356372
310.0,1.9135464059662974
311.0,1.9131917011067463
312.0,1.913252106888695
313.0,1.9138510420611958
314.0,1.9139397496705324
315.0,1.9136275066823691
316.0,1.913546528145924
317.0,1.913950384789177
318.0,1.9139287662942974
319.0,1.9135508594097534
320.0,1.913389807575357
321.0,1.9131792303508917
322.0,1.913096599006266
323.0,1.9130612977422097
324.0,1.9130966798450553
325.0,1.9132608320705877
326.0,1.9134565786016007
327.0,1.9136500078180942
328.0,1.9143901025887933
329.0,1.9145996912250647
330.0,1.9145615450375166
331.0,1.9149672115203369
332.0,1.9152934870057043
333.0,1.9152910550046385
334.0,1.91996623812256
335.0,1.9198374125915412
336.0,1.9192406730381788
337.0,1.9190169157397918
338.0,1.9177285847191068
339.0,1.9173322875075745
340.0,1.9150268331715785
341.0,1.9147796239017667
342.0,1.9134433471194148
343.0,1.9131281067377175
344.0,1.9121226657241024
345.0,1.9115920365733572
346.0,1.9111162650909577
347.0,1.9114353457613562
348.0,1.9113687336938423
349.0,1.9192621541995107
350.0,1.918717328352155
351.0,1.9175851135181023
352.0,1.9165299210519187
353.0,1.915260865915313
354.0,1.9138447864302135
355.0,1.9117112978608672
356.0,1.9109269482426716
357.0,1.9087620282457147
358.0,1.9082388925600438
359.0,1.908829751418461
360.0,1.9085169788496594
361.0,1.9110899963844683
362.0,1.9108027964809684
363.0,1.9110648966091563
364.0,1.9107379257554087
365.0,1.91172408797982
366.0,1.9111666637171916
367.0,1.9103626040355512
368.0,1.909961890597766
369.0,1.909373127169671
370.0,1.9090054374633056
371.0,1.9084640394297832
372.0,1.9086041948571635
373.0,1.9080428987627782
374.0,1.9077614134086032
375.0,1.9073103079537663
376.0,1.9082790443215851
377.0,1.907698898235527
378.0,1.9071068779249767
379.0,1.9069921124121647
380.0,1.9072079309223096
381.0,1.9067039112137918
382.0,1.9083183466479712
383.0,1.907586352662993
384.0,1.9066968028516127
385.0,1.9059987476433027
386.0,1.9056750318589784
387.0,1.9054483705909282
388.0,1.9054481707297195
389.0,1.9054563085262541
390.0,1.904949201463875
391.0,1.9057607356124693
392.0,1.9051694843432472
393.0,1.9046478701831442
394.0,1.9045552339429852
395.0,1.904645043514324
396.0,1.9041150491846812
397.0,1.9046875576082405
398.0,1.9040008114749056
399.0,1.9032577530740824
400.0,1.9031945140248359
401.0,1.9036787641318431
402.0,1.9029863904095439
403.0,1.9033690548132816
404.0,1.9026124765019772
405.0,1.9021963287458283
406.0,1.9018048489670518
407.0,1.9013977804922633
408.0,1.9012938169597484
409.0,1.9008041238988918
410.0,1.9006960050910682
411.0,1.9005216555627078
412.0,1.8999843925240323
413.0,1.8997781434266023
414.0,1.8992576081657195
415.0,1.899117681642798
416.0,1.8988843549002763
417.0,1.8983890400735288
418.0,1.898139263147284
419.0,1.897845115514236
420.0,1.897321555926435
421.0,1.8971024691122231
422.0,1.8965654971572259
423.0,1.8963832631489352
424.0,1.8961566761795599
425.0,1.8955969254642129
426.0,1.8953340521443736
427.0,1.8949812426786636
428.0,1.8944143921767227
429.0,1.8941809691905245
430.0,1.8939259183519883
431.0,1.8934323930915526
432.0,1.8933278174298283
433.0,1.8930678650331023
434.0,1.8925435018856336
435.0,1.8923530938945619
436.0,1.8920491026599862
437.0,1.8915275995579939
438.0,1.8913725830717594
439.0,1.8911646378496405
440.0,1.8906670223944677
441.0,1.890493778881716
442.0,1.8903027878642347
443.0,1.889835089285651
444.0,1.8897346279911478
445.0,1.8895994754220742
446.0,1.8891767839693587
447.0,1.8890287165359974
448.0,1.8888966908675888
449.0,1.888436095549239
450.0,1.8883455310463002
451.0,1.8881902090136573
452.0,1.8877924469368703
453.0,1.887739278033483
454.0,1.8876563599565763
455.0,1.8872640663950395
456.0,1.8872204655499227
457.0,1.8871361141341885
458.0,1.886746071102066
459.0,1.8867162194860125
460.0,1.8865879977257307
461.0,1.8861756509788052
462.0,1.8861457617515802
463.0,1.8860491486101116
464.0,1.885649346625619
465.0,1.8856229439793597
466.0,1.8854911675822947
467.0,1.8850716251584254
468.0,1.8850894633558033
469.0,1.8849734243152938
470.0,1.8845451700419984
471.0,1.8844149064615459
472.0,1.8841745115795707
473.0,1.8837210380118126
474.0,1.8836079131123586
475.0,1.8834425507168193
476.0,1.882998968208513
477.0,1.8828453153924365
478.0,1.8826153118040783
479.0,1.8821218272014155
480.0,1.8818602376856643
481.0,1.8815493804827899
482.0,1.881054635624823
483.0,1.880806184084385
484.0,1.8805063863521523
485.0,1.8799860876385412
486.0,1.8796823594148053
487.0,1.8793105378978363
488.0,1.878822976231603
489.0,1.8784263190249995
490.0,1.8780009396506478
491.0,1.8773833143802665
492.0,1.8769368458215654
493.0,1.8765051967906239
494.0,1.8759864106324349
495.0,1.8755141982213925
496.0,1.875020354745961
497.0,1.8744234844590444
498.0,1.8738351630326264
499.0,1.8732772013886922
500.0,1.8727546574155287
501.0,1.872208341015498
502.0,1.8716021180397546
503.0,1.8710061531174145
504.0,1.8703915009332965
505.0,1.869789523742007
506.0,1.8691629325133914
507.0,1.8685396947411799
508.0,1.8679137684920175
509.0,1.8672751944355526
510.0,1.8666559028032803
511.0,1.8659825160958579
512.0,1.8653127918097179
513.0,1.8646702977469172
514.0,1.8640393344798676
515.0,1.8634306062811405
516.0,1.8627800570002755
517.0,1.8620914204457992
518.0,1.8614060155139516
519.0,1.8607026308941517
520.0,1.859985933673592
521.0,1.859294442674069
522.0,1.8585899908574084
523.0,1.8580182465743924
524.0,1.857391691655982
525.0,1.8566405451522803
526.0,1.8558932979745528
527.0,1.85520754531301
528.0,1.8545392666982272
529.0,1.8538065069848366
530.0,1.8531241671733572
531.0,1.852399823654472
532.0,1.8516552515450295
533.0,1.8509687599362006
534.0,1.8503004159471041
535.0,1.8496036386653119
536.0,1.8488435836797679
537.0,1.8481593449096245
538.0,1.84748808919473
539.0,1.846762662985306
540.0,1.8459817698390883
541.0,1.8452548336711567
542.0,1.8445651148695763
543.0,1.8438396143628797
544.0,1.8431086655886153
545.0,1.8424334307415076
546.0,1.841768509570076
547.0,1.841009341552907
548.0,1.8402133779404435
549.0,1.8394678595281204
550.0,1.8387448402045838
551.0,1.8380837109918178
552.0,1.8374273377713302
553.0,1.8367390941001343
554.0,1.8359865006599232
555.0,1.8352742022463924
556.0,1.8345369401012905
557.0,1.8337997759904325
558.0,1.8331083169771987
559.0,1.832460100075513
560.0,1.831794037854643
561.0,1.831106548048047
562.0,1.8304083557362367
563.0,1.829731121001784
564.0,1.8290453377831601
565.0,1.8283536224461294
566.0,1.8277264311862915
567.0,1.8270453243371103
568.0,1.8263549237859285
569.0,1.8256890507765118
570.0,1.8249775073380947
571.0,1.8242932629637354
572.0,1.8236783269483952
573.0,1.8230548308001915
574.0,1.8224060138030742
575.0,1.821765648709471
576.0,1.8211772249217075
577.0,1.8205124832159287
578.0,1.8198561808174825
579.0,1.8191929386317007
580.0,1.8185729605787944
581.0,1.8179535364154675
582.0,1.8173403849413097
583.0,1.8167180030032846
584.0,1.8161006541631006
585.0,1.8154939598530495
586.0,1.8149189955171445
587.0,1.8142830645061674
588.0,1.81367810100189
589.0,1.813092088335056
590.0,1.8124869693821437
591.0,1.8119072272915304
592.0,1.8113236782214912
593.0,1.810735805201161
594.0,1.8101735733227584
595.0,1.809570192290452
596.0,1.8089931433605269
597.0,1.8084477090185664
598.0,1.8078858722792637
599.0,1.8073484137370193
600.0,1.8067915822178453
601.0,1.8062869587531065
602.0,1.8057533111189736
603.0,1.8051955213649915
604.0,1.8046479180563824
605.0,1.8040935971089187
606.0,1.8035647457914659
607.0,1.8030429967131756
608.0,1.8025458300717774
609.0,1.8020488037785163
610.0,1.8015600274304866
611.0,1.8011004767261454
612.0,1.8006240388670505
613.0,1.8001414958681048
614.0,1.7996631698393466
615.0,1.7991906560894646
616.0,1.7987477136672483
617.0,1.798266479072403
618.0,1.7978311657634165
619.0,1.797371698856692
620.0,1.796959844468986
621.0,1.7965656924937379
622.0,1.7961655459043468
623.0,1.7957655458497195
624.0,1.795348405845769
625.0,1.794947821166746
626.0,1.7945348840276412
627.0,1.794144592753059
628.0,1.793760954794003
629.0,1.793413464197393
630.0,1.793058258653591
631.0,1.7926881378177675
632.0,1.7923460057235716
633.0,1.792005129065022
634.0,1.7916667623997211
635.0,1.7913301954981493
636.0,1.791010433996643
637.0,1.7906725875310072
638.0,1.7903306898984606
639.0,1.7900136639559185
640.0,1.7897278613827465
641.0,1.789424330918227
642.0,1.7891300223454725
643.0,1.7888334608033083
644.0,1.7885743642520413
645.0,1.7882306491458697
646.0,1.7879231591088747
647.0,1.7876288189575544
648.0,1.7873775874499513
649.0,1.7871189118172757
650.0,1.7868771494399593
651.0,1.7866577992012762
652.0,1.786333154476834
653.0,1.7860388099799258
654.0,1.7857936516762865
655.0,1.7855578660647975
656.0,1.7852475472055644
657.0,1.784959979887054
658.0,1.7848073738403758
659.0,1.7844939137281195
660.0,1.7842335739927038
661.0,1.7841052253527159
662.0,1.7838211493338878
663.0,1.7835712578391112
664.0,1.7833902860089021
665.0,1.7830314925691015
666.0,1.7828221901055767
667.0,1.7827159252589904
668.0,1.7823262805152436
669.0,1.7822564407256942
670.0,1.7819821990346179
671.0,1.781746236763002
672.0,1.7815194952952662
673.0,1.7813126509523882
674.0,1.7811066230513868
675.0,1.7809048452765557
676.0,1.780698063421417
677.0,1.7804880844125235
678.0,1.7802867252057841
679.0,1.7800953565992255
680.0,1.7799136091592367
681.0,1.779721445727609
682.0,1.779533628930036
683.0,1.779345050650114
684.0,1.7791648717645676
685.0,1.7789643076856503
686.0,1.778765383703229
687.0,1.7785927544661195
688.0,1.778427497758828
689.0,1.7782828726940854
690.0,1.778098408639804
691.0,1.7779256846585618
692.0,1.777832715361839
693.0,1.777452405033855
694.0,1.7775208741547825
695.0,1.7771211776200633
696.0,1.7773188912171558
697.0,1.7769079653911761
698.0,1.7769104968320135
699.0,1.776512974338288
700.0,1.7766345481791033
701.0,1.7762498079077527
702.0,1.7763712276043935
703.0,1.7759704064633683
704.0,1.7761128318318948
705.0,1.77573052624499
706.0,1.7758069355503274
707.0,1.775418678016831
708.0,1.7755760655132182
709.0,1.7752024135109978
710.0,1.775299864399327
711.0,1.7749274766008507
712.0,1.7750619195233162
713.0,1.7746987182698304
714.0,1.774888627787498
715.0,1.7745114585640631
716.0,1.7745708333765806
717.0,1.77420879508746
718.0,1.7744223679021434
719.0,1.7740485845937233
720.0,1.774205460877824
721.0,1.7738287137009316
722.0,1.7739448302511336
723.0,1.7735848795552676
724.0,1.7737562061042025
725.0,1.7734018130500304
726.0,1.773572939378417
727.0,1.773217278071863
728.0,1.7734098312978297
729.0,1.7730562323676418
730.0,1.773225932319986
731.0,1.772870149485208
732.0,1.7729997851467865
733.0,1.7726470987180996
734.0,1.7728105341554454
735.0,1.7724670180709716
736.0,1.7726250913540513
737.0,1.7722806740461425
738.0,1.7725080556941715
739.0,1.7721610958679288
740.0,1.7723033328700013
741.0,1.7719703672690212
742.0,1.7721418745396393
743.0,1.771804738089701
744.0,1.77202759354783
745.0,1.7716853175872649
746.0,1.7718168889728563
747.0,1.7714822753687511
748.0,1.7717002636512036
749.0,1.7713563563745867
750.0,1.771490452858671
751.0,1.771156913421877
752.0,1.771394014302515
753.0,1.771051991442923
754.0,1.771183315348894
755.0,1.770852885844102
756.0,1.7711021225544714
757.0,1.7707690361795352
758.0,1.7709363506278122
759.0,1.7705983676682777
760.0,1.7708120375080791
761.0,1.770478007221575
762.0,1.7706278931725055
763.0,1.770301139120884
764.0,1.7705627241046666
765.0,1.7702327402747664
766.0,1.7703843708150762
767.0,1.7700569572170728
768.0,1.7703018148148622
769.0,1.7699684910017548
770.0,1.770124425561644
771.0,1.7697993484216878
772.0,1.7699944450905318
773.0,1.7696828276900638
774.0,1.7699169331915705
775.0,1.7695992192002057
776.0,1.7698135626261697
777.0,1.7695039694905408
778.0,1.7697050175449247
779.0,1.7693909438459117
780.0,1.7695893045651945
781.0,1.7692721879945612
782.0,1.7694653203291948
783.0,1.7691487042402638
784.0,1.7693407642226895
785.0,1.7690311007789172
786.0,1.769260774392276
787.0,1.7689512207035256
788.0,1.76915873271849
789.0,1.7688472062514033
790.0,1.769053903772586
791.0,1.7687493450550347
792.0,1.76898057765163
793.0,1.7686708921714283
794.0,1.76884545958282
795.0,1.768541568999107
796.0,1.7687871153654438
797.0,1.7684859082366013
798.0,1.7687331336899208
799.0,1.7684213307490777
800.0,1.7686021771868135
801.0,1.7682999362742964
802.0,1.7685197651207463
803.0,1.7682190380304448
804.0,1.7684302355705086
805.0,1.7681258186062538
806.0,1.7683507715944744
807.0,1.7680485012179148
808.0,1.7682726346318882
809.0,1.7679712118321291
810.0,1.7681782603281977
811.0,1.76788161561254
812.0,1.7681152458948723
813.0,1.7678162496135377
814.0,1.7680169958257048
815.0,1.7677211658176064
816.0,1.7679349314079185
817.0,1.7676415690377176
818.0,1.7678616254563595
819.0,1.7675719031121988
820.0,1.767792254927087
821.0,1.767495936327363
822.0,1.7677008477352836
823.0,1.7674057822659692
824.0,1.7676212992279865
825.0,1.7673266617049503
826.0,1.7675337074024402
827.0,1.7672408507213562
828.0,1.767453947358134
829.0,1.767162864832322
830.0,1.7673664876515842
831.0,1.7670807036138714
832.0,1.7673131492632117
833.0,1.7670159508794518
834.0,1.7671937168107652
835.0,1.766901760397626
836.0,1.7671155030213785
837.0,1.7668255115842133
838.0,1.7670877574901436
839.0,1.7667852446062378
840.0,1.7669291039265111
841.0,1.7666387306232945
842.0,1.7668423825009474
843.0,1.7665752288350287
844.0,1.7667594756422245
845.0,1.766505584413894
846.0,1.7666145633323176
847.0,1.7664891461862569
848.0,1.7664150233776195
849.0,1.7664612960148687
850.0,1.7663636808416012
851.0,1.7662926573263893
852.0,1.7663260437884822
853.0,1.766218170255698
854.0,1.7661391581793682
855.0,1.7661892289631644
856.0,1.7660716928957978
857.0,1.765991931472474
858.0,1.7660234854703247
859.0,1.7659293215690781
860.0,1.7658601675281898
861.0,1.765902222704074
862.0,1.7657831048762584
863.0,1.7656928089772652
864.0,1.7657140693334235
865.0,1.7656169032941071
866.0,1.7655344782289772
867.0,1.7655665330689345
868.0,1.7654535803100673
869.0,1.76537295175954
870.0,1.7654154269337505
871.0,1.7652788955060037
872.0,1.7652066307978262
873.0,1.7652300155836682
874.0,1.765117274982762
875.0,1.7650190638143535
876.0,1.7650568667618542
877.0,1.7649356585923106
878.0,1.7648520986762444
879.0,1.7648362209647068
880.0,1.7648122281797682
881.0,1.7647082843721742
882.0,1.7646249200359414
883.0,1.7646040085884038
884.0,1.7645659268564304
885.0,1.7644596598225857
886.0,1.7643748632695433
887.0,1.7643439713152387
888.0,1.7643103957353523
889.0,1.764207911030146
890.0,1.764156486779133
891.0,1.7641194633673698
892.0,1.7640110330234868
893.0,1.7639913349277294
894.0,1.7639277257088837
895.0,1.7638099518657488
896.0,1.7637562982262833
897.0,1.7637025727873887
898.0,1.7635994373356005
899.0,1.763520109677897
900.0,1.7634916955364546
901.0,1.7634506804569887
902.0,1.7633448913995062
903.0,1.7632457480309247
904.0,1.7632089119612053
905.0,1.763164187788793
906.0,1.7630532157677425
907.0,1.7629774985842952
908.0,1.762954451656316
909.0,1.7628531306457895
910.0,1.7627711682483063
911.0,1.7627407683027998
912.0,1.7626367075144656
913.0,1.7625556641478881
914.0,1.762480590084794
915.0,1.7624139255872817
916.0,1.7623483141854346
917.0,1.7622815153436104
918.0,1.7622110900334271
919.0,1.7621835219689683
920.0,1.7620615773356108
921.0,1.761974931150162
922.0,1.761892261850924
923.0,1.7618257410504514
924.0,1.7617457413563127
925.0,1.7616763157980855
926.0,1.7615982189370083
927.0,1.7615163585769567
928.0,1.7614506678889337
929.0,1.7613705828272497
930.0,1.7613012069578478
931.0,1.7612145931292038
932.0,1.7611375390529231
933.0,1.7610622811863617
934.0,1.760980265796701
935.0,1.7608935083577806
936.0,1.760816030795481
937.0,1.7607451414844166
938.0,1.7606514066826138
939.0,1.760565631912648
940.0,1.7604762540603986
941.0,1.7604045041430048
942.0,1.760317555593925
943.0,1.7602487310431714
944.0,1.760167831805775
945.0,1.76007770854454
946.0,1.7599909777811136
947.0,1.759905698917017
948.0,1.7598241397790537
949.0,1.7597377082423762
950.0,1.7596451635524648
951.0,1.7595691794376658
952.0,1.759487140879926
953.0,1.7594007354125747
954.0,1.759290194626511
955.0,1.7591965149238038
956.0,1.7591551943190467
957.0,1.7590357329758004
958.0,1.7589425318803045
959.0,1.7588496851210207
960.0,1.758756878674836
961.0,1.7586709004892729
962.0,1.7585833397193373
963.0,1.7584920067842151
964.0,1.758410354955096
965.0,1.7583099597070646
966.0,1.758231148101861
967.0,1.7581381948174188
968.0,1.7580361073439015
969.0,1.7579499576544302
970.0,1.7578449748248492
971.0,1.757747555370186
972.0,1.7576620603665423
973.0,1.757575759796837
974.0,1.7574843595417509
975.0,1.7573907883883721
976.0,1.7573036324739568
977.0,1.7572086633442985
978.0,1.7571174889737224
979.0,1.7570104921766445
980.0,1.7569093212415925
981.0,1.7568182498297922
982.0,1.75671696522997
983.0,1.7566328035795304
984.0,1.7565397649742973
985.0,1.7564402171149507
986.0,1.756348902442084
987.0,1.7562611158895696
988.0,1.7561723003291183
989.0,1.756086345089171
990.0,1.7559805432768263
991.0,1.7558846883929797
992.0,1.7557800995132633
993.0,1.7556769519696362
994.0,1.7555809425110829
995.0,1.7554919073584048
996.0,1.7553919122816803
997.0,1.7552890683659406
998.0,1.7551868143116145
999.0,1.755091372751512
1000.0,1.754990959530678
1001.0,1.7549062278545542
1002.0,1.7548112162829461
1003.0,1.7547315147121025
1004.0,1.754642371237575
1005.0,1.7545093588024259
1006.0,1.7544282243751619
1007.0,1.7543506279238905
1008.0,1.7542263945977425
1009.0,1.7541382633831708
1010.0,1.7540456960809545
1011.0,1.7539390843904024
1012.0,1.7538497946066354
1013.0,1.753747691664643
1014.0,1.753605235934314
1015.0,1.7535258326163794
1016.0,1.7534459601237584
1017.0,1.7533294386381384
1018.0,1.7532682198497087
1019.0,1.7531775326533043
1020.0,1.7530506200684246
1021.0,1.7529738522669802
1022.0,1.7528805732635393
1023.0,1.7527852885579125
1024.0,1.7526450249710117
1025.0,1.7525680120593985
1026.0,1.752486489794519
1027.0,1.7523579633730093
1028.0,1.752289630284134
1029.0,1.7521999704249531
1030.0,1.752075152373235
1031.0,1.7519890051265905
1032.0,1.7519015997587046
1033.0,1.751769403398844
1034.0,1.7516877402153133
1035.0,1.7516060550822383
1036.0,1.7515169602757925
1037.0,1.7513770410194929
1038.0,1.7512989013137301
1039.0,1.751213585168249
1040.0,1.7511206334739073
1041.0,1.750982341265657
1042.0,1.7509008659469374
1043.0,1.7508182473735339
1044.0,1.7506829540013678
1045.0,1.7505708597249785
1046.0,1.7505129401566863
1047.0,1.7504465158015736
1048.0,1.7503069334962846
1049.0,1.7502181694952146
1050.0,1.750121943773996
1051.0,1.749989283846982
1052.0,1.7499148279160526
1053.0,1.7498271932626361
1054.0,1.7496956270774042
1055.0,1.7496266983513853
1056.0,1.7495263840081205
1057.0,1.749390555962323
1058.0,1.7493098106854483
1059.0,1.7492301422810308
1060.0,1.7491030759433601
1061.0,1.7490208261156086
1062.0,1.7489328898411438
1063.0,1.74879653599269
1064.0,1.7487216751919583
1065.0,1.7486256498337804
1066.0,1.7485259271748461
1067.0,1.748389999019592
1068.0,1.7483132508053674
1069.0,1.7482287843279982
1070.0,1.7481009199294302
1071.0,1.7480148978877215
1072.0,1.7479243285530597
1073.0,1.7478004251599988
1074.0,1.7477113091343666
1075.0,1.7476206496736075
1076.0,1.7474796320237782
1077.0,1.7473945013951582
1078.0,1.7473072740378177
1079.0,1.747182998026926
1080.0,1.7470973850293774
1081.0,1.7470136851816969
1082.0,1.7468860940146957
1083.0,1.7468026999469315
1084.0,1.7467067909710539
1085.0,1.7465783901924887
1086.0,1.746497049256065
1087.0,1.746403082106093
1088.0,1.746259214688377
1089.0,1.7461729154734202
1090.0,1.7460772220564005
1091.0,1.7459543040175303
1092.0,1.7458379848913141
1093.0,1.7457712520038202
1094.0,1.745689111257206
1095.0,1.7455504857204418
1096.0,1.7454562039636938
1097.0,1.7453521319180385
1098.0,1.7452250362415025
1099.0,1.7451450126847778
1100.0,1.7450568891474636
1101.0,1.7449214623829097
1102.0,1.7448327312378995
1103.0,1.7447304865197202
1104.0,1.7446001730553888
1105.0,1.7444815081382812
1106.0,1.744407753700661
1107.0,1.7443276327251291
1108.0,1.744196076640504
1109.0,1.744073493729476
1110.0,1.744006259735136
1111.0,1.7438826079366294
1112.0,1.743768990345387
1113.0,1.7436875948037507
1114.0,1.743596433195855
1115.0,1.7434630724308944
1116.0,1.7433461457877717
1117.0,1.743228114202933
1118.0,1.7431662148730989
1119.0,1.7430428115899153
1120.0,1.7429356911242029
1121.0,1.7428490719574115
1122.0,1.7427212123502842
1123.0,1.7426091568559388
1124.0,1.7425214910218345
1125.0,1.7423996053835584
1126.0,1.7422940914020661
1127.0,1.742221122685706
1128.0,1.7420953699320068
1129.0,1.7419806289475837
1130.0,1.7418965646808964
1131.0,1.7418012906326816
1132.0,1.7416640437444773
1133.0,1.7415713271352358
1134.0,1.7414706948114695
1135.0,1.7413629395468178
1136.0,1.7412274556049758
1137.0,1.7411266735333826
1138.0,1.741030957056465
1139.0,1.740894424245606
1140.0,1.7408087611322667
1141.0,1.7407172836456757
1142.0,1.7406199577837103
1143.0,1.7404783724573596
1144.0,1.7403788690666453
1145.0,1.7402833511303042
1146.0,1.7401570786156004
1147.0,1.7400680981446917
1148.0,1.7399689023098488
1149.0,1.7398302782598165
1150.0,1.7397398585389194
1151.0,1.7396301593454913
1152.0,1.739520890025624
1153.0,1.7394176720389487
1154.0,1.7392796950370555
1155.0,1.739196861251073
1156.0,1.7391163867711859
1157.0,1.7389848703361643
1158.0,1.7388863422375833
1159.0,1.7387849801255761
1160.0,1.738652773977275
1161.0,1.7385389733111405
1162.0,1.7384563296828577
1163.0,1.7383400367382622
1164.0,1.738220796795227
1165.0,1.7381390109733397
1166.0,1.7380036434140906
1167.0,1.7378873463590119
1168.0,1.737802178277433
1169.0,1.7376758690809258
1170.0,1.7375621799067613
1171.0,1.7374772190231744
1172.0,1.737354247268766
1173.0,1.737233079507222
1174.0,1.7371512303317598
1175.0,1.7370499064608103
1176.0,1.7369166795897204
1177.0,1.7367872840972287
1178.0,1.7367032746859072
1179.0,1.7366043332987187
1180.0,1.7364483088275389
1181.0,1.736384059473827
1182.0,1.7362861087062245
1183.0,1.7361302055305268
1184.0,1.7360555278579894
1185.0,1.7359544267445965
1186.0,1.735834515738968
1187.0,1.7357064057148661
1188.0,1.73562211992802
1189.0,1.7354978226196716
1190.0,1.7353727175903926
1191.0,1.7352926243702615
1192.0,1.7351674739303464
1193.0,1.7350536139186168
1194.0,1.7349694290664504
1195.0,1.7348475751210783
1196.0,1.7347287380647627
1197.0,1.7346123886628593
1198.0,1.7345005242663194
1199.0,1.7343879244900418
1200.0,1.734287884352442
1201.0,1.734197728230329
1202.0,1.7340959791461608
1203.0,1.7339344496522189
1204.0,1.7338244789006294
1205.0,1.7337473709719884
1206.0,1.7336389787737543
1207.0,1.7335079913327818
1208.0,1.733367978380269
1209.0,1.7332714089953856
1210.0,1.7331806265599263
1211.0,1.733048845460438
1212.0,1.7329249860751936
1213.0,1.7328399018584013
1214.0,1.732750687469081
1215.0,1.7325991411243176
1216.0,1.7324818418118164
1217.0,1.732402687055092
1218.0,1.7323086335766305
1219.0,1.7321453991246474
1220.0,1.7320265642204289
1221.0,1.7319349595577775
1222.0,1.7318463268344562
1223.0,1.7317314946503877
1224.0,1.7315698959796761
1225.0,1.7314563594369656
1226.0,1.7313707469379018
1227.0,1.7312796188896158
1228.0,1.7311247184079015
1229.0,1.7310356230076807
1230.0,1.7309425273403447
1231.0,1.7307810367327698
1232.0,1.7306904386143516
1233.0,1.7305885417351041
1234.0,1.7304522323710323
1235.0,1.7303326573826792
1236.0,1.7302357908210562
1237.0,1.7301327413228542
1238.0,1.7300187534284508
1239.0,1.7298944667622815
1240.0,1.7297832141432314
1241.0,1.7296662054276517
1242.0,1.7295552653218194
1243.0,1.7294373546074497
1244.0,1.729315590330125
1245.0,1.7291999413271173
1246.0,1.7290883832111605
1247.0,1.7289790314180307
1248.0,1.7288563640955075
1249.0,1.7287394014837463
1250.0,1.7286356746750653
1251.0,1.7285277368362113
1252.0,1.7284065600843952
1253.0,1.7282926037420985
1254.0,1.728176252826376
1255.0,1.7280648456253664
1256.0,1.7279397318457534
1257.0,1.7278268243228996
1258.0,1.7277195444077904
1259.0,1.7276027557114901
1260.0,1.7274952983272525
1261.0,1.7273819057904993
1262.0,1.7272704899987967
1263.0,1.7271514026084027
1264.0,1.727040571499794
1265.0,1.7269252669464403
1266.0,1.7268120656982537
1267.0,1.7266989022916268
1268.0,1.7265840144480622
1269.0,1.726476928711348
1270.0,1.7263519307587203
1271.0,1.7262380809231912
1272.0,1.7261324031740293
1273.0,1.7260151248361466
1274.0,1.7258954854061004
1275.0,1.7257823693666325
1276.0,1.7256640682978328
1277.0,1.7255561107485282
1278.0,1.7254425155358417
1279.0,1.7253310424132475
1280.0,1.7252243061940413
1281.0,1.7251057002545815
1282.0,1.7249987827406636
1283.0,1.7248926173564503
1284.0,1.7247702082992327
1285.0,1.7246490157005874
1286.0,1.7245278408524527
1287.0,1.7244208171798765
1288.0,1.7243069020463628
1289.0,1.7241955649816627
1290.0,1.7240723682713215
1291.0,1.7239545653815167
1292.0,1.7238478047921717
1293.0,1.7237340759626567
1294.0,1.7236203014072553
1295.0,1.7235086887278805
1296.0,1.723393438811369
1297.0,1.7232833493358948
1298.0,1.7231592229093735
1299.0,1.7230511647387128
1300.0,1.7229432931617927
1301.0,1.7228264665322865
1302.0,1.7227029605016546
1303.0,1.7226027099665246
1304.0,1.7224876807839142
1305.0,1.7223770980758504
1306.0,1.7222531257539289
1307.0,1.722141101714047
1308.0,1.7220211007542146
1309.0,1.721912894540641
1310.0,1.7218024752220922
1311.0,1.7216829133884028
1312.0,1.7215354774320832
1313.0,1.7214436408517246
1314.0,1.7213540529104694
1315.0,1.721213193802818
1316.0,1.7211235140248184
1317.0,1.7210242097048303
1318.0,1.7208816823860391
1319.0,1.7207851839630521
1320.0,1.720680551437582
1321.0,1.72053722499324
1322.0,1.7204446279517547
1323.0,1.7203364085873514
1324.0,1.7201911620909451
1325.0,1.720076884845414
1326.0,1.7199931807081676
1327.0,1.7198908660853334
1328.0,1.7197459198937683
1329.0,1.719622055535869
1330.0,1.7195353259105866
1331.0,1.7194366813817756
1332.0,1.7192932250199424
1333.0,1.7191740422696649
1334.0,1.7190894781111548
1335.0,1.7189777180783243
1336.0,1.718866274676203
1337.0,1.7187193644087508
1338.0,1.7186069526393417
1339.0,1.7185296681650342
1340.0,1.7184267277941503
1341.0,1.7182788956103485
1342.0,1.7181749879876906
1343.0,1.7180750643894378
1344.0,1.7179315925156307
1345.0,1.717838581275805
1346.0,1.7177386796420149
1347.0,1.7175973074598965
1348.0,1.7174674383188917
1349.0,1.7173939292740064
1350.0,1.7173120777582516
1351.0,1.7171775638580509
1352.0,1.7170438427273773
1353.0,1.7169675726276132
1354.0,1.7168678659670578
1355.0,1.7167286770672265
1356.0,1.7165940836074753
1357.0,1.7165069693635417
1358.0,1.716407289863717
1359.0,1.7162701037633332
1360.0,1.7161390261952782
1361.0,1.716055334822844
1362.0,1.7159764476454837
1363.0,1.715836589044255
1364.0,1.715715458809877
1365.0,1.7156191137508225
1366.0,1.7155234952673997
1367.0,1.7153806021786204
1368.0,1.7152593080549094
1369.0,1.7151766073129597
1370.0,1.7150896828297557
1371.0,1.7149553806796292
1372.0,1.714823773235387
1373.0,1.7147399385605415
1374.0,1.7146465606221932
1375.0,1.714507636270264
1376.0,1.7143791467425873
1377.0,1.7142904677383337
1378.0,1.7142065931788812
1379.0,1.7140707967971776
1380.0,1.7139393972340258
1381.0,1.7138519354813706
1382.0,1.71375815778814
1383.0,1.7136231694018935
1384.0,1.7134984774051423
1385.0,1.7134177495763314
1386.0,1.713336336766685
1387.0,1.7131988276353776
1388.0,1.7130594718104757
1389.0,1.7129758943204028
1390.0,1.7128795759848408
1391.0,1.7127461991059598
1392.0,1.7126318536528584
1393.0,1.7125312597402498
1394.0,1.7124422448120784
1395.0,1.712282252852675
1396.0,1.7121912844432428
1397.0,1.7121179731807625
1398.0,1.7119658947579595
1399.0,1.7118876916050376
1400.0,1.7118057866818106
1401.0,1.711672680533029
1402.0,1.7115397618570352
1403.0,1.711456220425077
1404.0,1.7113647226139121
1405.0,1.7112097152159693
1406.0,1.711117268692729
1407.0,1.71103571814878
1408.0,1.710879577789723
1409.0,1.710800782651282
1410.0,1.7107115404623279
1411.0,1.7105570482323413
1412.0,1.7104708072026438
1413.0,1.7103840787760471
1414.0,1.7102342201366354
1415.0,1.7101600293563888
1416.0,1.7100712714797708
1417.0,1.7099094644757826
1418.0,1.7098666083321818
1419.0,1.7097046937517604
1420.0,1.709658925377028
1421.0,1.7094971950294369
1422.0,1.7093988452768363
1423.0,1.7092380008963592
1424.0,1.709210964025334
1425.0,1.7090520945616767
1426.0,1.7090250864512093
1427.0,1.708864581205238
1428.0,1.708764696926219
1429.0,1.7086067601363693
1430.0,1.7085668904889684
1431.0,1.7084125392738887
1432.0,1.7083685329730687
1433.0,1.7082116362622257
1434.0,1.7081576759281982
1435.0,1.7079999417621852
1436.0,1.707931731745378
1437.0,1.7077752109893172
1438.0,1.7077225292186164
1439.0,1.7075650618212748
1440.0,1.7075109036597187
1441.0,1.7073555512992198
1442.0,1.707297900022467
1443.0,1.7071439266053186
1444.0,1.7070905782441095
1445.0,1.7069365248283233
1446.0,1.7068732238878723
1447.0,1.7067207626406475
1448.0,1.7066678658426437
1449.0,1.70651454681962
1450.0,1.7064435531218125
1451.0,1.7062949719270257
1452.0,1.706248010738469
1453.0,1.7060959557127353
1454.0,1.7060312516948868
1455.0,1.705881958718837
1456.0,1.7058231335878444
1457.0,1.7056745363046744
1458.0,1.7056065302564567
1459.0,1.7054571755196513
1460.0,1.7054026045665058
1461.0,1.7052526683600193
1462.0,1.705184310820914
1463.0,1.7050376814474142
1464.0,1.7049869633068122
1465.0,1.7048366374031878
1466.0,1.7047638451313152
1467.0,1.7046199185501345
1468.0,1.7045653150812334
1469.0,1.7044164767163295
1470.0,1.7043454858929152
1471.0,1.7041994875542377
1472.0,1.7041425794085832
1473.0,1.7039953657194333
1474.0,1.7039265392119136
1475.0,1.7037830147760067
1476.0,1.7037279437548287
1477.0,1.703582642107174
1478.0,1.703516043795358
1479.0,1.703369756290556
1480.0,1.7032957053393
1481.0,1.7031507621470905
1482.0,1.7030763941799525
1483.0,1.7029356411955618
1484.0,1.7028865666765083
1485.0,1.7027442947461948
1486.0,1.7026834463406004
1487.0,1.70253935895916
1488.0,1.7024650113546322
1489.0,1.7023235636777279
1490.0,1.702258630609885
1491.0,1.7021165885379383
1492.0,1.7020391198277989
1493.0,1.7018985873130945
1494.0,1.7018363756922597
1495.0,1.7016987693301615
1496.0,1.7016379257662024
1497.0,1.7014987747513282
1498.0,1.701438792938597
1499.0,1.7012931231071178
1500.0,1.7012105849465453
