"Iteration","Cd Monitor: Cd Monitor"
1.0,60.86845289753512
2.0,28.234655188012866
3.0,8.442786153596506
4.0,1.8766019624846997
5.0,1.3092789302157661
6.0,0.03998836514382259
7.0,-0.03358275425124338
8.0,-0.06969694538495458
9.0,0.13067381881794532
10.0,0.6349952670343171
11.0,0.823696217554908
12.0,1.0175469816133986
13.0,1.069320818938211
14.0,1.0675470708056731
15.0,0.9957848678495157
16.0,0.9853784363633279
17.0,0.9544831984446622
18.0,0.8912039648160367
19.0,0.8760244333496948
20.0,0.7872735373757191
21.0,0.7840240420865817
22.0,0.7822595975497807
23.0,0.7861331779169243
24.0,0.790208638403725
25.0,0.7936091482169834
26.0,0.7965737298954854
27.0,0.8016910007614502
28.0,0.8054440392555956
29.0,0.8124920754685285
30.0,0.8163557627121245
31.0,0.8228255756824078
32.0,0.8256846973677201
33.0,0.8288694401811725
34.0,0.8300265713060045
35.0,0.8302031484288276
36.0,0.8292853324422171
37.0,0.8273254464319852
38.0,0.8229800209614475
39.0,0.8186598991356481
40.0,0.8134620921497355
41.0,0.8034910008243885
42.0,0.797785213570667
43.0,0.7914149987253127
44.0,0.7800325567992135
45.0,0.7749920030961662
46.0,0.7663790760768098
47.0,0.7635741962189925
48.0,0.7596453072203497
49.0,0.7586666308962552
50.0,0.7583293363554628
51.0,0.7589777527166126
52.0,0.7608144694345086
53.0,0.7622248280422439
54.0,0.7648047692372676
55.0,0.7666734625261438
56.0,0.7695425793178787
57.0,0.7715351075198854
58.0,0.7747450310003147
59.0,0.7760101499939751
60.0,0.7772481203845989
61.0,0.777676210790585
62.0,0.7783834316805848
63.0,0.7786826355031805
64.0,0.7788979943272724
65.0,0.7791898612004017
66.0,0.7795924006215668
67.0,0.7804327324985267
68.0,0.7818924906551126
69.0,0.7846126813178508
70.0,0.7891552538003398
71.0,0.7952176877263997
72.0,0.8021511618799081
73.0,0.8101790952733519
74.0,0.8175402688116844
75.0,0.8248937794442083
76.0,0.8328584668719512
77.0,0.8365648635208015
78.0,0.8439857025974637
79.0,0.8482611691280754
80.0,0.854937468810224
81.0,0.8561457617783145
82.0,0.8587979980251222
83.0,0.862057561727323
84.0,0.8651012227341978
85.0,0.8680347842146161
86.0,0.8694166465827706
87.0,0.872305238261491
88.0,0.8731130037005418
89.0,0.8744715197647744
90.0,0.8752209847874062
91.0,0.8764795356761989
92.0,0.8769836294038551
93.0,0.8777935464021102
94.0,0.8780944257203636
95.0,0.8785580946453224
96.0,0.8784512800830165
97.0,0.8778277887452951
98.0,0.8769275291183787
99.0,0.8758835932942265
100.0,0.8745514777081771
101.0,0.8733362089434393
102.0,0.8722824304495432
103.0,0.8708500968475453
104.0,0.8693765798174703
105.0,0.8676101960961772
106.0,0.8657852362108135
107.0,0.8639579903568508
108.0,0.8622398755557789
109.0,0.860583266741999
110.0,0.8588796738551014
111.0,0.8575709934474048
112.0,0.8560073565882067
113.0,0.8545492071121272
114.0,0.8533341779173521
115.0,0.8515247795067796
116.0,0.8506013562765108
117.0,0.849326154281129
118.0,0.8483692024026795
119.0,0.8474860606526302
120.0,0.8467494639374414
121.0,0.8461448482456034
122.0,0.8452475941864471
123.0,0.8443367848163669
124.0,0.8433865037263859
125.0,0.8420368953896679
126.0,0.8406663167176314
127.0,0.8383446834580232
128.0,0.8367653314046871
129.0,0.8347578486224181
130.0,0.8326970885869495
131.0,0.8307379900420411
132.0,0.8287401335049458
133.0,0.8267609586379293
134.0,0.8249513477278799
135.0,0.8232481346572982
136.0,0.8216704338946236
137.0,0.820265018898364
138.0,0.8190045265430785
139.0,0.8179796871770542
140.0,0.8170720758212854
141.0,0.816276073760063
142.0,0.8156604855123363
143.0,0.8151194694233382
144.0,0.8144900362296339
145.0,0.8139256128892546
146.0,0.8133876614574898
147.0,0.812881436209102
148.0,0.812370242921723
149.0,0.8119204162119918
150.0,0.811344985168839
151.0,0.8108255321511255
152.0,0.8101998517965877
153.0,0.8095479745413375
154.0,0.8090703464777708
155.0,0.8084974515686237
156.0,0.8081994692443043
157.0,0.8080377690470515
158.0,0.8080277650567333
159.0,0.808135344489292
160.0,0.8082684526757895
161.0,0.8079504905186475
162.0,0.8078741189062362
163.0,0.8077044161760714
164.0,0.8074953427480048
165.0,0.8069457176095669
166.0,0.8063265328214105
167.0,0.8056808138936611
168.0,0.8048710275188042
169.0,0.8039602395418161
170.0,0.8030444585699019
171.0,0.801922081162089
172.0,0.8011332160333029
173.0,0.8001983926373066
174.0,0.7991430543663828
175.0,0.7984501347494212
176.0,0.7978724416325631
177.0,0.7970884982257256
178.0,0.7965658137302664
179.0,0.7959353235138553
180.0,0.7954951136046045
181.0,0.7953206342899614
182.0,0.7953124893043868
183.0,0.7952477626872315
184.0,0.7951798596833667
185.0,0.7950071721742612
186.0,0.794789344078831
187.0,0.7943989003884626
188.0,0.7938220592958558
189.0,0.7932143697781674
190.0,0.7925642597088116
191.0,0.7917528772178221
192.0,0.7908260634342587
193.0,0.7898260350935515
194.0,0.7887814815235297
195.0,0.7875569567135263
196.0,0.7863334470651105
197.0,0.7849595890474468
198.0,0.7836416120998875
199.0,0.7823295833870043
200.0,0.7809892770529179
201.0,0.7795220888898381
202.0,0.7780241967009778
203.0,0.7764797879227407
204.0,0.7751382920762556
205.0,0.773138856635781
206.0,0.7718085679507435
207.0,0.7697476306453819
208.0,0.7683981613568824
209.0,0.7663782487843076
210.0,0.7650805918050907
211.0,0.7631631973046048
212.0,0.7619565482965022
213.0,0.7603840958509129
214.0,0.7590309286713094
215.0,0.7571124147046103
216.0,0.7559749413231491
217.0,0.7544510305772677
218.0,0.7530049701700644
219.0,0.7515620639681184
220.0,0.7500641374227466
221.0,0.7485534547230348
222.0,0.7469874278891037
223.0,0.7453530463381594
224.0,0.7436841950079716
225.0,0.7419758992884795
226.0,0.7400454782944853
227.0,0.7386425790673282
228.0,0.7365320832278052
229.0,0.7351318799344219
230.0,0.7328006779376851
231.0,0.7314448295424023
232.0,0.729455797789806
233.0,0.7279729064397342
234.0,0.7255964909126839
235.0,0.7243354284975222
236.0,0.7227037073508582
237.0,0.7211539581017501
238.0,0.7195883009084894
239.0,0.7180280157224516
240.0,0.7164144675968359
241.0,0.7148143684532864
242.0,0.71347059640032
243.0,0.7117755749263319
244.0,0.710069622732247
245.0,0.7083003170846438
246.0,0.7065031877847554
247.0,0.70452799440496
248.0,0.7030581626058054
249.0,0.7012094453310954
250.0,0.6993511774458219
251.0,0.6974731913445897
252.0,0.6956229460211119
253.0,0.6938429004126823
254.0,0.692087241626361
255.0,0.6904092153341554
256.0,0.6887966002018343
257.0,0.6872878488939844
258.0,0.685286559651253
259.0,0.6840535752881691
260.0,0.6826143640142919
261.0,0.6806636863414197
262.0,0.6792521498239177
263.0,0.6773315139031746
264.0,0.6761215096281237
265.0,0.6746958181367608
266.0,0.6727815944551562
267.0,0.6713725044135395
268.0,0.6693961869496856
269.0,0.6679835265444798
270.0,0.6659924483273786
271.0,0.6646203574428675
272.0,0.6626981019574798
273.0,0.6613333390624617
274.0,0.6594339720522334
275.0,0.6580648555039414
276.0,0.6561992548607706
277.0,0.6548101853145831
278.0,0.6528348708182166
279.0,0.6516343987710366
280.0,0.6500949178811556
281.0,0.6483326534011614
282.0,0.6466714570185276
283.0,0.6449620197340441
284.0,0.643228165222615
285.0,0.6414652248546397
286.0,0.6397312066803096
287.0,0.6379801107991865
288.0,0.6362241538461478
289.0,0.6344958835415537
290.0,0.6327903611020356
291.0,0.6310953599240156
292.0,0.6294383842273026
293.0,0.6277913822091277
294.0,0.6261644334264069
295.0,0.6245678533565173
296.0,0.6229689100429493
297.0,0.6215120333907521
298.0,0.6196179934334387
299.0,0.6180493797207837
300.0,0.6166008484263038
301.0,0.6147274630340376
302.0,0.6133288752168764
303.0,0.6114584286074659
304.0,0.6100638032872235
305.0,0.6082147735593082
306.0,0.6068424352949369
307.0,0.605024248096121
308.0,0.6036621687107763
309.0,0.6018580123442557
310.0,0.6004901438991693
311.0,0.5986752652446785
312.0,0.5973033366144671
313.0,0.5955125585484119
314.0,0.5941588602913331
315.0,0.5924064184056919
316.0,0.5910589545108027
317.0,0.5893482319877325
318.0,0.5878999171679138
319.0,0.5865159281243314
320.0,0.5847664366826547
321.0,0.5832984829942917
322.0,0.5819208025502391
323.0,0.5801797639591865
324.0,0.5787407939420226
325.0,0.577380465297219
326.0,0.5755268723094288
327.0,0.5743751524196293
328.0,0.5728813374968317
329.0,0.5714196353958754
330.0,0.5699256556411034
331.0,0.5684287307903506
332.0,0.5669297041181631
333.0,0.5654350242406758
334.0,0.5639396187267689
335.0,0.5624544601079011
336.0,0.5609674942537228
337.0,0.5594944612854559
338.0,0.5579044736735969
339.0,0.5567102285961515
340.0,0.5552469616717701
341.0,0.553776598042206
342.0,0.5521865926223598
343.0,0.5509917503639344
344.0,0.5493980849609266
345.0,0.5481976262513674
346.0,0.5465438176492843
347.0,0.5453385468850519
348.0,0.5436702654528196
349.0,0.542472017314463
350.0,0.5408010178779304
351.0,0.5396171487056812
352.0,0.5379209708913066
353.0,0.5368075108566474
354.0,0.5352368768587715
355.0,0.5340605900941551
356.0,0.5324062061533618
357.0,0.5312056246932375
358.0,0.5296451851646582
359.0,0.5284484015482614
360.0,0.5268888524839141
361.0,0.5256945231592576
362.0,0.5241385943710146
363.0,0.5229527760999817
364.0,0.5213946846171686
365.0,0.5202264042557023
366.0,0.5186879393649516
367.0,0.5174434692275514
368.0,0.5161937491253622
369.0,0.5146376188795843
370.0,0.5134156907909497
371.0,0.5121885032344464
372.0,0.5106427079452938
373.0,0.5094349554011135
374.0,0.5082214518800638
375.0,0.5066833650820218
376.0,0.5054882459415541
377.0,0.5042951785440399
378.0,0.5027753440659343
379.0,0.5016010957830781
380.0,0.5004316394471118
381.0,0.49894163848252165
382.0,0.4977849094349086
383.0,0.4966347285923328
384.0,0.4951705968786646
385.0,0.4940356716021921
386.0,0.4929101950967731
387.0,0.4914676585168306
388.0,0.4903474055160315
389.0,0.48923241579192395
390.0,0.48780464113213723
391.0,0.48671170362748584
392.0,0.4856317197931173
393.0,0.4842451619526479
394.0,0.48318203220031686
395.0,0.4821212640826158
396.0,0.4807501798427517
397.0,0.47969542448713026
398.0,0.4786528011520545
399.0,0.4773089757325056
400.0,0.47635954240738954
401.0,0.47506041954894757
402.0,0.47411971241544326
403.0,0.47283644976773853
404.0,0.471832260192731
405.0,0.47084202953726184
406.0,0.4695561914297666
407.0,0.46858383224018046
408.0,0.4676299665475581
409.0,0.4664034379572878
410.0,0.46545969201421405
411.0,0.4645162945726521
412.0,0.463296158369392
413.0,0.46242433780034686
414.0,0.4612271394260375
415.0,0.4603742576298152
416.0,0.45919383489973276
417.0,0.4583589056138072
418.0,0.4571947893970154
419.0,0.4562960365709836
420.0,0.4554094666476066
421.0,0.45425975515585265
422.0,0.4533201446385336
423.0,0.4525297160431236
424.0,0.4514667311139517
425.0,0.4505600096020571
426.0,0.44977721855121927
427.0,0.4487156090694938
428.0,0.4478164619113587
429.0,0.44703085384474617
430.0,0.4459531612012848
431.0,0.4450564016242029
432.0,0.44428947094307475
433.0,0.44323679140069866
434.0,0.4424967457020833
435.0,0.4414701721749933
436.0,0.44063239903743334
437.0,0.4399047576724524
438.0,0.43892481809795697
439.0,0.43822653009779167
440.0,0.43725587178016134
441.0,0.43657031719771117
442.0,0.43559952202137764
443.0,0.43491811146839354
444.0,0.433961885933488
445.0,0.4332954326969341
446.0,0.43233920199011555
447.0,0.4316776381005371
448.0,0.43075046431060476
449.0,0.43010553382844885
450.0,0.4291916882001131
451.0,0.42855882622889124
452.0,0.4276650906994538
453.0,0.4270397083530888
454.0,0.42615025099200005
455.0,0.4255384046915044
456.0,0.42480980948337
457.0,0.4238132719488022
458.0,0.4233222865403582
459.0,0.4226144323707716
460.0,0.4217827522196423
461.0,0.42120905024706257
462.0,0.42038861012236767
463.0,0.4198314628909179
464.0,0.4190271875739418
465.0,0.41856078614726866
466.0,0.41755989487546297
467.0,0.41710678572222204
468.0,0.4164774840150283
469.0,0.4158406107089587
470.0,0.41502244468538796
471.0,0.41457715192453054
472.0,0.41358150481400374
473.0,0.41316031855012614
474.0,0.41257127109161784
475.0,0.4119787543171375
476.0,0.41122293362895374
477.0,0.4108122469795939
478.0,0.4098919311892091
479.0,0.40950182400040985
480.0,0.40894275584821876
481.0,0.4083924911982846
482.0,0.4076864117190654
483.0,0.4073048064148044
484.0,0.4064026064718415
485.0,0.4060392875275944
486.0,0.40549532276009653
487.0,0.4049723899121298
488.0,0.4042901056330084
489.0,0.40393861479521787
490.0,0.40308154154262693
491.0,0.40275747557755703
492.0,0.4022331124521979
493.0,0.40173708828232624
494.0,0.4010977734335548
495.0,0.40078054883588654
496.0,0.3999854838403156
497.0,0.3996920790354273
498.0,0.3991941389406521
499.0,0.3987284189681914
500.0,0.3981229241907312
501.0,0.39783881768579477
502.0,0.3971084568304976
503.0,0.39685982040195794
504.0,0.39631209018012553
505.0,0.39594017084955424
506.0,0.39538118657986077
507.0,0.3951402522091862
508.0,0.39447190306637664
509.0,0.39425819246065685
510.0,0.39378585648394027
511.0,0.3933838791798675
512.0,0.39285604885224656
513.0,0.39265350603763605
514.0,0.3920958181438998
515.0,0.3919077219499183
516.0,0.3912198252509824
517.0,0.39106467156924574
518.0,0.39073785757587576
519.0,0.39025468040588995
520.0,0.3900951686798149
521.0,0.38948417864695
522.0,0.38936671526600425
523.0,0.3890692120292177
524.0,0.3886759639438303
525.0,0.3883749902527226
526.0,0.3880683440629467
527.0,0.3877639485290767
528.0,0.38747021731421866
529.0,0.38717594338325473
530.0,0.3868929927357127
531.0,0.3866183494083331
532.0,0.38635301705118963
533.0,0.38609798250132665
534.0,0.3858459528453288
535.0,0.38559655697404566
536.0,0.3853709213690281
537.0,0.38522972264901006
538.0,0.38490281519611896
539.0,0.3847084064282961
540.0,0.38450682640862466
541.0,0.38431993021006067
542.0,0.3841412642649619
543.0,0.38404614428869616
544.0,0.38376355948587826
545.0,0.3836122297190366
546.0,0.38346571519393935
547.0,0.38333623204125905
548.0,0.3832929108984551
549.0,0.3830643962806727
550.0,0.3829692072978839
551.0,0.38295663780568057
552.0,0.3827537525528569
553.0,0.3827609328462942
554.0,0.3825681082348193
555.0,0.3825908932341817
556.0,0.38241741697470155
557.0,0.3824614749468596
558.0,0.3823109665872564
559.0,0.3823817729605691
560.0,0.382255227041724
561.0,0.3823484470854862
562.0,0.3822369324542486
563.0,0.38235584464801947
564.0,0.3822858194073633
565.0,0.3824335404597019
566.0,0.3823891141868217
567.0,0.38255285602124844
568.0,0.3825185478698557
569.0,0.38270022854739644
570.0,0.3827848110324914
571.0,0.3827389293729157
572.0,0.3829436157364913
573.0,0.38295258835073964
574.0,0.38316312847768874
575.0,0.3832870241412011
576.0,0.383275177467098
577.0,0.38352179593471203
578.0,0.38356537825503295
579.0,0.38382861691820314
580.0,0.38402403559065573
581.0,0.3840678948484033
582.0,0.384364438134328
583.0,0.38446280097272606
584.0,0.3847877465097259
585.0,0.3848675898020996
586.0,0.3852049235552747
587.0,0.38529442021794374
588.0,0.3856524695967912
589.0,0.38575046254486023
590.0,0.386117330415449
591.0,0.3862141224836759
592.0,0.38659070259263595
593.0,0.38669942222692505
594.0,0.387072513943555
595.0,0.38733094591930606
596.0,0.387415094391689
597.0,0.38781248150015923
598.0,0.38796517329995833
599.0,0.3883624183709721
600.0,0.38853545038591913
601.0,0.388928557455658
602.0,0.3891085175718563
603.0,0.38950514772725087
604.0,0.38964541279908105
605.0,0.39003275685360633
606.0,0.3903249113921457
607.0,0.39045694287564836
608.0,0.39086794489143883
609.0,0.39119211081747474
610.0,0.39136459088582604
611.0,0.39176120513319845
612.0,0.3919816719236871
613.0,0.39240078318519256
614.0,0.392626766741437
615.0,0.3930547381066437
616.0,0.39329174324319194
617.0,0.393720644889074
618.0,0.39395219445628915
619.0,0.3943722519955973
620.0,0.39449242628310505
621.0,0.39502388719178255
622.0,0.3954122371976196
623.0,0.395631589834197
624.0,0.3960690165170178
625.0,0.3963216094940587
626.0,0.39666886750282015
627.0,0.39713127123349956
628.0,0.3974042317969658
629.0,0.39786218664072903
630.0,0.3981352117812523
631.0,0.3985916396383156
632.0,0.3988665131579982
633.0,0.3993282049747497
634.0,0.3996093039316609
635.0,0.4000811264209144
636.0,0.4003711331792748
637.0,0.40084669584151345
638.0,0.40113048368910303
639.0,0.40161475239392536
640.0,0.4019039134212642
641.0,0.40237708927546423
642.0,0.40268285748970173
643.0,0.40317325657361724
644.0,0.4034778741485601
645.0,0.40387636919806075
646.0,0.4043767514255724
647.0,0.40472368183594454
648.0,0.4051293916118563
649.0,0.405550437367606
650.0,0.4059723597355922
651.0,0.4064653440201392
652.0,0.406780692074925
653.0,0.40716194476821804
654.0,0.40756162584928984
655.0,0.40806785517793126
656.0,0.40838531670932054
657.0,0.40877384309666176
658.0,0.4091998365491574
659.0,0.40963520132353104
660.0,0.4100663192668236
661.0,0.41050401885591475
662.0,0.4109257870286916
663.0,0.41136242698183784
664.0,0.4117692589204394
665.0,0.4121799501401928
666.0,0.4126006219203924
667.0,0.4130151698541245
668.0,0.4134143670047557
669.0,0.4138067113420262
670.0,0.41420750680907725
671.0,0.41460516667606384
672.0,0.41500113071489125
673.0,0.41538075337761726
674.0,0.4157499962157119
675.0,0.4161321089665236
676.0,0.41651832984921194
677.0,0.4169016567246452
678.0,0.41728523490760017
679.0,0.4176602639852469
680.0,0.4180474772829476
681.0,0.41843596479817924
682.0,0.41881983753615143
683.0,0.4191969239095873
684.0,0.41956110278774655
685.0,0.4198686361004747
686.0,0.4203304926901208
687.0,0.42063789309803096
688.0,0.42103317364807125
689.0,0.42140768359186914
690.0,0.42176632254201313
691.0,0.4220476746883889
692.0,0.42242756196517345
693.0,0.42276381501344723
694.0,0.4231361603953256
695.0,0.42345015292582827
696.0,0.4238099003024088
697.0,0.42410374756169233
698.0,0.42445229606019763
699.0,0.4247315115892092
700.0,0.42505687359962374
701.0,0.4253270891109206
702.0,0.42565572442433636
703.0,0.42591461771690475
704.0,0.42622430564802455
705.0,0.4265022948395029
706.0,0.42681431211862997
707.0,0.4270931919898291
708.0,0.42740123090287885
709.0,0.4276821633477238
710.0,0.4279931595187742
711.0,0.4282621650125191
712.0,0.4285840621374733
713.0,0.4288532783606255
714.0,0.4291546169199647
715.0,0.4294162218659496
716.0,0.42971228584141985
717.0,0.42998374307324605
718.0,0.430273613506168
719.0,0.4305170564860407
720.0,0.4307610450797313
721.0,0.43106226453672836
722.0,0.43129652020905185
723.0,0.4315865432588964
724.0,0.431817680529172
725.0,0.43208590003443986
726.0,0.4323269039693342
727.0,0.43258942913631904
728.0,0.432812561069879
729.0,0.4330590095188993
730.0,0.43328593852350866
731.0,0.43353377624268485
732.0,0.4338010958993294
733.0,0.43407722466546705
734.0,0.43435866357669134
735.0,0.43460193332304986
736.0,0.4348415050723196
737.0,0.43506256010106925
738.0,0.435290087303811
739.0,0.43551627262254794
740.0,0.43574169139979607
741.0,0.4359697853043314
742.0,0.43622557017190056
743.0,0.43646857513372717
744.0,0.4367083276030519
745.0,0.43694221740610084
746.0,0.437164222366465
747.0,0.4373901061590265
748.0,0.43761550115161346
749.0,0.4378240377986166
750.0,0.4380433449958149
751.0,0.4382320504166254
752.0,0.4384284880875637
753.0,0.4386231419429105
754.0,0.4388101625443
755.0,0.43899664591677307
756.0,0.4391816295728161
757.0,0.43936367985999003
758.0,0.4395468924034799
759.0,0.43972451750551983
760.0,0.4398955585885377
761.0,0.4400580910810119
762.0,0.44022494749693336
763.0,0.44038266429498607
764.0,0.44053487620630805
765.0,0.4406946233075039
766.0,0.44083837815441246
767.0,0.44098768522878207
768.0,0.4411403558841752
769.0,0.4412920346132338
770.0,0.4414421087516804
771.0,0.44159554948864166
772.0,0.441755715325974
773.0,0.4419016635849288
774.0,0.4420470200740151
775.0,0.4421707825808961
776.0,0.44232416852194634
777.0,0.44247679648157
778.0,0.44260705457116367
779.0,0.44272990859818034
780.0,0.4428208841713107
781.0,0.4429569464409304
782.0,0.44309005072163116
783.0,0.443185966667108
784.0,0.443319618878595
785.0,0.4434532125978065
786.0,0.44354566689361763
787.0,0.44367178234261095
788.0,0.44377656534046833
789.0,0.4439023864009402
790.0,0.4440332835704154
791.0,0.4441129624808873
792.0,0.44425612573434603
793.0,0.44436771899259014
794.0,0.4445011852621643
795.0,0.44462528978793836
796.0,0.44473125304464367
797.0,0.44482476509246693
798.0,0.4449271380732983
799.0,0.4450280178518574
800.0,0.4451207215864753
801.0,0.4452068074143868
802.0,0.44530283068282284
803.0,0.44536841490279433
804.0,0.44548323535431317
805.0,0.4455900337797656
806.0,0.4456791287912358
807.0,0.4457595226115132
808.0,0.4458440438432915
809.0,0.44590394527926436
810.0,0.44600708823791546
811.0,0.4461034180049822
812.0,0.44616470497805255
813.0,0.4462548971007405
814.0,0.4463171975035139
815.0,0.44640702649388236
816.0,0.4464633129486963
817.0,0.4465391943565256
818.0,0.4465898216399499
819.0,0.4466706694587539
820.0,0.44671825953482497
821.0,0.4468007296732715
822.0,0.44684304833771943
823.0,0.44693104329735894
824.0,0.44698477439517076
825.0,0.4470595290125628
826.0,0.44711728700169096
827.0,0.44721752575904206
828.0,0.44727125130139056
829.0,0.4473504223465062
830.0,0.44740118494418546
831.0,0.44747493022676865
832.0,0.4475142049542662
833.0,0.44758154604087863
834.0,0.44760987664779794
835.0,0.44767401732332235
836.0,0.447706113751352
837.0,0.4477757045949666
838.0,0.4478372484098118
839.0,0.44786760521337926
840.0,0.44793007483467406
841.0,0.44797489398216256
842.0,0.44804034838311324
843.0,0.4480792699981937
844.0,0.4481360761704565
845.0,0.44817410241470174
846.0,0.4482399299962195
847.0,0.4482770529595752
848.0,0.44833611629177367
849.0,0.4483747768752839
850.0,0.44842348058896037
851.0,0.4484825420874645
852.0,0.4485463459536748
853.0,0.4486097895367232
854.0,0.44866986914236084
855.0,0.448730608370052
856.0,0.4487836364837348
857.0,0.44885352073051743
858.0,0.44888268532748166
859.0,0.4489166599416348
860.0,0.4489800875801821
861.0,0.44901661907313967
862.0,0.4490625484221267
863.0,0.4491355481669344
864.0,0.44918047659754207
865.0,0.44924254554744525
866.0,0.44929085732270924
867.0,0.44936093438141117
868.0,0.4494029778239102
869.0,0.4494781754440591
870.0,0.449517611017788
871.0,0.44959025031898664
872.0,0.4496360202782219
873.0,0.44971157068011036
874.0,0.4497499229109105
875.0,0.44981885679304506
876.0,0.4498522904595332
877.0,0.4499124894030059
878.0,0.4499475693406441
879.0,0.45001129762323144
880.0,0.4500617206492881
881.0,0.45011350123576765
882.0,0.45018796948519746
883.0,0.45023273565620403
884.0,0.4502766033890067
885.0,0.450333611330909
886.0,0.4503981968740156
887.0,0.4504737264028598
888.0,0.45053694184414644
889.0,0.4505904938830415
890.0,0.45063763056693645
891.0,0.4506984011939144
892.0,0.4507344354090975
893.0,0.4507662499161677
894.0,0.45083114823084397
895.0,0.4508739176377688
896.0,0.45092487529193104
897.0,0.4510000060578649
898.0,0.45104549130255583
899.0,0.45109657008116666
900.0,0.45116908416058277
901.0,0.4512144919953894
902.0,0.45126197442424626
903.0,0.4513381370283324
904.0,0.45136046650658196
905.0,0.45138823616227347
906.0,0.4514630380459921
907.0,0.45149444387649873
908.0,0.45153555561085873
909.0,0.4516138012406987
910.0,0.4516556007884078
911.0,0.4516976076050884
912.0,0.4517769762742516
913.0,0.45182221761406005
914.0,0.4518709432461255
915.0,0.45195158931768714
916.0,0.45199453120798333
917.0,0.4520427757775859
918.0,0.4521250854442285
919.0,0.45217351559570457
920.0,0.45223626179702076
921.0,0.45232180649515225
922.0,0.4523665645554436
923.0,0.4524259449495214
924.0,0.4524633840418283
925.0,0.4525248691526382
926.0,0.45255901985182495
927.0,0.4526290710800136
928.0,0.45266929828646113
929.0,0.4527259519259167
930.0,0.4527718573359742
931.0,0.4528507889107358
932.0,0.4529243046697372
933.0,0.45298854088550483
934.0,0.453045137231257
935.0,0.45312320860559085
936.0,0.45318685323812846
937.0,0.45326614238961765
938.0,0.45332398661867496
939.0,0.45339678239337255
940.0,0.45345560690388076
941.0,0.4535318274637822
942.0,0.4535821663975111
943.0,0.4536547953045952
944.0,0.45371658113611363
945.0,0.4537912045378463
946.0,0.4538585572283095
947.0,0.45393090971960975
948.0,0.4540133925705
949.0,0.45409770010996253
950.0,0.4541715846391348
951.0,0.454246503311035
952.0,0.4543241467316892
953.0,0.45439834443739524
954.0,0.4544681209938853
955.0,0.4545370590934315
956.0,0.45459934153579074
957.0,0.45465301839792943
958.0,0.4547159393731927
959.0,0.4547798910971394
960.0,0.4548471009514107
961.0,0.45491871641658466
962.0,0.45499045933373583
963.0,0.45506062816172327
964.0,0.4551259059643315
965.0,0.4551930258567823
966.0,0.4552613624941269
967.0,0.45531930917296526
968.0,0.4553793264023087
969.0,0.4554402218943812
970.0,0.4555002318335165
971.0,0.4555572728269417
972.0,0.4556227098281929
973.0,0.4556802588743267
974.0,0.45573350178180855
975.0,0.4557815149444632
976.0,0.4558329581252064
977.0,0.45588207857455904
978.0,0.45592966701397847
979.0,0.4559733391701402
980.0,0.4560211257884238
981.0,0.4560601695716954
982.0,0.45609993154234363
983.0,0.45613769683221134
984.0,0.4561789665168468
985.0,0.4562190771995303
986.0,0.4562611164998934
987.0,0.45630403558103527
988.0,0.4563475357901424
989.0,0.4563888728537838
990.0,0.45642618868134965
991.0,0.4564629992987158
992.0,0.4564981092524156
993.0,0.4565362652986841
994.0,0.4565657347128742
995.0,0.45660045588265263
996.0,0.45663458609818214
997.0,0.45667316499710237
998.0,0.4567105472456071
999.0,0.45674664227385764
1000.0,0.4567835747725398
1001.0,0.4568216330648077
1002.0,0.4568579558203747
1003.0,0.45689450401653436
1004.0,0.45693502921155055
1005.0,0.4569781941737839
1006.0,0.4570195513766714
1007.0,0.45706241113926105
1008.0,0.4571001486263524
1009.0,0.45714094953129386
1010.0,0.45718134437143154
1011.0,0.45722290461652426
1012.0,0.4572734635492674
1013.0,0.4573247186392028
1014.0,0.4573784982195578
1015.0,0.45743298759708945
1016.0,0.45748751099549356
1017.0,0.4575330516966314
1018.0,0.45758715583206616
1019.0,0.45763837422714465
1020.0,0.4576866433075557
1021.0,0.4577404485083537
1022.0,0.4577923510081374
1023.0,0.45784795647272014
1024.0,0.45790211501138056
1025.0,0.457954220099259
1026.0,0.45801087254474826
1027.0,0.45806895577012424
1028.0,0.45812688584921446
1029.0,0.45818824319253537
1030.0,0.45825072360320435
1031.0,0.4583167065116007
1032.0,0.4583843327487769
1033.0,0.45845105378763273
1034.0,0.4585067605415473
1035.0,0.4585689708787267
1036.0,0.4586326972732926
1037.0,0.45868863410616534
1038.0,0.45874245100559524
1039.0,0.45877859737863863
1040.0,0.45886347900907043
1041.0,0.45894103627000926
1042.0,0.45898782129122084
1043.0,0.45907319897243243
1044.0,0.45914504206196594
1045.0,0.45918214501335597
1046.0,0.4592630172645258
1047.0,0.4593214155959125
1048.0,0.4593618657884887
1049.0,0.4594447952350232
1050.0,0.4595066874606693
1051.0,0.45955097033466347
1052.0,0.4596290257456007
1053.0,0.459682910957081
1054.0,0.4597301518526309
1055.0,0.45981351223814426
1056.0,0.4598864502700358
1057.0,0.45993947279578046
1058.0,0.4600052449960189
1059.0,0.46005777059026054
1060.0,0.4601237197168046
1061.0,0.4601866679966425
1062.0,0.46023765311407633
1063.0,0.4602992064006769
1064.0,0.4603678157435122
1065.0,0.4604304550028093
1066.0,0.46049224241076986
1067.0,0.4605595228918781
1068.0,0.46062228449557296
1069.0,0.4606855171104817
1070.0,0.46075143093884685
1071.0,0.4608155033702933
1072.0,0.46088000332611795
1073.0,0.4609410822693717
1074.0,0.4610176316409999
1075.0,0.46109654236277314
1076.0,0.4611636516381161
1077.0,0.4612388705184484
1078.0,0.46129765259299765
1079.0,0.4613689009101315
1080.0,0.46142787733047474
1081.0,0.46151502819893186
1082.0,0.4615958271000307
1083.0,0.4616706671753164
1084.0,0.46175620682482915
1085.0,0.46184096237909184
1086.0,0.4618950835894384
1087.0,0.46197859315285567
1088.0,0.4620593933169765
1089.0,0.46212753309379334
1090.0,0.4622169780135776
1091.0,0.46230771929728665
1092.0,0.46238793916909215
1093.0,0.4624769900621475
1094.0,0.4625663226679141
1095.0,0.46264609209097846
1096.0,0.4627315279724804
1097.0,0.4628307916750925
1098.0,0.4629136708854366
1099.0,0.46299727045954997
1100.0,0.46308695611523043
1101.0,0.4631725956197635
1102.0,0.46325907843827785
1103.0,0.4633548390769316
1104.0,0.4634387332981642
1105.0,0.4635326399170762
1106.0,0.4636304914613126
1107.0,0.46371598898589067
1108.0,0.4638125773556848
1109.0,0.46391296429663326
1110.0,0.4639987986282745
1111.0,0.4640969639717987
1112.0,0.46419609798984185
1113.0,0.46429267728025114
1114.0,0.4643817455595951
1115.0,0.46447234662143794
1116.0,0.46457202782288004
1117.0,0.4646688576236311
1118.0,0.46476722308798374
1119.0,0.46485945330128486
1120.0,0.46495637471159046
1121.0,0.46504793586660825
1122.0,0.46514124694444015
1123.0,0.4652344034990094
1124.0,0.4653324193767139
1125.0,0.4654251884972559
1126.0,0.4655308950474436
1127.0,0.46562457349062664
1128.0,0.4657358786859257
1129.0,0.46583222084762865
1130.0,0.46594413957451386
1131.0,0.4660396098935483
1132.0,0.46615329145867623
1133.0,0.46624750304509405
1134.0,0.4663590129887647
1135.0,0.46645413033012456
1136.0,0.4665646855142798
1137.0,0.4666623446950031
1138.0,0.4667744323914305
1139.0,0.46687277170510166
1140.0,0.4669789550492537
1141.0,0.4671022765371234
1142.0,0.4671978964809139
1143.0,0.4673016069213592
1144.0,0.4674175849215267
1145.0,0.4675389760025055
1146.0,0.4676503891440283
1147.0,0.4677615041464785
1148.0,0.4678900989103876
1149.0,0.4679989308182489
1150.0,0.46812053077469173
1151.0,0.46824753214752257
1152.0,0.4683707667547367
1153.0,0.46848714281728115
1154.0,0.4686203614387549
1155.0,0.46873807397937506
1156.0,0.46885364644641936
1157.0,0.4689905037272364
1158.0,0.4691172133609476
1159.0,0.46923751422417903
1160.0,0.4693690844585497
1161.0,0.4694918472728299
1162.0,0.469610652782005
1163.0,0.4697464271150537
1164.0,0.46987280672202164
1165.0,0.4700120657541544
1166.0,0.47014106281877593
1167.0,0.4702841612622758
1168.0,0.4704154234692528
1169.0,0.4705630873100389
1170.0,0.470684348942292
1171.0,0.47083719938577046
1172.0,0.4709560981314515
1173.0,0.4711087334753302
1174.0,0.47122550197871216
1175.0,0.4713836987094487
1176.0,0.47150513299641933
1177.0,0.4716678587234169
1178.0,0.47179606645116623
1179.0,0.47196135772519543
1180.0,0.4720739335021977
1181.0,0.4722540552029667
1182.0,0.47236631250357514
1183.0,0.47253604395880994
1184.0,0.47264771263896904
1185.0,0.4728280823113797
1186.0,0.4729440649052863
1187.0,0.4731273684259133
1188.0,0.4732427583167027
1189.0,0.473428758992024
1190.0,0.4735412428442878
1191.0,0.4737446396614028
1192.0,0.4738675340711479
1193.0,0.4740406083725225
1194.0,0.47417748763130324
1195.0,0.4743489552792815
1196.0,0.4744940949664428
1197.0,0.47466593403354507
1198.0,0.47481836935437366
1199.0,0.47498970616250624
1200.0,0.4751395463350151
1201.0,0.47532062163978744
1202.0,0.47547298032944424
1203.0,0.47563870856646917
1204.0,0.47578220360092627
1205.0,0.4759804868992739
1206.0,0.476132409859359
1207.0,0.47631324595035857
1208.0,0.47647641635064053
1209.0,0.47666543880424533
1210.0,0.47682930898718096
1211.0,0.4770163193944455
1212.0,0.47717889932886415
1213.0,0.47736546841287186
1214.0,0.47753941475231243
1215.0,0.4777031831527037
1216.0,0.47789276310540685
1217.0,0.4780683958468206
1218.0,0.47824970131587574
1219.0,0.47842685985676586
1220.0,0.4786061297350867
1221.0,0.4787848739099005
1222.0,0.4789662452753748
1223.0,0.47914203049681575
1224.0,0.4793204981270112
1225.0,0.4795061380275443
1226.0,0.4796896815148445
1227.0,0.4798684858886084
1228.0,0.48003887275858537
1229.0,0.4802179365898123
1230.0,0.4803981486446905
1231.0,0.4805748142108611
1232.0,0.48076014980032544
1233.0,0.4809451574201161
1234.0,0.4811277589351931
1235.0,0.4813081806007492
1236.0,0.4814894902088944
1237.0,0.4816734648117116
1238.0,0.4818560479064294
1239.0,0.4820426935116777
1240.0,0.4822227015582199
1241.0,0.48240103241848675
1242.0,0.48257660036016947
1243.0,0.4827519414274161
1244.0,0.4829238138249828
1245.0,0.48309910288149416
1246.0,0.4832760288030168
1247.0,0.4834518057637848
1248.0,0.48363837038758895
1249.0,0.4838188674264798
1250.0,0.48399369913274953
1251.0,0.4841738194662906
1252.0,0.4843480494934667
1253.0,0.4845221807246161
1254.0,0.4846945941573159
1255.0,0.4848632693440116
1256.0,0.4850386499804625
1257.0,0.48520598726907943
1258.0,0.48538454887301824
1259.0,0.485557933218765
1260.0,0.48572901206070734
1261.0,0.48590214004215154
1262.0,0.48608190322781697
1263.0,0.4862532144651188
1264.0,0.4864241969965133
1265.0,0.4865898425630656
1266.0,0.4867573584885863
1267.0,0.486929418173701
1268.0,0.48709682983826463
1269.0,0.4872656817793033
1270.0,0.4874292649947571
1271.0,0.4875973428172449
1272.0,0.48776653991913405
1273.0,0.4879386057246192
1274.0,0.4881092716410547
1275.0,0.48828517380422365
1276.0,0.4884579226852525
1277.0,0.4886303466189384
1278.0,0.488796975314054
1279.0,0.4889607883584859
1280.0,0.48912836235190904
1281.0,0.48929355841182487
1282.0,0.4894576320955111
1283.0,0.4896204341973735
1284.0,0.4897878621571714
1285.0,0.4899580945054373
1286.0,0.49012501758467414
1287.0,0.490296677776736
1288.0,0.4904631716272189
1289.0,0.4906337343567687
1290.0,0.49080204933628285
1291.0,0.4909645407844438
1292.0,0.4911273692675541
1293.0,0.4912915554321728
1294.0,0.4914580025232104
1295.0,0.4916198552018013
1296.0,0.4917831912496369
1297.0,0.4919458275735249
1298.0,0.49211260741228124
1299.0,0.49227788776991044
1300.0,0.49244567800678624
1301.0,0.49260904542173717
1302.0,0.4927732631824627
1303.0,0.4929358874138675
1304.0,0.4930995607460277
1305.0,0.4932631306066009
1306.0,0.4934286945672336
1307.0,0.493585329413878
1308.0,0.493755755148175
1309.0,0.4939227951937995
1310.0,0.4940906813812546
1311.0,0.49425097340873625
1312.0,0.49441280843776153
1313.0,0.4945777284857265
1314.0,0.4947427940617838
1315.0,0.4949094102618288
1316.0,0.49506765513500817
1317.0,0.49522745427372783
1318.0,0.4953882785540088
1319.0,0.49555861883731517
1320.0,0.49572219471655493
1321.0,0.49588549129399373
1322.0,0.4960509633976869
1323.0,0.4962170390299304
1324.0,0.496381205626821
1325.0,0.49654473987604847
1326.0,0.49671039594522454
1327.0,0.4968767076820975
1328.0,0.49704388981586495
1329.0,0.4972029872827432
1330.0,0.4973710501361988
1331.0,0.4975330348607992
1332.0,0.49769952278730817
1333.0,0.49786722724625315
1334.0,0.49803786750370427
1335.0,0.49820071083542666
1336.0,0.49836104725686114
1337.0,0.4985204309994348
1338.0,0.49868685885094605
1339.0,0.498851621175516
1340.0,0.49901294533978724
1341.0,0.49918451978705447
1342.0,0.499355072215582
1343.0,0.4995246476594894
1344.0,0.49969187226898076
1345.0,0.4998547710873752
1346.0,0.5000196809459376
1347.0,0.5001859022357115
1348.0,0.5003537442983623
1349.0,0.5005201419950346
1350.0,0.5006869895569617
1351.0,0.5008534952266661
1352.0,0.5010151147650796
1353.0,0.5011840196121075
1354.0,0.5013538097484495
1355.0,0.5015203030079785
1356.0,0.5016857600691395
1357.0,0.5018496818707207
1358.0,0.5020206784094541
1359.0,0.5021906412201431
1360.0,0.5023564519899151
1361.0,0.5025248232363473
1362.0,0.5026886197221017
1363.0,0.5028484156000997
1364.0,0.5030109971976641
1365.0,0.5031804269944807
1366.0,0.5033444563242642
1367.0,0.5035103018915199
1368.0,0.5036738932715468
1369.0,0.5038389131167161
1370.0,0.5040077779927782
1371.0,0.504170185762974
1372.0,0.5043321387624534
1373.0,0.5044907241356107
1374.0,0.5046517126885424
1375.0,0.5048180764299496
1376.0,0.5049788283115959
1377.0,0.5051373550402256
1378.0,0.5052984985537989
1379.0,0.5054608525375868
1380.0,0.5056217978334673
1381.0,0.5057826933003234
1382.0,0.5059444561295898
1383.0,0.5061057564576438
1384.0,0.5062656229654864
1385.0,0.5064246893704636
1386.0,0.5065794006769778
1387.0,0.5067369207039051
1388.0,0.5068925329401697
1389.0,0.507052169399147
1390.0,0.5072078405543309
1391.0,0.507361706752615
1392.0,0.5075099868815625
1393.0,0.5076649455445377
1394.0,0.5078163219700066
1395.0,0.5079684194727793
1396.0,0.5081247597491283
1397.0,0.5082828643320337
1398.0,0.5084347391701172
1399.0,0.5085877554335076
1400.0,0.5087412196986876
1401.0,0.5088869822636253
1402.0,0.5090377433437475
1403.0,0.5091915880942112
1404.0,0.5093413690324805
1405.0,0.5094896472481517
1406.0,0.5096396024988151
1407.0,0.5097889928489162
1408.0,0.5099429821881948
1409.0,0.5100852341528197
1410.0,0.5102352429659782
1411.0,0.5103772829278583
1412.0,0.5105206002536273
1413.0,0.5106675196117434
1414.0,0.5108150904094584
1415.0,0.5109581559695013
1416.0,0.5111011529648135
1417.0,0.5112473058409591
1418.0,0.5113930335041523
1419.0,0.5115384067077117
1420.0,0.5116816313367264
1421.0,0.5118285935401908
1422.0,0.5119760338633095
1423.0,0.5121154710305212
1424.0,0.5122607468345494
1425.0,0.5123981100394648
1426.0,0.5125345087049787
1427.0,0.5126765346250858
1428.0,0.5128144090401378
1429.0,0.5129501861821041
1430.0,0.5130911257385343
1431.0,0.513239695217575
1432.0,0.5133776578856619
1433.0,0.5135213937717007
1434.0,0.513656751831735
1435.0,0.5137931383498885
1436.0,0.51393150507322
1437.0,0.5140731818810464
1438.0,0.5142105439352546
1439.0,0.5143495249502963
1440.0,0.5144903416623258
1441.0,0.5146238953519233
1442.0,0.5147686031736972
1443.0,0.5149087323264403
1444.0,0.5150491391733114
1445.0,0.5151884743672309
1446.0,0.515324353322948
1447.0,0.5154606646740104
1448.0,0.5155967026870127
1449.0,0.5157316945163382
1450.0,0.515869989266379
1451.0,0.5160071965111944
1452.0,0.5161454791090382
1453.0,0.5162881037500643
1454.0,0.5164291512701661
1455.0,0.5165568948680144
1456.0,0.5167171475477368
1457.0,0.5168244202416609
1458.0,0.5169989821482757
1459.0,0.5170978027821652
1460.0,0.5172845906831679
1461.0,0.5173858178780031
1462.0,0.5175688480500633
1463.0,0.5176653447357766
1464.0,0.5178429064700149
1465.0,0.5179453673656742
1466.0,0.5181181783259532
1467.0,0.518218462191178
1468.0,0.5183939767143433
1469.0,0.5184966605684582
1470.0,0.5186757798894059
1471.0,0.5187772241552987
1472.0,0.5189516858280336
1473.0,0.519053768257146
1474.0,0.5192333552314284
1475.0,0.5193369736761376
1476.0,0.5195153811509922
1477.0,0.51962067951388
1478.0,0.5198059027610142
1479.0,0.5199050230975832
1480.0,0.5200787568329384
1481.0,0.5201793332062887
1482.0,0.5203608001115172
1483.0,0.5204604648404271
1484.0,0.5206421684638839
1485.0,0.5207294347717294
1486.0,0.5209384361360828
1487.0,0.5210211189402036
1488.0,0.5212230395379978
1489.0,0.5213254587976662
1490.0,0.5215099379090705
1491.0,0.5215955960463102
1492.0,0.5217864465352965
1493.0,0.5218700558793391
1494.0,0.5220776984461314
1495.0,0.5221626372414601
1496.0,0.5223643515859335
1497.0,0.5224521411830403
1498.0,0.522652883388329
1499.0,0.5227575638566531
1500.0,0.5229509353773597
1501.0,0.5230591163449021
1502.0,0.523247145916515
1503.0,0.5233446736288699
1504.0,0.5235205704263936
1505.0,0.5236063212864516
1506.0,0.5238066381997248
1507.0,0.5238929538394944
1508.0,0.5241016583297926
1509.0,0.5241891806048617
1510.0,0.5244005021670949
1511.0,0.5244585102056543
1512.0,0.5247206274377925
1513.0,0.5247728604124242
1514.0,0.5249891204020597
1515.0,0.525080685846305
1516.0,0.5252753816151711
1517.0,0.5253836529711098
1518.0,0.5255644761871965
1519.0,0.5256711968994507
1520.0,0.5258554718676256
1521.0,0.5259476423438871
1522.0,0.5261494820737207
1523.0,0.5262379860172816
1524.0,0.526434852671383
1525.0,0.5265253056932605
1526.0,0.5267324847352646
1527.0,0.5268277389273023
1528.0,0.5270420564485997
1529.0,0.5271316502716056
1530.0,0.5273331433546383
1531.0,0.5274201567606235
1532.0,0.527619074371055
1533.0,0.5277064950202145
1534.0,0.527906863127089
1535.0,0.5279661919549516
1536.0,0.5282261134410375
1537.0,0.5282801613823537
1538.0,0.5284959699079405
1539.0,0.5285541125798957
1540.0,0.5288148476211798
1541.0,0.5288681574599882
1542.0,0.5290836464428594
1543.0,0.5291729298334988
1544.0,0.5293729031829945
1545.0,0.5294797324921265
1546.0,0.5296400162991934
1547.0,0.5297981016683295
1548.0,0.5299122547882836
1549.0,0.5301011621761549
1550.0,0.5301925721638425
1551.0,0.5303911472917041
1552.0,0.5304838288045557
1553.0,0.5306888259460864
1554.0,0.5307811138206288
1555.0,0.530982750169335
1556.0,0.5310757391860356
1557.0,0.5312791642231125
1558.0,0.5313703943846907
1559.0,0.5315711768231659
1560.0,0.5316614138795406
1561.0,0.5318609674941832
1562.0,0.531950674775866
1563.0,0.5321557053055271
1564.0,0.5322463373209921
1565.0,0.5324509066619144
1566.0,0.5325100809467176
1567.0,0.532775706205949
1568.0,0.5328272975571566
1569.0,0.5330473115691434
1570.0,0.5331045687967485
1571.0,0.53337251336929
1572.0,0.5334256880500814
1573.0,0.5336433738728317
1574.0,0.5337346152115598
1575.0,0.5339253530213922
1576.0,0.5340578589488296
1577.0,0.5341994883664929
1578.0,0.5343463037234361
1579.0,0.5344944015918961
1580.0,0.5346429309183144
1581.0,0.5347917795216383
1582.0,0.5349382082378922
1583.0,0.5350905796930947
1584.0,0.5352413855305815
1585.0,0.5353878949909514
1586.0,0.5355376778208569
1587.0,0.5356927935533075
1588.0,0.5358480192478883
1589.0,0.5360005773851766
1590.0,0.5361464513281725
1591.0,0.5362933208555388
1592.0,0.5364469427380812
1593.0,0.5365989703078567
1594.0,0.5367473698005584
1595.0,0.536894371033255
1596.0,0.5370463996706816
1597.0,0.5371992140889404
1598.0,0.5373504624362826
1599.0,0.5375054996904723
1600.0,0.5376548288765414
1601.0,0.5378083765706354
1602.0,0.5379666942588586
1603.0,0.5381196428815441
1604.0,0.5382713582237674
1605.0,0.5384232216269949
1606.0,0.5385730086276556
1607.0,0.5387255736326002
1608.0,0.5388727302360672
1609.0,0.5390267396790545
1610.0,0.5391834105274481
1611.0,0.5393344233584654
1612.0,0.5394876483546595
1613.0,0.5396422061078835
1614.0,0.5397978026264902
1615.0,0.5399530223403953
1616.0,0.5401083797993995
1617.0,0.5402609911327885
1618.0,0.5404165864959721
1619.0,0.5405685504838155
1620.0,0.5407257146667159
1621.0,0.5408809220523627
1622.0,0.5410401561493413
1623.0,0.5411952876771132
1624.0,0.5413531398734388
1625.0,0.5415111263478657
1626.0,0.5416628304860367
1627.0,0.5418134827095802
1628.0,0.5419694422275902
1629.0,0.542126547510917
1630.0,0.5422856304317356
1631.0,0.542438829029009
1632.0,0.5425945970190138
1633.0,0.5427517171079496
1634.0,0.5429088608610367
1635.0,0.5430648471310026
1636.0,0.5432241629782781
1637.0,0.5433829910684443
1638.0,0.5435313181819063
1639.0,0.5436847179019098
1640.0,0.5438437868498679
1641.0,0.5440066208933263
1642.0,0.5441659155079503
1643.0,0.5443293443222368
1644.0,0.544486510305414
1645.0,0.5446467311199604
1646.0,0.5448071992780091
1647.0,0.5449632421771267
1648.0,0.5451188953307358
1649.0,0.5452744297626055
1650.0,0.5454318663289087
1651.0,0.5455906931818088
1652.0,0.5457509869717669
1653.0,0.545909954877276
1654.0,0.5460711685541287
1655.0,0.5462257105594188
1656.0,0.5463879321418219
1657.0,0.5465476926900544
1658.0,0.5467086686289667
1659.0,0.5468693072435827
1660.0,0.5470296154929501
1661.0,0.5471893912368377
1662.0,0.5473495434763704
1663.0,0.5475074567566417
1664.0,0.5476682797540359
1665.0,0.5478285804830276
1666.0,0.5479876650070045
1667.0,0.5481478005718842
1668.0,0.5483083232744137
1669.0,0.5484699176246618
1670.0,0.5486319654498659
1671.0,0.5487893955760269
1672.0,0.548945072249455
1673.0,0.549106276165343
1674.0,0.5492642971525981
1675.0,0.5494242991883935
1676.0,0.5495870788352515
1677.0,0.5497482461736481
1678.0,0.549907475770178
1679.0,0.5500672788099595
1680.0,0.5502270066983395
1681.0,0.5504092043469515
1682.0,0.5505536369117682
1683.0,0.5507097473868896
1684.0,0.5508823969499482
1685.0,0.5510238069170106
1686.0,0.551197370225566
1687.0,0.5513404096158336
1688.0,0.551515707693563
1689.0,0.5516601396379144
1690.0,0.5518355357386076
1691.0,0.5520003025216201
1692.0,0.5521435156071172
1693.0,0.5523199226916213
1694.0,0.5524670026309136
1695.0,0.552639911071389
1696.0,0.552788093034592
1697.0,0.552981283368085
1698.0,0.5531009828231079
1699.0,0.5533057440035912
1700.0,0.553420679302735
1701.0,0.5536246341247845
1702.0,0.5537420098729678
1703.0,0.5539446566946897
1704.0,0.5540605840778495
1705.0,0.5542667797704939
1706.0,0.5543800439090046
1707.0,0.5545836336896665
1708.0,0.5546970527864487
1709.0,0.5549063492661501
1710.0,0.555022973165303
1711.0,0.5552287140528877
1712.0,0.5553451675412636
1713.0,0.5555560356557834
1714.0,0.555673388534091
1715.0,0.5558836875983333
1716.0,0.5559962860538683
1717.0,0.5561991784777374
1718.0,0.556312724555313
1719.0,0.5565175100480984
1720.0,0.556632605023077
1721.0,0.5568371057048899
1722.0,0.5569535420437034
1723.0,0.5571644684551567
1724.0,0.5572781053353877
1725.0,0.5574846705904137
1726.0,0.5575975228872145
1727.0,0.5577967255633887
1728.0,0.5579316153340645
1729.0,0.5580878364991833
1730.0,0.5582837146211476
1731.0,0.5583996300321541
1732.0,0.5586015124071187
1733.0,0.5587317078546317
1734.0,0.5588904921364664
1735.0,0.5590791627231244
1736.0,0.559196661421623
1737.0,0.5594027378360967
1738.0,0.5595292136644753
1739.0,0.5596906888185217
1740.0,0.5598831065714764
1741.0,0.5600001565045613
1742.0,0.5602045423745535
1743.0,0.5603308603305137
1744.0,0.5604902840898305
1745.0,0.5606785697293599
1746.0,0.5607942229729896
1747.0,0.5609979523150405
1748.0,0.5611288517833838
1749.0,0.5612795691308503
1750.0,0.5614690392213533
1751.0,0.5615880232505287
1752.0,0.5617950047350894
1753.0,0.5619274518175613
1754.0,0.5620841906741684
1755.0,0.5622747085206706
1756.0,0.5623862960108115
1757.0,0.562593608305381
1758.0,0.5627182732471792
1759.0,0.5628751179549343
1760.0,0.5630642947725005
1761.0,0.5631953110137234
1762.0,0.5633544086471121
1763.0,0.5635491058318383
1764.0,0.5636775648257595
1765.0,0.5638333673130311
1766.0,0.5640235007189822
1767.0,0.5641546648828841
1768.0,0.5643384447862894
1769.0,0.5644698716216623
1770.0,0.5646522339602864
1771.0,0.5647841116634714
1772.0,0.5649685183240978
1773.0,0.5650980506238755
1774.0,0.5652834626774844
1775.0,0.5654175850951507
1776.0,0.5655738985556086
1777.0,0.5657658526344151
1778.0,0.5659019425549373
1779.0,0.5660575807524294
1780.0,0.5662430996087282
1781.0,0.5663732258596164
1782.0,0.5665305293716821
1783.0,0.5667172744197634
1784.0,0.5668427239682741
1785.0,0.5669935627133842
1786.0,0.5671844044173898
1787.0,0.5673190287408534
1788.0,0.5674759339393975
1789.0,0.5676696319800191
1790.0,0.5677812966436666
1791.0,0.5679822638657244
1792.0,0.5680932500679617
1793.0,0.5682971311188032
1794.0,0.5684096728575857
1795.0,0.5686124002143935
1796.0,0.5687260339269882
1797.0,0.5689272105116431
1798.0,0.5690535712814052
1799.0,0.5692380139957697
1800.0,0.5693691080036505
1801.0,0.5695547848153686
1802.0,0.5696837933458974
1803.0,0.5698706054112048
1804.0,0.570000184781022
1805.0,0.5701823857803562
1806.0,0.5703121619405226
1807.0,0.570492954479943
1808.0,0.5706243620398561
1809.0,0.5708064304345897
1810.0,0.5709366760622324
1811.0,0.5711178650929636
1812.0,0.571252926722953
1813.0,0.5714392438041004
1814.0,0.571570250229443
1815.0,0.5717554923479551
1816.0,0.5718849830427516
1817.0,0.5720638862923695
1818.0,0.5721963798640975
1819.0,0.5723780380559047
1820.0,0.5725112094096119
1821.0,0.5726648845976656
1822.0,0.5728522935695276
1823.0,0.572966701128541
1824.0,0.5731679450041928
1825.0,0.5732991739221515
1826.0,0.5734521128793305
1827.0,0.5736447424191472
1828.0,0.5737568235371528
1829.0,0.5739540700151703
1830.0,0.5740855507453904
1831.0,0.5742330028236067
1832.0,0.5744252369089012
1833.0,0.5745365736804876
1834.0,0.5747380361622558
1835.0,0.574849495836193
1836.0,0.5750503804665569
1837.0,0.5751611226731391
1838.0,0.5753654945096774
1839.0,0.575489006162453
1840.0,0.575644357554628
1841.0,0.5758341396939614
1842.0,0.5759450876508307
1843.0,0.5761452648482134
1844.0,0.5762729421237227
1845.0,0.5764544157055775
1846.0,0.5765650085661481
1847.0,0.5767700542708414
1848.0,0.5768977403907606
1849.0,0.577079869165626
1850.0,0.5771932227219161
1851.0,0.5773938881002858
1852.0,0.5775064107270189
1853.0,0.5777039139098927
1854.0,0.577830031341588
1855.0,0.5780141921367057
1856.0,0.5781230760096432
1857.0,0.578325361155415
1858.0,0.5784529396984548
1859.0,0.5786421679692044
1860.0,0.5787700384321826
1861.0,0.5789568662030963
1862.0,0.5790840488485216
1863.0,0.5792625021827261
1864.0,0.5793881763758514
1865.0,0.5795675220042862
1866.0,0.5796975229896155
1867.0,0.579880468701251
1868.0,0.580008719051855
1869.0,0.5801943436368094
1870.0,0.5803242972934456
1871.0,0.5805050128757627
1872.0,0.5806346114488418
1873.0,0.5808152884829625
1874.0,0.5809480145304661
1875.0,0.5811307779718882
1876.0,0.5812607362438148
1877.0,0.5814406805906108
1878.0,0.5815679226242878
1879.0,0.5817455963488037
1880.0,0.5818729365735027
1881.0,0.5820580044565878
1882.0,0.5821847827804821
1883.0,0.5823645118876195
1884.0,0.5824939611404983
1885.0,0.582682703664745
1886.0,0.5828123030772148
1887.0,0.5829967379499919
1888.0,0.583125398845786
1889.0,0.5833027465743781
1890.0,0.5834292855192074
1891.0,0.58361191867458
1892.0,0.5837415131849328
1893.0,0.5838939749384953
1894.0,0.5840813296183074
1895.0,0.5842085403445961
1896.0,0.5843923339443671
1897.0,0.5845183184899757
1898.0,0.5846942725766101
1899.0,0.5848226026918849
1900.0,0.5850055052521819
1901.0,0.5851353515158585
1902.0,0.585321562816371
1903.0,0.5854469834199685
1904.0,0.5856268426411165
1905.0,0.585755524264872
1906.0,0.5859393893362917
1907.0,0.5860686035409706
1908.0,0.5862521360691653
1909.0,0.5863778311691418
1910.0,0.5865535675604012
1911.0,0.586679025497108
1912.0,0.5868589896033672
1913.0,0.5869909397478538
1914.0,0.5871754437001175
1915.0,0.587302211546331
1916.0,0.5874845644527366
1917.0,0.5876170159336066
1918.0,0.5877941361099471
1919.0,0.5879237210929775
1920.0,0.5880953615146488
1921.0,0.5882224578068185
1922.0,0.5884062215359488
1923.0,0.5885181477421603
1924.0,0.5887135096558277
1925.0,0.5888382353714654
1926.0,0.589023180388684
1927.0,0.5891538744500198
1928.0,0.5893378846061449
1929.0,0.5894638531321816
1930.0,0.5896396213494728
1931.0,0.5897668961133073
1932.0,0.5899447958405621
1933.0,0.5900686886253979
1934.0,0.5902440803562183
1935.0,0.5903723774205288
1936.0,0.5905540942683847
1937.0,0.5906828752933134
1938.0,0.5908648821037569
1939.0,0.5909878648546892
1940.0,0.5911714919621197
1941.0,0.591295591871426
1942.0,0.5914763730628654
1943.0,0.5916003264755693
1944.0,0.5917766930100818
1945.0,0.5919021300099311
1946.0,0.592078737628159
1947.0,0.5922067411760789
1948.0,0.5923962210177652
1949.0,0.5925173762804222
1950.0,0.5926944058776719
1951.0,0.5928229707836059
1952.0,0.5930031291774217
1953.0,0.593126649175512
1954.0,0.5933057708454155
1955.0,0.5934262607866273
1956.0,0.5936029129274275
1957.0,0.59373027029255
1958.0,0.5939063775820094
1959.0,0.5940302473525637
1960.0,0.5942113114465678
1961.0,0.5943362003020717
1962.0,0.5945115415485213
1963.0,0.5946391192536262
1964.0,0.5948183452943576
1965.0,0.5949270100346742
1966.0,0.5951173369645483
1967.0,0.5952398003121903
1968.0,0.5954196213998925
1969.0,0.5955459575747744
1970.0,0.595723082730664
1971.0,0.5958468710856974
1972.0,0.5960192951148611
1973.0,0.5961455999457443
1974.0,0.5963224716429568
1975.0,0.5964461097981688
1976.0,0.5966176268270603
1977.0,0.5967422525131766
1978.0,0.5969195026358931
1979.0,0.5970435278318199
1980.0,0.5972172827448706
1981.0,0.5973441547021197
1982.0,0.5975209494380331
1983.0,0.5976473737346171
1984.0,0.5978214334506545
1985.0,0.5979487522860929
1986.0,0.5981211316430759
1987.0,0.5982438993322166
1988.0,0.5984212561665451
1989.0,0.5985490716564521
1990.0,0.598722687103607
1991.0,0.5988428742383514
1992.0,0.5990153847717846
1993.0,0.5991388087391003
1994.0,0.5993118574486133
1995.0,0.5994350016578892
1996.0,0.5996091558132749
1997.0,0.5997324845097458
1998.0,0.5999072153003857
1999.0,0.6000350618105835
2000.0,0.6002091140901378
2001.0,0.6003352475813836
2002.0,0.6005071621601437
2003.0,0.6006318797804812
2004.0,0.6008057805391657
2005.0,0.600911779264168
2006.0,0.6011002983743126
2007.0,0.601225266382947
2008.0,0.6014031498065857
2009.0,0.6015076481464283
2010.0,0.6016975888445837
2011.0,0.6018184121861221
2012.0,0.6019924977796218
2013.0,0.6021154877706983
2014.0,0.6022837894032915
2015.0,0.6024071419594959
2016.0,0.6025790698823741
2017.0,0.6026863094284203
2018.0,0.6028758832987463
2019.0,0.6030016361403983
2020.0,0.6031743300734406
2021.0,0.603297350725806
2022.0,0.6034715628575905
2023.0,0.6035931949574842
2024.0,0.6037645552127809
2025.0,0.6038852749455302
2026.0,0.6040558260236286
2027.0,0.6041758481880084
2028.0,0.604344499394239
2029.0,0.6044500692179305
2030.0,0.6046359277257596
2031.0,0.604756109387764
2032.0,0.6049253842467475
2033.0,0.6050517852541133
2034.0,0.6052250654894954
2035.0,0.6053460326941221
2036.0,0.6055150391687049
2037.0,0.6056370158175454
2038.0,0.6058089527775548
2039.0,0.6059268475476653
2040.0,0.606097718250541
2041.0,0.6062190985133918
2042.0,0.6063904671046461
2043.0,0.6065166627681956
2044.0,0.6066855702383519
2045.0,0.606810775694647
2046.0,0.6069823297592647
2047.0,0.6071016697465981
2048.0,0.6072699678459074
2049.0,0.6073906561181521
2050.0,0.607561094860527
2051.0,0.6076633356818336
2052.0,0.6078427345749363
2053.0,0.6079678728654075
2054.0,0.6081368784536091
2055.0,0.6082602617998683
2056.0,0.6084305561630275
2057.0,0.6085546502101532
2058.0,0.6087240974932283
2059.0,0.6088477163805077
2060.0,0.6090120277925503
2061.0,0.6091263305430477
2062.0,0.609299160016271
2063.0,0.6094199798816138
2064.0,0.6095899591927049
2065.0,0.6097130027019632
2066.0,0.6098827181751061
2067.0,0.609986085625424
2068.0,0.6101705209017806
2069.0,0.6102909535612405
2070.0,0.6104644061808394
2071.0,0.6105683726359948
2072.0,0.6107521808410671
2073.0,0.6108709826539686
2074.0,0.6110402742758426
2075.0,0.6111617112530385
2076.0,0.6113316166609786
2077.0,0.6114500798585002
2078.0,0.6116163221627716
2079.0,0.6117400675098956
2080.0,0.6119041563845442
2081.0,0.6120219637941885
2082.0,0.6121928013781167
2083.0,0.6123169842153501
2084.0,0.6124879704552881
2085.0,0.6126057576756835
2086.0,0.6127733081587685
2087.0,0.6128996741750846
2088.0,0.6130662678909055
2089.0,0.6131807290439062
2090.0,0.6133462824103298
2091.0,0.6134638455839639
2092.0,0.6136305600817237
2093.0,0.6137518639435395
2094.0,0.613927121119513
2095.0,0.614049549652386
2096.0,0.6142210657198987
2097.0,0.614336944676328
2098.0,0.6145023041760999
2099.0,0.6146204843692431
2100.0,0.6147914420334165
2101.0,0.6149082258133334
2102.0,0.6150792221642571
2103.0,0.6151983556181068
2104.0,0.6153676001493177
2105.0,0.6154879115292022
2106.0,0.6156531699847149
2107.0,0.6157719617581697
2108.0,0.6159405997193175
2109.0,0.6160614596031737
2110.0,0.6162318826402152
2111.0,0.6163505695969488
2112.0,0.6165201328362442
2113.0,0.6166380825453915
2114.0,0.6168061733822082
2115.0,0.6169248640845415
2116.0,0.6170949937696698
2117.0,0.6172165761651903
2118.0,0.6173771398662151
2119.0,0.6174981466710018
2120.0,0.6176672375069954
2121.0,0.6177830801646959
2122.0,0.6179540302832626
2123.0,0.6180749780927771
2124.0,0.6182407641678989
2125.0,0.6183632881773319
2126.0,0.618529181342945
2127.0,0.6186506560774384
2128.0,0.6188179189782407
2129.0,0.6189382510626393
2130.0,0.6191050630578606
2131.0,0.6192234366209877
2132.0,0.619395195672837
2133.0,0.6195116702324394
2134.0,0.6196782205428701
2135.0,0.619798711759287
2136.0,0.6199672148243146
2137.0,0.6200870372036166
2138.0,0.6202548228023211
2139.0,0.6203731682343804
2140.0,0.6205424048042831
2141.0,0.6206601250862719
2142.0,0.6208260460480459
2143.0,0.6209526912065338
2144.0,0.621121723805308
2145.0,0.6212392506829946
2146.0,0.6214066185806187
2147.0,0.6215270532622689
2148.0,0.6216919595121436
2149.0,0.6218116725480242
2150.0,0.6219817171480421
2151.0,0.6221005151769441
2152.0,0.6222695626466819
2153.0,0.6223897318719791
2154.0,0.6225596449868103
2155.0,0.6226777281662398
2156.0,0.6228478550921257
2157.0,0.6229656264450243
2158.0,0.6231345287199315
2159.0,0.6232545841647331
2160.0,0.6234216518802788
2161.0,0.6235370479105073
2162.0,0.6237046074484982
2163.0,0.6238253377942885
2164.0,0.62399368568784
2165.0,0.6241186518222962
2166.0,0.624292174290797
2167.0,0.6244133868854926
2168.0,0.6245800481445916
2169.0,0.6246986558268799
2170.0,0.6248616333073634
2171.0,0.6249844047023118
2172.0,0.6251523803709058
2173.0,0.6252705684588264
2174.0,0.6254334022413954
2175.0,0.6255539265718547
2176.0,0.6257300676744828
2177.0,0.6258509247098653
2178.0,0.6260171951982736
2179.0,0.6261365867441672
2180.0,0.6263057617626682
2181.0,0.6264253618506669
2182.0,0.6265935164549751
2183.0,0.626713567829693
2184.0,0.6268847915423511
2185.0,0.6270042687923898
2186.0,0.6271804760153612
2187.0,0.6272970798287598
2188.0,0.6274687520964832
2189.0,0.6275890327018736
2190.0,0.6277554011114743
2191.0,0.6278708552024429
2192.0,0.6280369708158767
2193.0,0.6281579613582613
2194.0,0.6283272682211648
2195.0,0.62844817847173
2196.0,0.628620993663189
2197.0,0.6287432582016127
2198.0,0.6289089198647952
2199.0,0.6290285968671357
2200.0,0.6292054483645113
2201.0,0.6293219974267565
2202.0,0.6294994781105332
2203.0,0.6296195921730424
2204.0,0.6297836161879024
2205.0,0.6299036329187446
2206.0,0.6300747672005801
2207.0,0.6301928415382066
2208.0,0.6303624566463203
2209.0,0.6304845731235936
2210.0,0.6306563016520558
2211.0,0.6307750457780752
2212.0,0.630943727269614
2213.0,0.6310622525738474
2214.0,0.6312328670570444
2215.0,0.6313549642006372
2216.0,0.6315304380088704
2217.0,0.6316524643976256
2218.0,0.6318291932385476
2219.0,0.6319448590552136
2220.0,0.6321138277105307
2221.0,0.6322304696087012
2222.0,0.6324047952883418
2223.0,0.6325284522160759
2224.0,0.632700641195211
2225.0,0.6328210263551698
2226.0,0.6329926643263118
2227.0,0.6331105373426903
2228.0,0.6332822493665623
2229.0,0.6334026390958284
2230.0,0.6335750197216296
2231.0,0.6336953039995336
2232.0,0.633863642631131
2233.0,0.6339850328224279
2234.0,0.6341588061328134
2235.0,0.6342816082723447
2236.0,0.634457681192534
2237.0,0.6345767177002659
2238.0,0.6347485734740724
2239.0,0.6348664317813228
2240.0,0.63504478452247
2241.0,0.6351664356812325
2242.0,0.635340581669957
2243.0,0.6354595289859226
2244.0,0.6356335868006845
2245.0,0.6357530246200934
2246.0,0.6359312993268946
2247.0,0.6360473495251633
2248.0,0.6362199842858971
2249.0,0.6363401753183006
2250.0,0.6365133005298108
2251.0,0.636639324122296
2252.0,0.6368165163524415
2253.0,0.6369335645558617
2254.0,0.6371067683231937
2255.0,0.637225483976719
2256.0,0.6374015301899733
2257.0,0.6375178077030361
2258.0,0.6376959340953944
2259.0,0.6378207925748856
2260.0,0.6379988691405337
2261.0,0.6381180226163065
2262.0,0.6382956718373644
2263.0,0.6384159992346283
2264.0,0.6385913406240727
2265.0,0.6387107158225805
2266.0,0.6388868673561797
2267.0,0.6390075288196255
2268.0,0.6391830595079923
2269.0,0.6393042875837219
2270.0,0.6394832211373326
2271.0,0.6396067447550677
2272.0,0.6397821415110759
2273.0,0.6399028424660945
2274.0,0.6400806316553621
2275.0,0.6402045098191258
2276.0,0.6403818363385362
2277.0,0.6404994981548217
2278.0,0.6406746056115341
2279.0,0.6407973707156279
2280.0,0.6409832382193812
2281.0,0.6411044167379404
2282.0,0.6412770734230203
2283.0,0.6413986674040977
2284.0,0.6415800424624397
2285.0,0.6417015697891527
2286.0,0.6418823757269971
2287.0,0.6419992257266847
2288.0,0.6421764722615914
2289.0,0.6422953270342127
2290.0,0.6424788435811215
2291.0,0.6426000308805427
2292.0,0.6427812436022206
2293.0,0.6429039366273552
2294.0,0.6430826973768622
2295.0,0.6432037949523828
2296.0,0.6433863063406071
2297.0,0.6435109567182997
2298.0,0.643689905381899
2299.0,0.6438095308486059
2300.0,0.6439845736742362
2301.0,0.6441077249905977
2302.0,0.6442907574729917
2303.0,0.6444123411224288
2304.0,0.6445923349567986
2305.0,0.6447132112779367
2306.0,0.6448920764664811
2307.0,0.6450155517189046
2308.0,0.6452023084659576
2309.0,0.6453240068320113
2310.0,0.6455050207445
2311.0,0.6456302063375918
2312.0,0.6458098538462278
2313.0,0.6459339674125202
2314.0,0.6461131576281727
2315.0,0.6462331701020592
2316.0,0.6464119248856227
2317.0,0.6465338852883684
2318.0,0.6467130876231234
2319.0,0.6468371338124513
2320.0,0.6470241140685101
2321.0,0.6471543829771658
2322.0,0.647336519260955
2323.0,0.6474617584800147
2324.0,0.6476412679748441
2325.0,0.6477620788976282
2326.0,0.6479429789004664
2327.0,0.6480634578221187
2328.0,0.6482434803540453
2329.0,0.648369721597106
2330.0,0.6485609138855192
2331.0,0.6486837774221561
2332.0,0.6488659890849163
2333.0,0.648989474531408
2334.0,0.6491717027312356
2335.0,0.6492937971918085
2336.0,0.6494708373534417
2337.0,0.6495976210622066
2338.0,0.6497860756975614
2339.0,0.6499157491221215
2340.0,0.6500983623994129
2341.0,0.650220842865875
2342.0,0.6504014700918922
2343.0,0.6505245577425698
2344.0,0.6507117620990395
2345.0,0.6508353019078876
2346.0,0.6510174329393629
2347.0,0.6511465193405122
2348.0,0.6513326732350028
2349.0,0.6514549793590042
2350.0,0.6516375188743869
2351.0,0.6517636636095574
2352.0,0.6519510069008666
2353.0,0.6520745537761894
2354.0,0.6522638061029061
2355.0,0.6523893904717152
2356.0,0.6525719901111228
2357.0,0.6526987066966656
2358.0,0.6528804495673912
2359.0,0.6530035950412879
2360.0,0.653190326767741
2361.0,0.6533184157217395
2362.0,0.6535082967156846
2363.0,0.6536336659244031
2364.0,0.6538184754649378
2365.0,0.6539441203018854
2366.0,0.654130525029413
2367.0,0.6542540145544141
2368.0,0.6544422035626446
2369.0,0.6545686828558619
2370.0,0.6547595995283153
2371.0,0.6548831993631483
2372.0,0.655067808675841
2373.0,0.655195394593348
2374.0,0.655383597646507
2375.0,0.6555088471766755
2376.0,0.6556913021636402
2377.0,0.6558215861915008
2378.0,0.6560072554760189
2379.0,0.6561360175525981
2380.0,0.6563237290424568
2381.0,0.6564511691474857
2382.0,0.6566366691740283
2383.0,0.656765079953285
2384.0,0.6569545267303487
2385.0,0.657082346689367
2386.0,0.6572687233458936
2387.0,0.6573978063817673
2388.0,0.6575855983271933
2389.0,0.6577132704182856
2390.0,0.6578996410042283
2391.0,0.6580287629957076
2392.0,0.6582177384244158
2393.0,0.6583388639991757
2394.0,0.6585264314370517
2395.0,0.6586581840754355
2396.0,0.6588484263515131
2397.0,0.6589801797923907
2398.0,0.6591676050040647
2399.0,0.6592999232438829
2400.0,0.6594854659660639
2401.0,0.6596112592300337
2402.0,0.659794096869372
2403.0,0.6599241599703014
2404.0,0.660113958120156
2405.0,0.6602434018765349
2406.0,0.6604383307395529
2407.0,0.6605683539780441
2408.0,0.6607510422893158
2409.0,0.660880922770164
2410.0,0.6610737340276152
2411.0,0.6612027263887712
2412.0,0.6613890405130355
2413.0,0.6615390107005928
2414.0,0.6616937412554197
2415.0,0.661850947424112
2416.0,0.6620097420181171
2417.0,0.662171455539376
2418.0,0.6623312176066757
2419.0,0.6624920764193287
2420.0,0.662678300936691
2421.0,0.6628033386678702
2422.0,0.6629901615947957
2423.0,0.6631184599838197
2424.0,0.6633118999712554
2425.0,0.6634389003988307
2426.0,0.6636268220753265
2427.0,0.6637525572808896
2428.0,0.6639471087929608
2429.0,0.6640777881698471
2430.0,0.6642700356584202
2431.0,0.6643995475882118
2432.0,0.6645922846129119
2433.0,0.6647193484748071
2434.0,0.6649086410155585
2435.0,0.6650363979892049
2436.0,0.6652246424872396
2437.0,0.665375147473427
2438.0,0.6655323150930547
2439.0,0.6657117717476443
2440.0,0.6658388419755731
2441.0,0.6660277618258411
2442.0,0.6661594544495175
2443.0,0.6663534715400681
2444.0,0.6664837379366014
2445.0,0.6666739420081721
2446.0,0.6668246094040362
2447.0,0.6669855556550773
2448.0,0.667144105854299
2449.0,0.6673031631571547
2450.0,0.6674602829874403
2451.0,0.6676215832622714
2452.0,0.6677845573012264
2453.0,0.6679468192059733
2454.0,0.6681088263918362
2455.0,0.6682683362739978
2456.0,0.6684259992595417
2457.0,0.6685868999317692
2458.0,0.668766571107383
2459.0,0.6688933218945597
2460.0,0.6690903604043097
2461.0,0.6692143669306089
2462.0,0.6694048760611983
2463.0,0.6695392821749948
2464.0,0.6697337986951155
2465.0,0.6698879825366049
2466.0,0.6700496344940998
2467.0,0.6702117263307972
2468.0,0.6703702601806789
2469.0,0.670525329811607
2470.0,0.6706852605655403
2471.0,0.67084727158285
2472.0,0.6710038384773787
2473.0,0.6711867611788574
2474.0,0.6713324176849023
2475.0,0.6714958079691542
2476.0,0.6716738233993509
2477.0,0.6718156904448148
2478.0,0.6719781660920041
2479.0,0.672157398858685
2480.0,0.6723017639983146
2481.0,0.6724586488120691
2482.0,0.6726373764201012
2483.0,0.6727830368259158
2484.0,0.6729430255584988
2485.0,0.6731247500354821
2486.0,0.6732506177379953
2487.0,0.6734467567247031
2488.0,0.6735971565399602
2489.0,0.6737517277797558
2490.0,0.6739360579244152
2491.0,0.6740646804842737
2492.0,0.6742579239333404
2493.0,0.6744048226084295
2494.0,0.6745684701219038
2495.0,0.674748155736217
2496.0,0.674877364009494
2497.0,0.6750686049018805
2498.0,0.6751985999817024
2499.0,0.6753956891796278
2500.0,0.6755249590597352
2501.0,0.6757200095558998
2502.0,0.6758491099064967
2503.0,0.6760365492315485
2504.0,0.6761862152756923
2505.0,0.676344077963254
2506.0,0.6765210087909594
2507.0,0.6766528491723391
2508.0,0.6768479610617264
2509.0,0.6769959197916188
2510.0,0.6771542799424303
2511.0,0.6773346241985202
2512.0,0.677462547625533
2513.0,0.6776564416008628
2514.0,0.6778074617032214
2515.0,0.6779735555615475
2516.0,0.6781348461244774
2517.0,0.6782963426528853
2518.0,0.6784554057033851
2519.0,0.6786150932243488
2520.0,0.6787781522213193
2521.0,0.6789355234868775
2522.0,0.6791014724239522
2523.0,0.6792644377196033
2524.0,0.6794179951956364
2525.0,0.6796004781822781
2526.0,0.6797260283640387
2527.0,0.6799199135739251
2528.0,0.6800782849960817
2529.0,0.6802374256687097
2530.0,0.68039716383716
2531.0,0.6805616875082607
2532.0,0.6807198455361184
2533.0,0.6808843198448962
2534.0,0.6810445513834545
2535.0,0.6812264290850986
2536.0,0.6813543574063602
2537.0,0.6815443148867713
2538.0,0.6816921586083289
2539.0,0.6818501325159432
2540.0,0.6820155108444882
2541.0,0.6821790447953429
2542.0,0.6823578129088098
2543.0,0.6824852842809166
2544.0,0.6826738458213835
2545.0,0.6828259571261375
2546.0,0.6829858452810098
2547.0,0.6831624721901621
2548.0,0.683287434292122
2549.0,0.6834766611337749
2550.0,0.6836231296187667
2551.0,0.6837792575087397
2552.0,0.6839658096178284
2553.0,0.6840974533236632
2554.0,0.6842939941749475
2555.0,0.6844248514207155
2556.0,0.6846214713705792
2557.0,0.6847464146326796
2558.0,0.6849431689678002
2559.0,0.6850668241828776
2560.0,0.6852628949767565
2561.0,0.6853904499106819
2562.0,0.6855868800808667
2563.0,0.6857196997943202
2564.0,0.6859125995124172
2565.0,0.6860607583676271
2566.0,0.6862183410839635
2567.0,0.6863750742863823
2568.0,0.6865343087364092
2569.0,0.6866995881863756
2570.0,0.6868611906258757
2571.0,0.68702558912598
2572.0,0.6871881339375021
2573.0,0.6873519623148306
2574.0,0.6875145509975452
2575.0,0.6876744288601965
2576.0,0.687834028445983
2577.0,0.6879929191891436
2578.0,0.6881551304977254
2579.0,0.6883138621251034
2580.0,0.6884827173466022
2581.0,0.6886459837775868
2582.0,0.6888094284065349
2583.0,0.6889699223412844
2584.0,0.689125547663153
2585.0,0.6892821022795117
2586.0,0.6894517063992819
2587.0,0.6896162326088047
2588.0,0.6897782932149205
2589.0,0.6899390407532927
2590.0,0.6901000768272381
2591.0,0.6902625483850533
2592.0,0.6904167838724922
2593.0,0.6905826925125808
2594.0,0.6907428037577565
2595.0,0.6909071401521555
2596.0,0.6910671773584389
2597.0,0.6912338805242885
2598.0,0.6913991561498815
2599.0,0.6915564773203333
2600.0,0.6917167026383019
2601.0,0.6918788013961648
2602.0,0.6920362378264021
2603.0,0.6921974274697993
2604.0,0.6923610761077973
2605.0,0.6925247137194285
2606.0,0.6926826633225553
2607.0,0.6928500917843867
2608.0,0.6930121612590938
2609.0,0.6931727637767628
2610.0,0.6933363191537757
2611.0,0.6934969445411554
2612.0,0.6936573557164089
2613.0,0.6938170409627854
2614.0,0.6939788743492964
2615.0,0.694142693344125
2616.0,0.6943106432973972
2617.0,0.6944703070598802
2618.0,0.6946331068399044
2619.0,0.6947938849973719
2620.0,0.6949549324821039
2621.0,0.6951177452766948
2622.0,0.6952814151648575
2623.0,0.6954397000543239
2624.0,0.6956037763931182
2625.0,0.6957686596023189
2626.0,0.695927070240191
2627.0,0.696084346669672
2628.0,0.6962453652216879
2629.0,0.6964090672737399
2630.0,0.6965762905756139
2631.0,0.6967378914386608
2632.0,0.696900784458125
2633.0,0.6970600656092566
2634.0,0.697222390535025
2635.0,0.6973882936178145
2636.0,0.6975530855902212
2637.0,0.6977160243642517
2638.0,0.6978741187946758
2639.0,0.6980358398410503
2640.0,0.6981967361079786
2641.0,0.6983565243563101
2642.0,0.6985172409292982
2643.0,0.6986842754190776
2644.0,0.698846471282085
2645.0,0.6990128126206067
2646.0,0.6991763018691949
2647.0,0.6993390795300353
2648.0,0.6994987249095753
2649.0,0.6996601189423474
2650.0,0.6998207183617305
2651.0,0.699981630938703
2652.0,0.7001452411796183
2653.0,0.7003137057491292
2654.0,0.7004766943740081
2655.0,0.7006394301329796
2656.0,0.7008017331046441
2657.0,0.7009614869478026
2658.0,0.7011223999562733
2659.0,0.7012844192327942
2660.0,0.7014504145140096
2661.0,0.7016097495557029
2662.0,0.7017720137391549
2663.0,0.7019305784257475
2664.0,0.7020930232736922
2665.0,0.7022582306130447
2666.0,0.7024236829446692
2667.0,0.7025840734553114
2668.0,0.7027475155779467
2669.0,0.7029112836807586
2670.0,0.7030773691005274
2671.0,0.7032406697502883
2672.0,0.7033971200271774
2673.0,0.7035611458896013
2674.0,0.7037229695930421
2675.0,0.7038904463260757
2676.0,0.7040586116572055
2677.0,0.7042243973558663
2678.0,0.7043835384383572
2679.0,0.7045419084588974
2680.0,0.7047041438202826
2681.0,0.7048675743138576
2682.0,0.7050276931731504
2683.0,0.705190894098657
2684.0,0.7053554623820717
2685.0,0.7055222131119789
2686.0,0.7056848268853958
2687.0,0.7058492309584781
2688.0,0.7060210451580533
2689.0,0.7061811042738301
2690.0,0.7063400693218459
2691.0,0.7064991372102486
2692.0,0.7066638110636155
2693.0,0.7068273079893443
2694.0,0.7069891982851603
2695.0,0.7071530142441343
2696.0,0.7073214290958107
2697.0,0.7074893438653408
2698.0,0.707655646537197
2699.0,0.7078173603152847
2700.0,0.7079789803180296
2701.0,0.7081432849790201
2702.0,0.7083050271527558
2703.0,0.7084662251574454
2704.0,0.7086317431344946
2705.0,0.7087925454651853
2706.0,0.708958463326925
2707.0,0.7091239636872848
2708.0,0.7092882691959712
2709.0,0.7094488943254312
2710.0,0.709621231354116
2711.0,0.7097860710909688
2712.0,0.7099569978944672
2713.0,0.7101196751145075
2714.0,0.7102771819008346
2715.0,0.7104384010976373
2716.0,0.7106048292547678
2717.0,0.7107721352457048
2718.0,0.710934522630456
2719.0,0.7111004534578284
2720.0,0.7112694444849308
2721.0,0.7114339618797093
2722.0,0.7115940341122272
2723.0,0.7117553420098816
2724.0,0.711934402624399
2725.0,0.7120958310067128
2726.0,0.712255646421143
2727.0,0.7124227470582054
2728.0,0.7125918396658667
2729.0,0.7127574809261098
2730.0,0.7129219085987755
2731.0,0.7130885653846317
2732.0,0.7132525514093192
2733.0,0.7134184451486585
2734.0,0.713586656229557
2735.0,0.7137463932164344
2736.0,0.7139178759487126
2737.0,0.7140831575085743
2738.0,0.7142512825256553
2739.0,0.714416279623527
2740.0,0.7145798790905227
2741.0,0.71475024525765
2742.0,0.7149145820601945
2743.0,0.7150816178441436
2744.0,0.7152480262468922
2745.0,0.7154191914357345
2746.0,0.7155854579493206
2747.0,0.7157482019359738
2748.0,0.7159150189047921
2749.0,0.7160849650200963
2750.0,0.7162479574422147
2751.0,0.716415440197165
2752.0,0.7165765818921266
2753.0,0.716744180817928
2754.0,0.7169167211307363
2755.0,0.7170914985349952
2756.0,0.7172586674368564
2757.0,0.7174238316319185
2758.0,0.7175902114006706
2759.0,0.7177522870147294
2760.0,0.71792011465358
2761.0,0.7180948314825578
2762.0,0.7182613655906728
2763.0,0.7184295106542924
2764.0,0.7185945885803479
2765.0,0.7187570506325834
2766.0,0.7189275725680907
2767.0,0.7190944173575414
2768.0,0.719261633706889
2769.0,0.7194325992871109
2770.0,0.7196020107424287
2771.0,0.719774733428735
2772.0,0.7199449818119671
2773.0,0.7201054021111686
2774.0,0.7202726025581971
2775.0,0.7204378441602105
2776.0,0.7206101135293963
2777.0,0.720777918978966
2778.0,0.7209474566542652
2779.0,0.721118738060963
2780.0,0.7212865337753657
2781.0,0.7214566867544172
2782.0,0.7216254277599194
2783.0,0.7217920717531575
2784.0,0.7219613117411678
2785.0,0.722135038197081
2786.0,0.7223013573190875
2787.0,0.7224661569453488
2788.0,0.7226300086084536
2789.0,0.7228016514036731
2790.0,0.7229707624311256
2791.0,0.7231431149029399
2792.0,0.7233122141610728
2793.0,0.7234855881956094
2794.0,0.7236569168830785
2795.0,0.7238294845831964
2796.0,0.723992920421248
2797.0,0.7241617841018164
2798.0,0.7243333079417611
2799.0,0.7245011061516063
2800.0,0.724673751260799
2801.0,0.7248418233228153
2802.0,0.7250043980967862
2803.0,0.725175218433484
2804.0,0.7253473658191333
2805.0,0.7255203291836912
2806.0,0.7256924458240688
2807.0,0.7258645476441448
2808.0,0.7260319706938795
2809.0,0.7261978632655754
2810.0,0.7263642390001416
2811.0,0.726536160456021
2812.0,0.7267090058539932
2813.0,0.7268898609351822
2814.0,0.727063228196957
2815.0,0.7272356699786164
2816.0,0.7274017508111493
2817.0,0.7275685416337442
2818.0,0.7277415492299169
2819.0,0.7279100892008302
2820.0,0.728083192007112
2821.0,0.7282507171258268
2822.0,0.7284236300058768
2823.0,0.7285944506900424
2824.0,0.7287581236090049
2825.0,0.7289390852907985
2826.0,0.7291129884700954
2827.0,0.7292850639526187
2828.0,0.729455086591566
2829.0,0.7296236888579294
2830.0,0.7297934400172341
2831.0,0.7299685459343142
2832.0,0.7301470734484273
2833.0,0.7303187788288217
2834.0,0.7304799886373098
2835.0,0.7306505832602471
2836.0,0.7308247344020271
2837.0,0.730998443044193
2838.0,0.7311713060176723
2839.0,0.7313403669892147
2840.0,0.7315167129523523
2841.0,0.731694107153234
2842.0,0.731868783213146
2843.0,0.7320361862014981
2844.0,0.7322019045562992
2845.0,0.7323722226925493
2846.0,0.732540056746875
2847.0,0.7327110794344839
2848.0,0.7328884746924449
2849.0,0.7330643219058105
2850.0,0.733236855909161
2851.0,0.7334102016236715
2852.0,0.7335870625166484
2853.0,0.7337589189747961
2854.0,0.7339321950678664
2855.0,0.7341027822853131
2856.0,0.7342743829808401
2857.0,0.7344442077703535
2858.0,0.7346152805306494
2859.0,0.7347901359199543
2860.0,0.7349692240249811
2861.0,0.7351390865746724
2862.0,0.7353105554148699
2863.0,0.7354859915466124
2864.0,0.7356614620706303
2865.0,0.7358326173547368
2866.0,0.7360055682005711
2867.0,0.7361851597196163
2868.0,0.7363583148859343
2869.0,0.736529870110182
2870.0,0.7367000605434305
2871.0,0.736871748235568
2872.0,0.7370476574625761
2873.0,0.7372259332094852
2874.0,0.7373999103389974
2875.0,0.7375754932428862
2876.0,0.7377489423470643
2877.0,0.737921544357108
2878.0,0.7380927526966434
2879.0,0.7382700737071928
2880.0,0.7384423168869397
2881.0,0.7386205819467861
2882.0,0.7387973798279202
2883.0,0.7389671239066126
2884.0,0.7391443459696045
2885.0,0.7393205982841539
2886.0,0.7394967532919339
2887.0,0.739672421989237
2888.0,0.739842518127516
2889.0,0.740018716378168
2890.0,0.7401926524402098
2891.0,0.7403653735001311
2892.0,0.7405480114021827
2893.0,0.7407236515969331
2894.0,0.7409011426510839
2895.0,0.7410737416907562
2896.0,0.7412439564050994
2897.0,0.741418602327323
2898.0,0.7415958310680656
2899.0,0.7417702477576273
2900.0,0.7419478847398561
2901.0,0.7421265892581581
2902.0,0.7423006401812335
2903.0,0.7424785758612811
2904.0,0.7426534482077967
2905.0,0.7428281340179118
2906.0,0.7430118006882948
2907.0,0.7431866825691557
2908.0,0.7433605319747513
2909.0,0.7435317914596922
2910.0,0.7437105781150252
2911.0,0.7438892523343688
2912.0,0.74407000758898
2913.0,0.744246597988451
2914.0,0.7444238727719653
2915.0,0.7445970490275475
2916.0,0.7447716188964483
2917.0,0.7449465864291146
2918.0,0.7451242703386176
2919.0,0.7453054100542156
2920.0,0.745483495171661
2921.0,0.7456626306453987
2922.0,0.7458448686201743
2923.0,0.7460159779316762
2924.0,0.746190767468607
2925.0,0.7463725528775591
2926.0,0.7465491432418702
2927.0,0.746723736576852
2928.0,0.746896960798708
2929.0,0.7470750683843227
2930.0,0.7472576378991037
2931.0,0.7474362062224913
2932.0,0.7476183286920697
2933.0,0.7477962335371766
2934.0,0.7479739829230082
2935.0,0.7481498166034982
2936.0,0.7483268965013057
2937.0,0.7485035857775241
2938.0,0.7486837288774689
2939.0,0.7488640407917436
2940.0,0.7490397453206659
2941.0,0.7492155663609679
2942.0,0.7493948424698028
2943.0,0.7495772580452578
2944.0,0.7497610996561138
2945.0,0.7499368893889273
2946.0,0.7501120993549555
2947.0,0.7502893183627286
2948.0,0.7504700208411083
2949.0,0.7506467220857608
2950.0,0.7508328398749369
2951.0,0.751009837926361
2952.0,0.7511860534126749
2953.0,0.7513644921661818
2954.0,0.7515426240641385
2955.0,0.7517208291917702
2956.0,0.7519014090685617
2957.0,0.7520837762338201
2958.0,0.7522608288667079
2959.0,0.7524442702900205
2960.0,0.7526254273692985
2961.0,0.7528068552511659
2962.0,0.7529858182459599
2963.0,0.7531628521724237
2964.0,0.7533429629410285
2965.0,0.7535210887992788
2966.0,0.7537013531819187
2967.0,0.7538302642415062
2968.0,0.7540468948725896
2969.0,0.7542568971361046
2970.0,0.7544402883249531
2971.0,0.7545695398514762
2972.0,0.7547812343878932
2973.0,0.7549868997748649
2974.0,0.7551641347110782
2975.0,0.7553383324327594
2976.0,0.7555122513728334
2977.0,0.7556841780274859
2978.0,0.7558607973204596
2979.0,0.7560444173549905
2980.0,0.7562299506657866
2981.0,0.7564055558803555
2982.0,0.7565885245858229
2983.0,0.7567640456291996
2984.0,0.7569503562335301
2985.0,0.7571332252088011
2986.0,0.7573151274526335
2987.0,0.7574950598696448
2988.0,0.7576753884884952
2989.0,0.7578572759084083
2990.0,0.7580402410131271
2991.0,0.7582230863732342
2992.0,0.758403914841659
2993.0,0.7585842038937926
2994.0,0.7587654611399125
2995.0,0.7589442306178685
2996.0,0.7591248181107119
2997.0,0.7593104959293732
2998.0,0.7594972993727761
2999.0,0.7596764053485225
3000.0,0.7598528462355165
