Results_Name,VSPAERO_Wrapper
Results_Timestamp,1750872568
Results_Date,6,25,2025
Results_Time,19,29,28
Analysis_Duration_Sec,4.701999999999999930e-02
ResultsVec,VSPAERO_History,VSPAERO_Polar,VSPAERO_Load,VSPAERO_Comp_Load,CpSlice_Wrapper
Results_Name,VSPAERO_History
Results_Timestamp,1750872567
Results_Date,6,25,2025
Results_Time,19,29,27
Alpha,0.000000000000000000e+00,0.000000000000000000e+00,0.000000000000000000e+00,0.000000000000000000e+00,0.000000000000000000e+00,0.000000000000000000e+00,0.000000000000000000e+00,0.000000000000000000e+00,0.000000000000000000e+00,0.000000000000000000e+00,0.000000000000000000e+00,0.000000000000000000e+00,0.000000000000000000e+00,0.000000000000000000e+00,0.000000000000000000e+00,0.000000000000000000e+00,0.000000000000000000e+00,0.000000000000000000e+00,0.000000000000000000e+00,0.000000000000000000e+00,0.000000000000000000e+00,0.000000000000000000e+00,0.000000000000000000e+00,0.000000000000000000e+00,0.000000000000000000e+00
AnalysisMethod,0
Beta,0.000000000000000000e+00,0.000000000000000000e+00,0.000000000000000000e+00,0.000000000000000000e+00,0.000000000000000000e+00,0.000000000000000000e+00,0.000000000000000000e+00,0.000000000000000000e+00,0.000000000000000000e+00,0.000000000000000000e+00,0.000000000000000000e+00,0.000000000000000000e+00,0.000000000000000000e+00,0.000000000000000000e+00,0.000000000000000000e+00,0.000000000000000000e+00,0.000000000000000000e+00,0.000000000000000000e+00,0.000000000000000000e+00,0.000000000000000000e+00,0.000000000000000000e+00,0.000000000000000000e+00,0.000000000000000000e+00,0.000000000000000000e+00,0.000000000000000000e+00
CDi,3.912873351900000157e-02,3.791004896900000004e-02,4.770934161800000073e-02,4.853999854200000130e-02,6.531286440799999315e-02,4.077401043500000072e-02,4.710670845599999879e-02,5.447113080499999677e-02,5.011082669300000181e-02,5.026777159299999909e-02,4.746764489699999839e-02,3.736666269499999693e-02,4.776073236199999961e-02,4.443137117399999919e-02,4.682618070999999826e-02,5.056982597200000012e-02,5.392831377199999721e-02,-1.776026125599999839e-02,-3.920274587159999768e-01,3.240755383369999798e-01,2.781501003769999980e-01,1.108590524729999999e-01,1.644798795019999926e-01,6.042145047410000247e-01,-6.261235227979999873e-01
CDo,3.645354569999999933e-02,4.440846317799999887e-02,5.477855649999999882e-02,5.463129777800000003e-02,5.534395338399999975e-02,5.450127310100000289e-02,5.444860008199999685e-02,5.433500062999999797e-02,5.447912185699999715e-02,5.422002228699999982e-02,5.417613554000000331e-02,5.445500621499999722e-02,5.521940816999999779e-02,5.483196469499999892e-02,5.561412075500000302e-02,5.624556683899999826e-02,5.700800448200000342e-02,5.918708095200000269e-02,6.544295046600000221e-02,6.132124416600000238e-02,7.458270149199999755e-02,6.503313339300000051e-02,6.100995954800000204e-02,6.173177452100000323e-02,3.270990298870000146e-01
CDt,2.776617297600000173e-02,4.947522852599999660e-02,6.907911962899999925e-02,6.856037957100000191e-02,8.218621584099999877e-02,6.889411866899999848e-02,7.772027367900000150e-02,8.359503341099999707e-02,8.931130349799999701e-02,8.882756215100000297e-02,8.521346062000000054e-02,8.790677297000000501e-02,8.443658153699999669e-02,7.221422053499999827e-02,7.130815916799999876e-02,6.570374282600000004e-02,6.105766912700000271e-02,6.974040266000000599e-02,8.061394125300000435e-02,7.924685991299999788e-02,6.597817738000000265e-02,8.469547347700000228e-02,1.020060174510000056e-01,8.462017265400000043e-02,7.245954286350000384e-01
CDtot,7.558227921900000090e-02,8.231851214700000585e-02,1.024878981180000065e-01,1.031712963199999944e-01,1.206568177929999985e-01,9.527528353599999666e-02,1.015553085380000026e-01,1.088061314340000030e-01,1.045899485500000059e-01,1.044877938799999989e-01,1.016437804369999948e-01,9.182166891000000108e-02,1.029801405330000030e-01,9.926333586900000505e-02,1.024403014640000026e-01,1.068153928100000066e-01,1.109363182539999937e-01,4.142681969599999736e-02,-3.265845082500000163e-01,3.853967825030000238e-01,3.527328018690000233e-01,1.758921858670000060e-01,2.254898390500000016e-01,6.659462792620000071e-01,-2.990244929109999728e-01
CDtott,6.421971867600000106e-02,9.388369170400000241e-02,1.238576761279999994e-01,1.231916773489999950e-01,1.375301692260000042e-01,1.233953917700000014e-01,1.321688737610000053e-01,1.379300340400000102e-01,1.437904253550000011e-01,1.430475844390000084e-01,1.393895961599999900e-01,1.423617791850000092e-01,1.396559897080000001e-01,1.270461852310000028e-01,1.269222799220000031e-01,1.219493096639999996e-01,1.180656736089999992e-01,1.289274836119999879e-01,1.460568917189999927e-01,1.405681040790000003e-01,1.405608788720000002e-01,1.497286068700000028e-01,1.630159769990000007e-01,1.463519471739999911e-01,1.051694458522000053e+00
CFx,7.558227921900000090e-02,8.231851214700000585e-02,1.024878981180000065e-01,1.031712963199999944e-01,1.206568177929999985e-01,9.527528353599999666e-02,1.015553085380000026e-01,1.088061314340000030e-01,1.045899485500000059e-01,1.044877938799999989e-01,1.016437804369999948e-01,9.182166891000000108e-02,1.029801405330000030e-01,9.926333586900000505e-02,1.024403014640000026e-01,1.068153928100000066e-01,1.109363182539999937e-01,4.142681969599999736e-02,-3.265845082500000163e-01,3.853967825030000238e-01,3.527328018690000233e-01,1.758921858670000060e-01,2.254898390500000016e-01,6.659462792620000071e-01,-2.990244929109999728e-01
CFxi,3.912873351900000157e-02,3.791004896900000004e-02,4.770934161800000073e-02,4.853999854200000130e-02,6.531286440799999315e-02,4.077401043500000072e-02,4.710670845599999879e-02,5.447113080499999677e-02,5.011082669300000181e-02,5.026777159299999909e-02,4.746764489699999839e-02,3.736666269499999693e-02,4.776073236199999961e-02,4.443137117399999919e-02,4.682618070999999826e-02,5.056982597200000012e-02,5.392831377199999721e-02,-1.776026125599999839e-02,-3.920274587159999768e-01,3.240755383369999798e-01,2.781501003769999980e-01,1.108590524729999999e-01,1.644798795019999926e-01,6.042145047410000247e-01,-6.261235227979999873e-01
CFxo,3.645354569999999933e-02,4.440846317799999887e-02,5.477855649999999882e-02,5.463129777800000003e-02,5.534395338399999975e-02,5.450127310100000289e-02,5.444860008199999685e-02,5.433500062999999797e-02,5.447912185699999715e-02,5.422002228699999982e-02,5.417613554000000331e-02,5.445500621499999722e-02,5.521940816999999779e-02,5.483196469499999892e-02,5.561412075500000302e-02,5.624556683899999826e-02,5.700800448200000342e-02,5.918708095200000269e-02,6.544295046600000221e-02,6.132124416600000238e-02,7.458270149199999755e-02,6.503313339300000051e-02,6.100995954800000204e-02,6.173177452100000323e-02,3.270990298870000146e-01
CFy,0.000000000000000000e+00,0.000000000000000000e+00,0.000000000000000000e+00,0.000000000000000000e+00,0.000000000000000000e+00,0.000000000000000000e+00,0.000000000000000000e+00,0.000000000000000000e+00,0.000000000000000000e+00,0.000000000000000000e+00,0.000000000000000000e+00,0.000000000000000000e+00,0.000000000000000000e+00,0.000000000000000000e+00,0.000000000000000000e+00,0.000000000000000000e+00,0.000000000000000000e+00,0.000000000000000000e+00,0.000000000000000000e+00,0.000000000000000000e+00,0.000000000000000000e+00,0.000000000000000000e+00,0.000000000000000000e+00,0.000000000000000000e+00,0.000000000000000000e+00
CFyi,0.000000000000000000e+00,0.000000000000000000e+00,0.000000000000000000e+00,0.000000000000000000e+00,0.000000000000000000e+00,0.000000000000000000e+00,0.000000000000000000e+00,0.000000000000000000e+00,0.000000000000000000e+00,0.000000000000000000e+00,0.000000000000000000e+00,0.000000000000000000e+00,0.000000000000000000e+00,0.000000000000000000e+00,0.000000000000000000e+00,0.000000000000000000e+00,0.000000000000000000e+00,0.000000000000000000e+00,0.000000000000000000e+00,0.000000000000000000e+00,0.000000000000000000e+00,0.000000000000000000e+00,0.000000000000000000e+00,0.000000000000000000e+00,0.000000000000000000e+00
CFyo,0.000000000000000000e+00,0.000000000000000000e+00,0.000000000000000000e+00,0.000000000000000000e+00,0.000000000000000000e+00,0.000000000000000000e+00,0.000000000000000000e+00,0.000000000000000000e+00,0.000000000000000000e+00,0.000000000000000000e+00,0.000000000000000000e+00,0.000000000000000000e+00,0.000000000000000000e+00,0.000000000000000000e+00,0.000000000000000000e+00,0.000000000000000000e+00,0.000000000000000000e+00,0.000000000000000000e+00,0.000000000000000000e+00,0.000000000000000000e+00,0.000000000000000000e+00,0.000000000000000000e+00,0.000000000000000000e+00,0.000000000000000000e+00,0.000000000000000000e+00
CFz,-5.690725493599999574e-01,-5.981645035820000178e-01,-6.339319830730000271e-01,-6.148234167630000080e-01,-6.386502095380000021e-01,-5.997668959619999463e-01,-5.846686116839999725e-01,-5.631586337409999476e-01,-6.307295492550000215e-01,-6.388951147920000073e-01,-6.359681136779999910e-01,-6.184896184820000142e-01,-5.618150177120000421e-01,-5.793466858050000390e-01,-5.232238809479999864e-01,-4.616436006219999943e-01,-3.585188585760000213e-01,-3.621703033690000240e-01,-5.991201185500000248e-01,-3.740260396089999939e-01,-2.379183986729999922e-01,-1.809768417260000095e-01,-5.789093108539999921e-01,-5.712825411969999490e-01,-2.341056412932000175e+00
CFzi,-5.716429152280000370e-01,-6.015682524130000486e-01,-6.391303999209999587e-01,-6.200677174780000467e-01,-6.439567507550000292e-01,-6.053921472509999901e-01,-5.904383895550000538e-01,-5.689340097730000156e-01,-6.364381711969999689e-01,-6.446326654499999753e-01,-6.414913889700000205e-01,-6.240717059339999651e-01,-5.674293207609999445e-01,-5.849773567370000205e-01,-5.287565123959999669e-01,-4.672681737680000058e-01,-3.641750621850000091e-01,-3.676161572089999829e-01,-6.055943808039999654e-01,-3.800043951750000093e-01,-2.444912742310000053e-01,-1.841630027770000122e-01,-5.858686735689999647e-01,-5.766153946650000028e-01,-2.300022854197000033e+00
CFzo,2.570365867999999804e-03,3.403748830999999992e-03,5.198416848000000055e-03,5.244300714999999662e-03,5.306541217999999685e-03,5.625251288999999662e-03,5.769777870999999794e-03,5.775376030999999910e-03,5.708621942999999796e-03,5.737550658000000088e-03,5.523275291999999934e-03,5.582087452000000262e-03,5.614303047999999983e-03,5.630670931999999691e-03,5.532631447000000043e-03,5.624573146000000183e-03,5.656203609000000007e-03,5.445853839999999745e-03,6.474262255000000008e-03,5.978355565999999774e-03,6.572875558000000097e-03,3.186161051000000084e-03,6.959362715000000366e-03,5.332853468000000111e-03,-4.103355873500000306e-02
CL,-5.690725493599999574e-01,-5.981645035820000178e-01,-6.339319830730000271e-01,-6.148234167630000080e-01,-6.386502095380000021e-01,-5.997668959619999463e-01,-5.846686116839999725e-01,-5.631586337409999476e-01,-6.307295492550000215e-01,-6.388951147920000073e-01,-6.359681136779999910e-01,-6.184896184820000142e-01,-5.618150177120000421e-01,-5.793466858050000390e-01,-5.232238809479999864e-01,-4.616436006219999943e-01,-3.585188585760000213e-01,-3.621703033690000240e-01,-5.991201185500000248e-01,-3.740260396089999939e-01,-2.379183986729999922e-01,-1.809768417260000095e-01,-5.789093108539999921e-01,-5.712825411969999490e-01,-2.341056412932000175e+00
CLi,-5.716429152280000370e-01,-6.015682524130000486e-01,-6.391303999209999587e-01,-6.200677174780000467e-01,-6.439567507550000292e-01,-6.053921472509999901e-01,-5.904383895550000538e-01,-5.689340097730000156e-01,-6.364381711969999689e-01,-6.446326654499999753e-01,-6.414913889700000205e-01,-6.240717059339999651e-01,-5.674293207609999445e-01,-5.849773567370000205e-01,-5.287565123959999669e-01,-4.672681737680000058e-01,-3.641750621850000091e-01,-3.676161572089999829e-01,-6.055943808039999654e-01,-3.800043951750000093e-01,-2.444912742310000053e-01,-1.841630027770000122e-01,-5.858686735689999647e-01,-5.766153946650000028e-01,-2.300022854197000033e+00
CLo,2.570365867999999804e-03,3.403748830999999992e-03,5.198416848000000055e-03,5.244300714999999662e-03,5.306541217999999685e-03,5.625251288999999662e-03,5.769777870999999794e-03,5.775376030999999910e-03,5.708621942999999796e-03,5.737550658000000088e-03,5.523275291999999934e-03,5.582087452000000262e-03,5.614303047999999983e-03,5.630670931999999691e-03,5.532631447000000043e-03,5.624573146000000183e-03,5.656203609000000007e-03,5.445853839999999745e-03,6.474262255000000008e-03,5.978355565999999774e-03,6.572875558000000097e-03,3.186161051000000084e-03,6.959362715000000366e-03,5.332853468000000111e-03,-4.103355873500000306e-02
CMx,0.000000000000000000e+00,0.000000000000000000e+00,0.000000000000000000e+00,0.000000000000000000e+00,0.000000000000000000e+00,0.000000000000000000e+00,0.000000000000000000e+00,0.000000000000000000e+00,0.000000000000000000e+00,0.000000000000000000e+00,0.000000000000000000e+00,0.000000000000000000e+00,0.000000000000000000e+00,0.000000000000000000e+00,0.000000000000000000e+00,0.000000000000000000e+00,0.000000000000000000e+00,0.000000000000000000e+00,0.000000000000000000e+00,0.000000000000000000e+00,0.000000000000000000e+00,0.000000000000000000e+00,0.000000000000000000e+00,0.000000000000000000e+00,0.000000000000000000e+00
CMxi,0.000000000000000000e+00,0.000000000000000000e+00,0.000000000000000000e+00,0.000000000000000000e+00,0.000000000000000000e+00,0.000000000000000000e+00,0.000000000000000000e+00,0.000000000000000000e+00,0.000000000000000000e+00,0.000000000000000000e+00,0.000000000000000000e+00,0.000000000000000000e+00,0.000000000000000000e+00,0.000000000000000000e+00,0.000000000000000000e+00,0.000000000000000000e+00,0.000000000000000000e+00,0.000000000000000000e+00,0.000000000000000000e+00,0.000000000000000000e+00,0.000000000000000000e+00,0.000000000000000000e+00,0.000000000000000000e+00,0.000000000000000000e+00,0.000000000000000000e+00
CMxo,0.000000000000000000e+00,0.000000000000000000e+00,0.000000000000000000e+00,0.000000000000000000e+00,0.000000000000000000e+00,0.000000000000000000e+00,0.000000000000000000e+00,0.000000000000000000e+00,0.000000000000000000e+00,0.000000000000000000e+00,0.000000000000000000e+00,0.000000000000000000e+00,0.000000000000000000e+00,0.000000000000000000e+00,0.000000000000000000e+00,0.000000000000000000e+00,0.000000000000000000e+00,0.000000000000000000e+00,0.000000000000000000e+00,0.000000000000000000e+00,0.000000000000000000e+00,0.000000000000000000e+00,0.000000000000000000e+00,0.000000000000000000e+00,0.000000000000000000e+00
CMy,2.071651049409999890e-01,2.431928968419999892e-01,3.125393459660000262e-01,2.872057970099999857e-01,3.360828428029999926e-01,2.600841617030000275e-01,2.625335868170000087e-01,2.540046641750000056e-01,3.103879540180000118e-01,3.051540105780000123e-01,2.794091804139999802e-01,2.429735289269999987e-01,1.852146379600000115e-01,2.154117128830000116e-01,1.752082773770000101e-01,1.177139275299999982e-01,2.469221468600000038e-02,-5.236198624999999912e-02,-1.889354654060000083e-01,3.282515233030000035e-01,7.787871662100000203e-02,-1.150966044719999998e-01,3.142622418650000138e-01,8.041629190310000119e-01,2.334084342794000122e+00
CMyi,1.725013964529999999e-01,2.007700629999999986e-01,2.605997809230000128e-01,2.355112952279999894e-01,2.837881031969999857e-01,2.090303925139999908e-01,2.116740750789999903e-01,2.032497936419999929e-01,2.593771420689999774e-01,2.544405197819999964e-01,2.284915234730000022e-01,1.918422254569999985e-01,1.333682307819999968e-01,1.639382719820000056e-01,1.228589801650000063e-01,6.481926111400000690e-02,-2.892981385799999958e-02,-1.085041029430000026e-01,-2.501962543310000120e-01,2.705717739149999801e-01,8.041797571999999283e-03,-1.795340910659999900e-01,2.578109797859999830e-01,7.453721630030000211e-01,1.988965251765000053e+00
CMyo,3.466370848800000293e-02,4.242283384199999757e-02,5.193956504299999943e-02,5.169450178200000329e-02,5.229473960599999999e-02,5.105376918900000199e-02,5.085951173799999753e-02,5.075487053299999884e-02,5.101081194899999977e-02,5.071349079600000198e-02,5.091765694099999878e-02,5.113130347000000020e-02,5.184640717800000076e-02,5.147344090099999908e-02,5.234929721099999822e-02,5.289466641599999824e-02,5.362202854399999996e-02,5.614211669300000346e-02,6.126078892600000242e-02,5.767974938800000256e-02,6.983691904899999581e-02,6.443748659299999848e-02,5.645126207900000304e-02,5.879075602799999772e-02,3.451190910279999802e-01
CMz,0.000000000000000000e+00,0.000000000000000000e+00,0.000000000000000000e+00,0.000000000000000000e+00,0.000000000000000000e+00,0.000000000000000000e+00,0.000000000000000000e+00,0.000000000000000000e+00,0.000000000000000000e+00,0.000000000000000000e+00,0.000000000000000000e+00,0.000000000000000000e+00,0.000000000000000000e+00,0.000000000000000000e+00,0.000000000000000000e+00,0.000000000000000000e+00,0.000000000000000000e+00,0.000000000000000000e+00,0.000000000000000000e+00,0.000000000000000000e+00,0.000000000000000000e+00,0.000000000000000000e+00,0.000000000000000000e+00,0.000000000000000000e+00,0.000000000000000000e+00
CMzi,0.000000000000000000e+00,0.000000000000000000e+00,0.000000000000000000e+00,0.000000000000000000e+00,0.000000000000000000e+00,0.000000000000000000e+00,0.000000000000000000e+00,0.000000000000000000e+00,0.000000000000000000e+00,0.000000000000000000e+00,0.000000000000000000e+00,0.000000000000000000e+00,0.000000000000000000e+00,0.000000000000000000e+00,0.000000000000000000e+00,0.000000000000000000e+00,0.000000000000000000e+00,0.000000000000000000e+00,0.000000000000000000e+00,0.000000000000000000e+00,0.000000000000000000e+00,0.000000000000000000e+00,0.000000000000000000e+00,0.000000000000000000e+00,0.000000000000000000e+00
CMzo,0.000000000000000000e+00,0.000000000000000000e+00,0.000000000000000000e+00,0.000000000000000000e+00,0.000000000000000000e+00,0.000000000000000000e+00,0.000000000000000000e+00,0.000000000000000000e+00,0.000000000000000000e+00,0.000000000000000000e+00,0.000000000000000000e+00,0.000000000000000000e+00,0.000000000000000000e+00,0.000000000000000000e+00,0.000000000000000000e+00,0.000000000000000000e+00,0.000000000000000000e+00,0.000000000000000000e+00,0.000000000000000000e+00,0.000000000000000000e+00,0.000000000000000000e+00,0.000000000000000000e+00,0.000000000000000000e+00,0.000000000000000000e+00,0.000000000000000000e+00
CS,-1.376985502000000004e-03,-9.851022840000000190e-04,-1.350075881000000009e-03,-1.499891214999999950e-03,-9.197518569999999470e-04,-1.593570368999999926e-03,-1.793296753000000023e-03,-1.752651416000000108e-03,-1.688607116999999921e-03,-1.564089202999999900e-03,-1.512640812000000000e-03,-1.690679457999999958e-03,-1.524390548000000012e-03,-1.453393819000000069e-03,-1.401171728000000010e-03,-1.441449444999999985e-03,-1.517436664999999990e-03,-2.013518070999999882e-03,1.517691445000000005e-03,-1.110625219000000059e-03,-1.933774860000000116e-04,1.281856987000000014e-03,-9.429198859999999996e-04,7.424382070000000357e-04,-5.112381635999999757e-02
CSi,0.000000000000000000e+00,0.000000000000000000e+00,0.000000000000000000e+00,0.000000000000000000e+00,0.000000000000000000e+00,0.000000000000000000e+00,0.000000000000000000e+00,0.000000000000000000e+00,0.000000000000000000e+00,0.000000000000000000e+00,0.000000000000000000e+00,0.000000000000000000e+00,0.000000000000000000e+00,0.000000000000000000e+00,0.000000000000000000e+00,0.000000000000000000e+00,0.000000000000000000e+00,0.000000000000000000e+00,0.000000000000000000e+00,0.000000000000000000e+00,0.000000000000000000e+00,0.000000000000000000e+00,0.000000000000000000e+00,0.000000000000000000e+00,0.000000000000000000e+00
CSo,-1.376985502000000004e-03,-9.851022840000000190e-04,-1.350075881000000009e-03,-1.499891214999999950e-03,-9.197518569999999470e-04,-1.593570368999999926e-03,-1.793296753000000023e-03,-1.752651416000000108e-03,-1.688607116999999921e-03,-1.564089202999999900e-03,-1.512640812000000000e-03,-1.690679457999999958e-03,-1.524390548000000012e-03,-1.453393819000000069e-03,-1.401171728000000010e-03,-1.441449444999999985e-03,-1.517436664999999990e-03,-2.013518070999999882e-03,1.517691445000000005e-03,-1.110625219000000059e-03,-1.933774860000000116e-04,1.281856987000000014e-03,-9.429198859999999996e-04,7.424382070000000357e-04,-5.112381635999999757e-02
E,6.543508984510000293e-01,7.479495670239999505e-01,6.708607298680000497e-01,6.206336621850000457e-01,4.974752895949999809e-01,7.042826350949999981e-01,5.798601430859999795e-01,4.656013642180000245e-01,6.333411618600000015e-01,6.477267425720000249e-01,6.792674764660000530e-01,8.166604394449999971e-01,5.282133978880000358e-01,6.034554851850000290e-01,4.678208413070000238e-01,3.382967207040000202e-01,1.926905466430000047e-01,-5.962064574690000285e-01,-7.330000932899999322e-02,3.491305334800000326e-02,1.683853680999999880e-02,2.397123758900000096e-02,1.635101128500000001e-01,4.311597021599999913e-02,-6.620047817449999927e-01
FC_AoA_,0.000000000000000000e+00
FC_Beta_,0.000000000000000000e+00
FC_Bref_,1.300000000000000044e+00
FC_Cref_,3.200000000000000067e-01
FC_Mach_,1.000000000000000021e-03
FC_Pitch_Rate,0.000000000000000000e+00
FC_ReCref_,1.800000000000000000e+05
FC_Rho_,2.377000000000000206e-03
FC_Roll__Rate,0.000000000000000000e+00
FC_Sref_,4.159999999999999809e-01
FC_Vinf_,1.944999999999999929e+01
FC_Xcg_,0.000000000000000000e+00
FC_Yaw___Rate,0.000000000000000000e+00
FC_Ycg_,0.000000000000000000e+00
FC_Zcg_,5.000000000000000000e-01
L/D,-7.563187047728000323e+00,-7.307812504372999562e+00,-6.236154820789000297e+00,-6.010079737232000063e+00,-5.337093771711000301e+00,-6.354136401176999627e+00,-5.813958896423000233e+00,-5.228878210021999706e+00,-6.085079685224999757e+00,-6.169454263639999603e+00,-6.311172077718000040e+00,-6.796562438285000063e+00,-5.510084933129999918e+00,-5.893186558932000274e+00,-5.161606368170000181e+00,-4.374539675173999775e+00,-3.282739754810000132e+00,-8.873868665375999498e+00,0.000000000000000000e+00,-9.860082191319999856e-01,-6.931344999259999584e-01,-1.047022082703999990e+00,-2.598204318366999832e+00,-8.658587225749999616e-01,0.000000000000000000e+00
Mach,1.000000000000000021e-03,1.000000000000000021e-03,1.000000000000000021e-03,1.000000000000000021e-03,1.000000000000000021e-03,1.000000000000000021e-03,1.000000000000000021e-03,1.000000000000000021e-03,1.000000000000000021e-03,1.000000000000000021e-03,1.000000000000000021e-03,1.000000000000000021e-03,1.000000000000000021e-03,1.000000000000000021e-03,1.000000000000000021e-03,1.000000000000000021e-03,1.000000000000000021e-03,1.000000000000000021e-03,1.000000000000000021e-03,1.000000000000000021e-03,1.000000000000000021e-03,1.000000000000000021e-03,1.000000000000000021e-03,1.000000000000000021e-03,1.000000000000000021e-03
T/QS,0.000000000000000000e+00,0.000000000000000000e+00,0.000000000000000000e+00,0.000000000000000000e+00,0.000000000000000000e+00,0.000000000000000000e+00,0.000000000000000000e+00,0.000000000000000000e+00,0.000000000000000000e+00,0.000000000000000000e+00,0.000000000000000000e+00,0.000000000000000000e+00,0.000000000000000000e+00,0.000000000000000000e+00,0.000000000000000000e+00,0.000000000000000000e+00,0.000000000000000000e+00,0.000000000000000000e+00,0.000000000000000000e+00,0.000000000000000000e+00,0.000000000000000000e+00,0.000000000000000000e+00,0.000000000000000000e+00,0.000000000000000000e+00,0.000000000000000000e+00
WakeIter,1,2,3,4,5,6,7,8,9,10,11,12,13,14,15,16,17,18,19,20,21,22,23,24,25
Results_Name,VSPAERO_Polar
Results_Timestamp,1750872567
Results_Date,6,25,2025
Results_Time,19,29,27
Alpha,0.000000000000000000e+00
Beta,0.000000000000000000e+00
CDi,-6.261235227979999873e-01
CDo,3.270990298870000146e-01
CDt,7.245954286350000384e-01
CDtot,-2.990244929109999728e-01
CDtott,1.051694458522000053e+00
CFx,-2.990244929109999728e-01
CFy,0.000000000000000000e+00
CFz,-2.341056412932000175e+00
CL,-2.341056412932000175e+00
CMl,-0.000000000000000000e+00
CMm,2.334084342794000122e+00
CMn,-0.000000000000000000e+00
CMx,0.000000000000000000e+00
CMy,2.334084342794000122e+00
CMz,0.000000000000000000e+00
CS,-5.112381635999999757e-02
E,-1.436064145813999993e+00
Fopt,0.000000000000000000e+00
L_D,7.828978790796999654e+00
Mach,0.000000000000000000e+00
Re_1e6,1.799999999999999933e-01
Results_Name,VSPAERO_Load
Results_Timestamp,1750872567
Results_Date,6,25,2025
Results_Time,19,29,27
AnalysisMethod,0
Chord,3.199500000000000122e-01,3.199500000000000122e-01,3.199500000000000122e-01,3.199500000000000122e-01,3.199500000000000122e-01,3.199500000000000122e-01,3.199500000000000122e-01,3.199500000000000122e-01,3.199500000000000122e-01,3.199500000000000122e-01,3.199500000000000122e-01,3.199500000000000122e-01,3.199500000000000122e-01,3.199500000000000122e-01,1.292600000000000138e-01,1.292600000000000138e-01,1.292600000000000138e-01,1.292600000000000138e-01,1.292600000000000138e-01,1.292600000000000138e-01,1.292600000000000138e-01,1.292600000000000138e-01,1.292600000000000138e-01,1.292600000000000138e-01,1.292600000000000138e-01,1.292600000000000138e-01,1.292600000000000138e-01,1.292600000000000138e-01,4.500000000000000111e-01,4.500000000000000111e-01,4.500000000000000111e-01,4.500000000000000111e-01,4.500000000000000111e-01
FC_AoA_,0.000000000000000000e+00
FC_Beta_,0.000000000000000000e+00
FC_Bref_,1.300000000000000044e+00
FC_Cref_,3.200000000000000067e-01
FC_Mach_,1.000000000000000021e-03
FC_Pitch_Rate,0.000000000000000000e+00
FC_Rho_,2.377000000000000206e-03
FC_Roll__Rate,0.000000000000000000e+00
FC_Sref_,4.159999999999999809e-01
FC_Vinf_,1.944999999999999929e+01
FC_Xcg_,0.000000000000000000e+00
FC_Yaw___Rate,0.000000000000000000e+00
FC_Ycg_,0.000000000000000000e+00
FC_Zcg_,5.000000000000000000e-01
S,6.063000000000000334e-02,1.550600000000000034e-01,2.226499999999999868e-01,2.902500000000000080e-01,3.578399999999999914e-01,4.254399999999999848e-01,4.930300000000000238e-01,5.606299999999999617e-01,6.282299999999999551e-01,6.958199999999999941e-01,7.634199999999999875e-01,8.310100000000000264e-01,8.986100000000000199e-01,9.661999999999999478e-01,3.091999999999999957e-02,9.793000000000000316e-02,1.700899999999999912e-01,2.422600000000000031e-01,3.144199999999999773e-01,3.865899999999999892e-01,4.587600000000000011e-01,5.309199999999999475e-01,6.030900000000000150e-01,6.752500000000000169e-01,7.474199999999999733e-01,8.195900000000000407e-01,8.917500000000000426e-01,9.639199999999999990e-01,2.430400000000000060e-01,5.503099999999999659e-01,6.787900000000000045e-01,8.072799999999999976e-01,9.357600000000000362e-01
V/Vref,1.190379999999999994e+00,1.182609999999999939e+00,1.184090000000000087e+00,1.183240000000000069e+00,1.179370000000000029e+00,1.179149999999999920e+00,1.174779999999999935e+00,1.174490000000000034e+00,1.170749999999999957e+00,1.167929999999999913e+00,1.166420000000000012e+00,1.186630000000000074e+00,1.217649999999999899e+00,1.248180000000000067e+00,1.215680000000000094e+00,1.207060000000000022e+00,1.193259999999999987e+00,1.190849999999999964e+00,1.174090000000000078e+00,1.172539999999999916e+00,1.163350000000000106e+00,1.165340000000000042e+00,1.162870000000000070e+00,1.162109999999999976e+00,1.164250000000000007e+00,1.167459999999999942e+00,1.196290000000000076e+00,1.268829999999999902e+00,9.427200000000000024e-01,1.045239999999999947e+00,1.366840000000000055e+00,1.062200000000000033e+00,9.643199999999999550e-01
WingId,1,1,1,1,1,1,1,1,1,1,1,1,1,1,2,2,2,2,2,2,2,2,2,2,2,2,2,2,3,3,3,3,3
Xavg,3.199500000000000122e-01,3.199500000000000122e-01,3.199500000000000122e-01,3.199500000000000122e-01,3.199500000000000122e-01,3.199500000000000122e-01,3.199500000000000122e-01,3.199500000000000122e-01,3.199500000000000122e-01,3.199500000000000122e-01,3.199500000000000122e-01,3.199500000000000122e-01,3.199500000000000122e-01,3.199500000000000122e-01,2.250900000000000123e-01,2.250900000000000123e-01,2.250900000000000123e-01,2.250900000000000123e-01,2.250900000000000123e-01,2.250900000000000123e-01,2.250900000000000123e-01,2.250900000000000123e-01,2.250900000000000123e-01,2.250900000000000123e-01,2.250900000000000123e-01,2.250900000000000123e-01,2.250900000000000123e-01,2.250900000000000123e-01,3.850000000000000089e-01,3.850000000000000089e-01,3.850000000000000089e-01,3.850000000000000089e-01,3.850000000000000089e-01
Yavg,2.321000000000000146e-02,6.963999999999999357e-02,1.160700000000000065e-01,1.625000000000000056e-01,2.089300000000000046e-01,2.553599999999999759e-01,3.017900000000000027e-01,3.482100000000000195e-01,3.946399999999999908e-01,4.410700000000000176e-01,4.874999999999999889e-01,5.339300000000000157e-01,5.803599999999999870e-01,6.267899999999999583e-01,2.321000000000000146e-02,6.963999999999999357e-02,1.160700000000000065e-01,1.625000000000000056e-01,2.089300000000000046e-01,2.553599999999999759e-01,3.017900000000000027e-01,3.482100000000000195e-01,3.946399999999999908e-01,4.410700000000000176e-01,4.874999999999999889e-01,5.339300000000000157e-01,5.803599999999999870e-01,6.267899999999999583e-01,6.500000000000000222e-01,6.500000000000000222e-01,6.500000000000000222e-01,6.500000000000000222e-01,6.500000000000000222e-01
Zavg,7.949600000000000000e-01,7.949600000000000000e-01,7.949600000000000000e-01,7.949600000000000000e-01,7.949600000000000000e-01,7.949600000000000000e-01,7.949600000000000000e-01,7.949600000000000000e-01,7.949600000000000000e-01,7.949600000000000000e-01,7.949600000000000000e-01,7.949600000000000000e-01,7.949600000000000000e-01,7.949600000000000000e-01,8.310999999999999499e-01,8.310999999999999499e-01,8.310999999999999499e-01,8.310999999999999499e-01,8.310999999999999499e-01,8.310999999999999499e-01,8.310999999999999499e-01,8.310999999999999499e-01,8.310999999999999499e-01,8.310999999999999499e-01,8.310999999999999499e-01,8.310999999999999499e-01,8.310999999999999499e-01,8.310999999999999499e-01,7.700000000000000178e-01,8.000000000000000444e-01,8.299999999999999600e-01,8.599999999999999867e-01,8.900000000000000133e-01
cd,6.217000000000000304e-02,6.457999999999999852e-02,6.446999999999999953e-02,6.708000000000000074e-02,6.822000000000000286e-02,6.925000000000000600e-02,7.073999999999999733e-02,7.292999999999999483e-02,8.316999999999999393e-02,8.820000000000000062e-02,8.731999999999999484e-02,8.715000000000000524e-02,-1.529200000000000004e-01,7.582900000000000418e+00,-9.492000000000000437e-02,-1.110600000000000059e-01,-1.037499999999999950e-01,-1.251400000000000012e-01,-1.236099999999999977e-01,-1.246300000000000047e-01,-1.242599999999999955e-01,-1.195500000000000035e-01,-1.183300000000000046e-01,-9.496000000000000274e-02,-1.024800000000000016e-01,-8.838999999999999635e-02,-5.673999999999999877e-02,5.016000000000000320e-02,2.770999999999999852e-02,-1.736815999999999960e+01,-1.162560000000000038e+00,2.692899999999999738e-01,-2.094999999999999987e-02
cd*c/cref,6.216028593750000386e-02,6.456990937499999805e-02,6.445992656250000563e-02,6.706951875000000118e-02,6.820934062500000339e-02,6.923917968750001317e-02,7.072894687500000388e-02,7.291860468749999935e-02,8.315700468749999408e-02,8.818621875000000332e-02,8.730635624999999456e-02,8.713638281250001005e-02,-1.528961062499999968e-01,7.581715171875000436e+00,-3.834174750000000909e-02,-4.486129875000000738e-02,-4.190851562500000349e-02,-5.054873875000000932e-02,-4.993071437500000431e-02,-5.034273062500001228e-02,-5.019327375000000313e-02,-4.829072812500000839e-02,-4.779792437500000879e-02,-3.835790500000000464e-02,-4.139551500000000772e-02,-3.570403562500000516e-02,-2.291941375000000267e-02,2.026150500000000604e-02,3.896718750000000009e-02,-2.442397499999999866e+01,-1.634850000000000136e+00,3.786890624999999511e-01,-2.946093749999999928e-02
cl,8.113000000000000211e-01,8.014499999999999957e-01,7.872099999999999653e-01,7.741099999999999648e-01,7.533199999999999896e-01,7.351799999999999446e-01,7.122100000000000097e-01,6.911399999999999766e-01,6.331700000000000106e-01,5.910900000000000043e-01,5.863899999999999668e-01,4.670000000000000262e-01,1.308359999999999967e+00,1.350399999999999934e-01,-3.639369999999999994e+00,-3.647670000000000190e+00,-3.658389999999999809e+00,-3.652719999999999967e+00,-3.644870000000000054e+00,-3.629410000000000025e+00,-3.610910000000000064e+00,-3.593090000000000117e+00,-3.579520000000000035e+00,-3.586250000000000160e+00,-3.609370000000000189e+00,-3.638069999999999915e+00,-3.726820000000000022e+00,-3.847500000000000142e+00,1.052261000000000024e+01,-9.956229999999999691e+00,-2.206918999999999897e+01,-1.713850000000000096e+00,-1.234999999999999987e-01
cl*c/cref,8.111732343749999963e-01,8.013247734374999709e-01,7.870869984374999628e-01,7.739890453125000125e-01,7.532022937500000292e-01,7.350651281250000224e-01,7.120987171875000632e-01,6.910320093749999781e-01,6.330710671875000584e-01,5.909976421875000607e-01,5.862983765624999455e-01,4.669270312500000131e-01,1.308155568749999942e+00,1.350188999999999973e-01,-1.470078019375000267e+00,-1.473430700625000256e+00,-1.477760910625000035e+00,-1.475470585000000279e+00,-1.472299675625000193e+00,-1.466054801875000146e+00,-1.458581958125000133e+00,-1.451383791875000329e+00,-1.445902360000000275e+00,-1.448620859375000292e+00,-1.457959894375000287e+00,-1.469552900625000103e+00,-1.505402353750000310e+00,-1.554149531250000216e+00,1.479742031249999989e+01,-1.400094843749999995e+01,-3.103479843749999745e+01,-2.410101562499999961e+00,-1.736718750000000033e-01
cmx,5.906999999999999751e-02,1.748099999999999932e-01,2.858299999999999730e-01,3.934699999999999864e-01,4.921900000000000164e-01,5.869999999999999662e-01,6.717400000000000038e-01,7.509799999999999809e-01,7.783400000000000318e-01,8.122899999999999565e-01,8.872900000000000231e-01,7.352899999999999991e-01,-1.425140000000000073e+00,-3.671129999999999782e+00,-6.534400000000000208e-01,-1.964720000000000022e+00,-3.284720000000000084e+00,-4.591750000000000220e+00,-5.891350000000000087e+00,-7.170350000000000001e+00,-8.431119999999999948e+00,-9.680320000000000036e+00,-1.092925999999999931e+01,-1.223776999999999937e+01,-1.361308000000000007e+01,-1.502853999999999957e+01,-1.674361000000000033e+01,-1.866920999999999964e+01,2.982338000000000022e+01,-1.224198999999999948e+01,-4.079158000000000328e+01,-3.523629999999999818e+00,-4.870200000000000085e-01
cmx*c/cref,5.906077031249999665e-02,1.747826859374999875e-01,2.857853390624999768e-01,3.934085203125000096e-01,4.921130953125000262e-01,5.869082812499999413e-01,6.716350406250000127e-01,7.508626593749999634e-01,7.782183843750000163e-01,8.121630796875000113e-01,8.871513609375000220e-01,7.351751109374999871e-01,-1.424917321875000198e+00,-3.670556385937500110e+00,-2.639489200000000313e-01,-7.936240850000001457e-01,-1.326821585000000248e+00,-1.854780015625000278e+00,-2.379737190625000220e+00,-2.896373253125000602e+00,-3.405645535000000557e+00,-3.910244260000000693e+00,-4.414737961250000176e+00,-4.943294219375000687e+00,-5.498833502500001025e+00,-6.070590876250000711e+00,-6.763371964375001433e+00,-7.541194014375000698e+00,4.193912812500000342e+01,-1.721529843749999955e+01,-5.736315937500000217e+01,-4.955104687499999550e+00,-6.848718750000000188e-01
cmy,-3.352800000000000225e-01,-3.260700000000000265e-01,-3.157499999999999751e-01,-3.023700000000000276e-01,-2.839700000000000002e-01,-2.657599999999999962e-01,-2.410400000000000043e-01,-2.105100000000000027e-01,-1.224800000000000055e-01,-6.479000000000000037e-02,-6.360000000000000375e-02,1.036799999999999944e-01,-1.409720000000000084e+00,7.592990000000000350e+00,5.310649999999999871e+00,5.288509999999999600e+00,5.320190000000000197e+00,5.258329999999999949e+00,5.250799999999999912e+00,5.224429999999999907e+00,5.196390000000000065e+00,5.182479999999999976e+00,5.167340000000000266e+00,5.238430000000000142e+00,5.255580000000000140e+00,5.331249999999999822e+00,5.569630000000000081e+00,6.129229999999999734e+00,-1.219508000000000081e+01,-4.642899999999999805e-01,2.347859000000000052e+01,1.337620000000000031e+00,9.909999999999999365e-02
cmy*c/cref,-3.352276125000000495e-01,-3.260190515625000507e-01,-3.157006640624999694e-01,-3.023227546875000282e-01,-2.839256296875000141e-01,-2.657184750000000095e-01,-2.410023375000000245e-01,-2.104771078125000083e-01,-1.224608625000000034e-01,-6.477987656250000503e-02,-6.359006250000000249e-02,1.036638000000000004e-01,-1.409499731250000165e+00,7.591803595312500264e+00,2.145170684375000469e+00,2.136227508125000174e+00,2.149024248125000369e+00,2.124036674375000100e+00,2.120995025000000478e+00,2.110343193125000294e+00,2.099016785625000381e+00,2.093398015000000445e+00,2.087282401250000419e+00,2.115998318125000388e+00,2.122925846250000248e+00,2.153491796875000031e+00,2.249782418125000572e+00,2.475825843125000425e+00,-1.714933124999999947e+01,-6.529078124999999622e-01,3.301676718750000106e+01,1.881028125000000051e+00,1.393593749999999798e-01
cmz,-4.740000000000000289e-03,-1.443999999999999971e-02,-2.364000000000000129e-02,-3.436000000000000165e-02,-4.485000000000000098e-02,-5.553999999999999909e-02,-6.673999999999999377e-02,-7.775999999999999579e-02,-9.883999999999999730e-02,-1.181299999999999989e-01,-1.247000000000000053e-01,-8.014000000000000290e-02,6.065719999999999779e+00,-9.153900000000000148e+00,1.694999999999999979e-02,5.949999999999999734e-02,9.271999999999999686e-02,1.569800000000000084e-01,1.996199999999999919e-01,2.462900000000000089e-01,2.903999999999999915e-01,3.224600000000000244e-01,3.614999999999999880e-01,3.241100000000000092e-01,3.865700000000000247e-01,3.654000000000000026e-01,2.630299999999999860e-01,-2.359999999999999876e-01,-2.879825999999999908e+01,1.799489000000000161e+01,1.569768999999999970e+01,7.701599999999999557e-01,3.284900000000000042e-01
cmz*c/cref,-4.739259375000000676e-03,-1.443774375000000075e-02,-2.363630625000000263e-02,-3.435463125000000340e-02,-4.484299218749999982e-02,-5.553132187499999761e-02,-6.672957187499999054e-02,-7.774784999999999335e-02,-9.882455625000000077e-02,-1.181115421875000016e-01,-1.246805156250000157e-01,-8.012747812500001232e-02,6.064772231250000090e+00,-9.152469703124999967e+00,6.846740625000001003e-03,2.403428125000000096e-02,3.745308500000000401e-02,6.341010875000001323e-02,8.063400375000000231e-02,9.948576687500002014e-02,1.173034500000000174e-01,1.302536862500000281e-01,1.460234062500000152e-01,1.309201831250000336e-01,1.561501193750000349e-01,1.475987625000000358e-01,1.062476806250000072e-01,-9.532925000000000426e-02,-4.049755312499999604e+01,2.530531406250000259e+01,2.207487656249999830e+01,1.083037499999999875e+00,4.619390624999999972e-01
cs,-2.200000000000000078e-04,-3.699999999999999947e-04,-2.700000000000000035e-04,-3.099999999999999999e-04,-3.200000000000000262e-04,-2.599999999999999772e-04,1.000000000000000082e-05,1.280000000000000105e-03,2.749999999999999840e-03,2.680000000000000090e-03,6.300000000000000044e-03,4.592000000000000248e-02,4.020800000000000374e+00,3.980129999999999946e+00,-5.000000000000000240e-05,-2.000000000000000096e-04,-2.300000000000000070e-04,-1.800000000000000113e-04,-9.000000000000000567e-05,4.000000000000000327e-05,1.600000000000000131e-04,2.300000000000000070e-04,1.200000000000000030e-04,4.000000000000000327e-05,2.000000000000000164e-05,1.800000000000000113e-04,4.460000000000000422e-03,4.279999999999999950e-03,-2.313557000000000130e+01,-4.874520000000000408e+00,1.263713000000000086e+01,1.324869999999999992e+00,3.590400000000000258e-01
cs*c/cref,-2.199656250000000222e-04,-3.699421875000000128e-04,-2.699578125000000372e-04,-3.099515625000000166e-04,-3.199500000000000521e-04,-2.599593750000000016e-04,9.998437500000001627e-06,1.279800000000000208e-03,2.749570312500000061e-03,2.679581250000000192e-03,6.299015625000000361e-03,4.591282500000000433e-02,4.020171750000000266e+00,3.979508104687500047e+00,-2.019687500000000473e-05,-8.078750000000001891e-05,-9.290562500000001565e-05,-7.270875000000002108e-05,-3.635437500000001054e-05,1.615750000000000243e-05,6.463000000000000971e-05,9.290562500000001565e-05,4.847250000000000728e-05,1.615750000000000243e-05,8.078750000000001213e-06,7.270875000000002108e-05,1.801561250000000437e-03,1.728852500000000294e-03,-3.253439531250000272e+01,-6.854793750000000685e+00,1.777096406250000271e+01,1.863098437499999926e+00,5.049000000000000155e-01
cx,6.217000000000000304e-02,6.457999999999999852e-02,6.446999999999999953e-02,6.708000000000000074e-02,6.822000000000000286e-02,6.925000000000000600e-02,7.073999999999999733e-02,7.292999999999999483e-02,8.316999999999999393e-02,8.820000000000000062e-02,8.731999999999999484e-02,8.715000000000000524e-02,-1.529200000000000004e-01,7.582900000000000418e+00,-9.492000000000000437e-02,-1.110600000000000059e-01,-1.037499999999999950e-01,-1.251400000000000012e-01,-1.236099999999999977e-01,-1.246300000000000047e-01,-1.242599999999999955e-01,-1.195500000000000035e-01,-1.183300000000000046e-01,-9.496000000000000274e-02,-1.024800000000000016e-01,-8.838999999999999635e-02,-5.673999999999999877e-02,5.016000000000000320e-02,2.770999999999999852e-02,-1.736815999999999960e+01,-1.162560000000000038e+00,2.692899999999999738e-01,-2.094999999999999987e-02
cx*c/cref,6.216028593750000386e-02,6.456990937499999805e-02,6.445992656250000563e-02,6.706951875000000118e-02,6.820934062500000339e-02,6.923917968750001317e-02,7.072894687500000388e-02,7.291860468749999935e-02,8.315700468749999408e-02,8.818621875000000332e-02,8.730635624999999456e-02,8.713638281250001005e-02,-1.528961062499999968e-01,7.581715171875000436e+00,-3.834174750000000909e-02,-4.486129875000000738e-02,-4.190851562500000349e-02,-5.054873875000000932e-02,-4.993071437500000431e-02,-5.034273062500001228e-02,-5.019327375000000313e-02,-4.829072812500000839e-02,-4.779792437500000879e-02,-3.835790500000000464e-02,-4.139551500000000772e-02,-3.570403562500000516e-02,-2.291941375000000267e-02,2.026150500000000604e-02,3.896718750000000009e-02,-2.442397499999999866e+01,-1.634850000000000136e+00,3.786890624999999511e-01,-2.946093749999999928e-02
cy,-2.200000000000000078e-04,-3.699999999999999947e-04,-2.700000000000000035e-04,-3.099999999999999999e-04,-3.200000000000000262e-04,-2.599999999999999772e-04,1.000000000000000082e-05,1.280000000000000105e-03,2.749999999999999840e-03,2.680000000000000090e-03,6.300000000000000044e-03,4.592000000000000248e-02,4.020800000000000374e+00,3.980129999999999946e+00,-5.000000000000000240e-05,-2.000000000000000096e-04,-2.300000000000000070e-04,-1.800000000000000113e-04,-9.000000000000000567e-05,4.000000000000000327e-05,1.600000000000000131e-04,2.300000000000000070e-04,1.200000000000000030e-04,4.000000000000000327e-05,2.000000000000000164e-05,1.800000000000000113e-04,4.460000000000000422e-03,4.279999999999999950e-03,-2.313557000000000130e+01,-4.874520000000000408e+00,1.263713000000000086e+01,1.324869999999999992e+00,3.590400000000000258e-01
cy*c/cref,-2.199656250000000222e-04,-3.699421875000000128e-04,-2.699578125000000372e-04,-3.099515625000000166e-04,-3.199500000000000521e-04,-2.599593750000000016e-04,9.998437500000001627e-06,1.279800000000000208e-03,2.749570312500000061e-03,2.679581250000000192e-03,6.299015625000000361e-03,4.591282500000000433e-02,4.020171750000000266e+00,3.979508104687500047e+00,-2.019687500000000473e-05,-8.078750000000001891e-05,-9.290562500000001565e-05,-7.270875000000002108e-05,-3.635437500000001054e-05,1.615750000000000243e-05,6.463000000000000971e-05,9.290562500000001565e-05,4.847250000000000728e-05,1.615750000000000243e-05,8.078750000000001213e-06,7.270875000000002108e-05,1.801561250000000437e-03,1.728852500000000294e-03,-3.253439531250000272e+01,-6.854793750000000685e+00,1.777096406250000271e+01,1.863098437499999926e+00,5.049000000000000155e-01
cz,8.113000000000000211e-01,8.014499999999999957e-01,7.872099999999999653e-01,7.741099999999999648e-01,7.533199999999999896e-01,7.351799999999999446e-01,7.122100000000000097e-01,6.911399999999999766e-01,6.331700000000000106e-01,5.910900000000000043e-01,5.863899999999999668e-01,4.670000000000000262e-01,1.308359999999999967e+00,1.350399999999999934e-01,-3.639369999999999994e+00,-3.647670000000000190e+00,-3.658389999999999809e+00,-3.652719999999999967e+00,-3.644870000000000054e+00,-3.629410000000000025e+00,-3.610910000000000064e+00,-3.593090000000000117e+00,-3.579520000000000035e+00,-3.586250000000000160e+00,-3.609370000000000189e+00,-3.638069999999999915e+00,-3.726820000000000022e+00,-3.847500000000000142e+00,1.052261000000000024e+01,-9.956229999999999691e+00,-2.206918999999999897e+01,-1.713850000000000096e+00,-1.234999999999999987e-01
cz*c/cref,8.111732343749999963e-01,8.013247734374999709e-01,7.870869984374999628e-01,7.739890453125000125e-01,7.532022937500000292e-01,7.350651281250000224e-01,7.120987171875000632e-01,6.910320093749999781e-01,6.330710671875000584e-01,5.909976421875000607e-01,5.862983765624999455e-01,4.669270312500000131e-01,1.308155568749999942e+00,1.350188999999999973e-01,-1.470078019375000267e+00,-1.473430700625000256e+00,-1.477760910625000035e+00,-1.475470585000000279e+00,-1.472299675625000193e+00,-1.466054801875000146e+00,-1.458581958125000133e+00,-1.451383791875000329e+00,-1.445902360000000275e+00,-1.448620859375000292e+00,-1.457959894375000287e+00,-1.469552900625000103e+00,-1.505402353750000310e+00,-1.554149531250000216e+00,1.479742031249999989e+01,-1.400094843749999995e+01,-3.103479843749999745e+01,-2.410101562499999961e+00,-1.736718750000000033e-01
Results_Name,VSPAERO_Comp_Load
Results_Timestamp,1750872567
Results_Date,6,25,2025
Results_Time,19,29,27
AoA,0.000000000000000000e+00,0.000000000000000000e+00,0.000000000000000000e+00,0.000000000000000000e+00,0.000000000000000000e+00
Beta,0.000000000000000000e+00,0.000000000000000000e+00,0.000000000000000000e+00,0.000000000000000000e+00,0.000000000000000000e+00
CDi,0.000000000000000000e+00,2.988299999999999845e-01,-1.949999999999999997e-02,-5.924000000000000377e-01,0.000000000000000000e+00
CFx,0.000000000000000000e+00,2.988299999999999845e-01,-1.949999999999999997e-02,-5.924000000000000377e-01,0.000000000000000000e+00
CFy,0.000000000000000000e+00,2.895900000000000141e-01,1.299999999999999886e-04,-4.442400000000000237e-01,0.000000000000000000e+00
CFz,0.000000000000000000e+00,3.517199999999999771e-01,-7.442999999999999616e-01,-7.574300000000000477e-01,0.000000000000000000e+00
CL,0.000000000000000000e+00,3.517199999999999771e-01,-7.442999999999999616e-01,-7.574300000000000477e-01,0.000000000000000000e+00
Cmx,0.000000000000000000e+00,1.354999999999999954e-02,-1.867900000000000116e-01,-3.057799999999999963e-01,3.480000000000000020e-03
Cmy,0.000000000000000000e+00,1.349400000000000044e-01,4.399399999999999977e-01,5.593099999999999739e-01,-1.396999999999999909e-01
Cmz,0.000000000000000000e+00,-3.389000000000000346e-02,4.129999999999999991e-03,6.732000000000000484e-02,-1.430000000000000064e-03
Comp_ID,0,1,2,3,4
Comp_Name,NONE,WingGeom_main,WingGeom_sec,WingGeom_endplate,Musetto
Cs,0.000000000000000000e+00,2.895900000000000141e-01,1.299999999999999886e-04,-4.442400000000000237e-01,0.000000000000000000e+00
Mach,1.000000000000000021e-03,1.000000000000000021e-03,1.000000000000000021e-03,1.000000000000000021e-03,1.000000000000000021e-03
Results_Name,CpSlice_Wrapper
Results_Timestamp,1750872568
Results_Date,6,25,2025
Results_Time,19,29,28
CpSlice_Case_ID_Vec,CDNMOAV
Num_Cuts,1
