"Iteration","CpT_flap2 Monitor: CpT_flap2 Monitor"
1.0,4.150325374730721
2.0,3.282539382316532
3.0,0.28333396989029463
4.0,-0.0962131157793751
5.0,-0.9449704181934969
6.0,-0.9293402665870182
7.0,-0.9346592716473865
8.0,-0.9348428603880475
9.0,-0.9170961417008566
10.0,-0.8366294189706459
11.0,-0.8811276738258674
12.0,-0.7902629720509768
13.0,-0.7312013948194827
14.0,-0.7058800989799243
15.0,-0.4731055545457241
16.0,-0.26457450099535385
17.0,-0.2337086994767449
18.0,-0.12173395758826265
19.0,-0.1258234908591555
20.0,-0.17879367677768368
21.0,-0.18892413954310427
22.0,-0.29568303980118205
23.0,-0.313011137723267
24.0,-0.32757817879733836
25.0,-0.41355119936707796
26.0,-0.4233383375234775
27.0,-0.4265377989516831
28.0,-0.4247697482771222
29.0,-0.4146123604828373
30.0,-0.40856153215539714
31.0,-0.39859829692649146
32.0,-0.3759327696056702
33.0,-0.3644752980182241
34.0,-0.34219054791324516
35.0,-0.33109900093475364
36.0,-0.3103645989095314
37.0,-0.29459308912721677
38.0,-0.2855640237961556
39.0,-0.2792594228995414
40.0,-0.27542321366152156
41.0,-0.27361402926742934
42.0,-0.2738674328978249
43.0,-0.2748732055493196
44.0,-0.2768312462243395
45.0,-0.2789089021892379
46.0,-0.2839467711255333
47.0,-0.28743713304774393
48.0,-0.2909091389408144
49.0,-0.29472771886331894
50.0,-0.3022511949432992
51.0,-0.3064389449515114
52.0,-0.3100993017221256
53.0,-0.31291410058246977
54.0,-0.31450757178432065
55.0,-0.3139519005466579
56.0,-0.31104536735893773
57.0,-0.3088231856525078
58.0,-0.3056178698630379
59.0,-0.301619660616312
60.0,-0.2971464534554644
61.0,-0.29230310512177254
62.0,-0.2861784254328984
63.0,-0.2815093728395603
64.0,-0.27668735485448304
65.0,-0.2719287853806832
66.0,-0.26733937276664876
67.0,-0.26277724602253677
68.0,-0.25866258399588865
69.0,-0.2551303680742274
70.0,-0.25128046790491476
71.0,-0.24942782223796042
72.0,-0.24833686335118868
73.0,-0.24786461178216568
74.0,-0.24787991988933514
75.0,-0.24835441377603926
76.0,-0.2488317252421518
77.0,-0.24953737880125626
78.0,-0.2505288911639138
79.0,-0.2514139221941004
80.0,-0.2522540134534692
81.0,-0.2534743007781404
82.0,-0.25454506951343076
83.0,-0.25495014020094847
84.0,-0.2544818180882705
85.0,-0.25194420516160165
86.0,-0.2497428722332878
87.0,-0.24644252588524757
88.0,-0.2390643013140367
89.0,-0.2261860937906356
90.0,-0.22313745975751945
91.0,-0.21690884872735713
92.0,-0.2144832885192956
93.0,-0.2092938611257891
94.0,-0.20825466798237835
95.0,-0.20625883704394543
96.0,-0.20644087051241164
97.0,-0.2086071235471288
98.0,-0.20927324268534267
99.0,-0.21155355544946958
100.0,-0.21264368465462916
101.0,-0.21447287224696363
102.0,-0.2171775255399182
103.0,-0.21929300296535237
104.0,-0.2240494594803931
105.0,-0.22736754925730612
106.0,-0.23431902897375553
107.0,-0.2383484621075891
108.0,-0.24623608384768772
109.0,-0.25011101923631446
110.0,-0.2569319328313457
111.0,-0.2623836360868696
112.0,-0.2648119451414976
113.0,-0.2689694415899215
114.0,-0.2703661169307776
115.0,-0.27201409027078854
116.0,-0.27335468835211796
117.0,-0.27397813231507734
118.0,-0.2742020384521801
119.0,-0.2743215220733169
120.0,-0.2741274319118428
121.0,-0.27454032416136803
122.0,-0.2751783046072481
123.0,-0.27600761011776065
124.0,-0.27708728908787555
125.0,-0.2784318184859349
126.0,-0.27982909709864745
127.0,-0.2811476946263352
128.0,-0.2828379439203113
129.0,-0.2837641659377975
130.0,-0.2844656872931979
131.0,-0.2847473273476992
132.0,-0.28441297028894047
133.0,-0.2839378709895924
134.0,-0.28307700345757064
135.0,-0.2816548607903903
136.0,-0.2808261144693932
137.0,-0.27989061947452776
138.0,-0.2793637666842684
139.0,-0.27935634175190516
140.0,-0.27962516141488325
141.0,-0.2802038632598854
142.0,-0.2811376620005954
143.0,-0.2822947394271054
144.0,-0.2836303333979892
145.0,-0.2848302213983487
146.0,-0.2861284735156428
147.0,-0.2879822221119254
148.0,-0.2890853860525349
149.0,-0.2906482711761781
150.0,-0.29136694395021906
151.0,-0.29226357259432795
152.0,-0.29257482468958645
153.0,-0.29279892568741783
154.0,-0.292618647863963
155.0,-0.29151977176274274
156.0,-0.2907386251300489
157.0,-0.2890336194723352
158.0,-0.28781570938304585
159.0,-0.28558241558338704
160.0,-0.2844524225201294
161.0,-0.2829917218073499
162.0,-0.2820686150952103
163.0,-0.28106207106411435
164.0,-0.2806063391335196
165.0,-0.2805122237840706
166.0,-0.2807682715601884
167.0,-0.2815081770619374
168.0,-0.28248538411665225
169.0,-0.2839633007352104
170.0,-0.28589595605547896
171.0,-0.28912073032970276
172.0,-0.29390305696203
173.0,-0.29750398382636156
174.0,-0.30240204394413356
175.0,-0.3050321958685017
176.0,-0.3101116774712405
177.0,-0.31250429731869594
178.0,-0.3165817469465784
179.0,-0.3184267619195653
180.0,-0.3202091788295646
181.0,-0.3227580201021845
182.0,-0.3236383527487008
183.0,-0.3244557780578827
184.0,-0.32514586139905866
185.0,-0.3250682568421755
186.0,-0.3243997770075283
187.0,-0.32247461998496474
188.0,-0.32021486576006775
189.0,-0.3157647213404402
190.0,-0.31246380278270286
191.0,-0.30932847891597715
192.0,-0.306603017959747
193.0,-0.3042361546756472
194.0,-0.30341383786862247
195.0,-0.30278526352906776
196.0,-0.30273047180663604
197.0,-0.303332999900592
198.0,-0.3047185936766723
199.0,-0.30589812002355754
200.0,-0.3085236060787722
201.0,-0.31311795458576247
202.0,-0.3156966748418662
203.0,-0.3214198609532051
204.0,-0.3244972402315649
205.0,-0.3294233137207808
206.0,-0.33434980678572257
207.0,-0.3391137991245027
208.0,-0.3438320834578366
209.0,-0.3484735809936548
210.0,-0.3516151320545116
211.0,-0.3557056158476845
212.0,-0.3583945262880094
213.0,-0.3618541862524316
214.0,-0.36407031815723306
215.0,-0.3661944957024136
216.0,-0.3688108350715523
217.0,-0.3704527110367807
218.0,-0.3720350527291613
219.0,-0.3739217788605666
220.0,-0.3749860395510993
221.0,-0.37621600811222905
222.0,-0.37698976925148875
223.0,-0.37726268251075223
224.0,-0.37690167095126675
225.0,-0.376264387365336
226.0,-0.37255151782528384
227.0,-0.3718653758552711
228.0,-0.36957728221752706
229.0,-0.36841301108350627
230.0,-0.3662349528453476
231.0,-0.36502874363774657
232.0,-0.36407978766721455
233.0,-0.36333653123958665
234.0,-0.3629135140989145
235.0,-0.3629544728531557
236.0,-0.3632283637416513
237.0,-0.3637098480858171
238.0,-0.36430434244384063
239.0,-0.36466355958078095
240.0,-0.36582432956742356
241.0,-0.36642813161148496
242.0,-0.36762177016045194
243.0,-0.36854112991332305
244.0,-0.37028981591669224
245.0,-0.3714062440621974
246.0,-0.37278824430697005
247.0,-0.3749156290220623
248.0,-0.3762586913465562
249.0,-0.379327762639736
250.0,-0.38042074813201804
251.0,-0.38181712263228496
252.0,-0.3847108186590441
253.0,-0.38578289537362276
254.0,-0.38774321718185406
255.0,-0.3901559391774348
256.0,-0.3911813509042056
257.0,-0.3934096922400238
258.0,-0.3951061118971401
259.0,-0.39593738808150974
260.0,-0.39763078712730976
261.0,-0.39889853350642973
262.0,-0.3997963937639677
263.0,-0.4007920276282978
264.0,-0.40199723464726295
265.0,-0.40275426990366436
266.0,-0.4038192054403565
267.0,-0.40464644033071995
268.0,-0.4053178260009105
269.0,-0.40618300788897715
270.0,-0.40691304720212684
271.0,-0.4073987546934983
272.0,-0.40877329493165804
273.0,-0.40915143698941414
274.0,-0.4100564537375857
275.0,-0.4109884141860022
276.0,-0.4119687003166697
277.0,-0.4133063160352512
278.0,-0.41390809310287013
279.0,-0.4151176558187476
280.0,-0.41655777808500877
281.0,-0.4171721851576309
282.0,-0.41873518405146426
283.0,-0.419930014122554
284.0,-0.4205653266834887
285.0,-0.422091074153596
286.0,-0.4231983318406366
287.0,-0.4239885374303699
288.0,-0.42490721253836605
289.0,-0.4260976252897061
290.0,-0.42708858021249163
291.0,-0.4278365020453018
292.0,-0.4287333944058462
293.0,-0.42989313988749195
294.0,-0.43063128260233124
295.0,-0.43173589590500455
296.0,-0.43245033153386153
297.0,-0.4333009389248618
298.0,-0.4343424911536566
299.0,-0.43503845928026214
300.0,-0.4360902074840375
301.0,-0.4367795729126072
302.0,-0.4376372368795553
303.0,-0.4385446604417076
304.0,-0.43945092657598767
305.0,-0.4403719421037978
306.0,-0.44155464847471554
307.0,-0.44204175224855674
308.0,-0.44309871408980833
309.0,-0.4439996624899588
310.0,-0.4448484332711248
311.0,-0.445672000002439
312.0,-0.4464641371436262
313.0,-0.4472964462351536
314.0,-0.44811984972069496
315.0,-0.44893908593256754
316.0,-0.4497412589857193
317.0,-0.4500963424233618
318.0,-0.452074119477645
319.0,-0.45227359149184615
320.0,-0.4532336992085692
321.0,-0.4536057922075893
322.0,-0.45581518604038535
323.0,-0.456066419571214
324.0,-0.4571858506206447
325.0,-0.45829263512255447
326.0,-0.45938562140561623
327.0,-0.46049440625284604
328.0,-0.4616184202833212
329.0,-0.4627205850352165
330.0,-0.463834765150307
331.0,-0.46495089567131054
332.0,-0.4660492041599548
333.0,-0.46716321771797104
334.0,-0.4682688366654629
335.0,-0.46936307000754546
336.0,-0.4704338008394063
337.0,-0.4714858568178642
338.0,-0.4724886427798407
339.0,-0.4735197172480739
340.0,-0.4750906725803966
341.0,-0.4755701281122693
342.0,-0.4770117926023187
343.0,-0.4776543392755609
344.0,-0.4787658879397323
345.0,-0.47998852223066957
346.0,-0.4807026244691631
347.0,-0.4821423243121825
348.0,-0.4829125149470881
349.0,-0.48466557758629875
350.0,-0.4853438827350533
351.0,-0.486742156322397
352.0,-0.4875279584480372
353.0,-0.48956490664712593
354.0,-0.4901716626145914
355.0,-0.49135621719119094
356.0,-0.4920661532300272
357.0,-0.4937903574500151
358.0,-0.4943368070974437
359.0,-0.49571503755281643
360.0,-0.4962619616563236
361.0,-0.4976907001597128
362.0,-0.4982355122408001
363.0,-0.4996966320830944
364.0,-0.5002369863651897
365.0,-0.5018417205319178
366.0,-0.5023573547643791
367.0,-0.5036682847982069
368.0,-0.5043519815732986
369.0,-0.5058276424842698
370.0,-0.5064507585904823
371.0,-0.5078858410036269
372.0,-0.5084916171884355
373.0,-0.509916103496298
374.0,-0.5105151339669235
375.0,-0.511844182355323
376.0,-0.5124368237625091
377.0,-0.5137242227106615
378.0,-0.5142930280503573
379.0,-0.5155421059843868
380.0,-0.5161095658988044
381.0,-0.5175067519548865
382.0,-0.5180441472003444
383.0,-0.5192347256312706
384.0,-0.5199012017828915
385.0,-0.5211132890278767
386.0,-0.522013307376229
387.0,-0.5229512602395525
388.0,-0.5238898827360412
389.0,-0.524826103862452
390.0,-0.5257773350636263
391.0,-0.5268105101209414
392.0,-0.5276693345614875
393.0,-0.528561247191515
394.0,-0.5295608857608979
395.0,-0.5304116567220016
396.0,-0.531428340467241
397.0,-0.5324001452477014
398.0,-0.5332317829751856
399.0,-0.5342781304593425
400.0,-0.5351426453696632
401.0,-0.5361247189244177
402.0,-0.5370723242654639
403.0,-0.5379025627549443
404.0,-0.5389411560340892
405.0,-0.5397836822053067
406.0,-0.5408354544838643
407.0,-0.5416823530709042
408.0,-0.5426067706802917
409.0,-0.543650204649129
410.0,-0.5444933087050975
411.0,-0.5453622883317004
412.0,-0.5465760245149822
413.0,-0.5471398260394317
414.0,-0.5484269835689514
415.0,-0.5489873036439522
416.0,-0.550376519062227
417.0,-0.5507515736707522
418.0,-0.5523484596948894
419.0,-0.5527581773208453
420.0,-0.5540797690029009
421.0,-0.5544449921773805
422.0,-0.5560777391475887
423.0,-0.556415241118302
424.0,-0.5579269464594807
425.0,-0.5582575370761376
426.0,-0.559763642399545
427.0,-0.5600915198917829
428.0,-0.5616634000747706
429.0,-0.561968443189333
430.0,-0.5632643622625214
431.0,-0.5637133252192855
432.0,-0.5652461552103978
433.0,-0.5656529101437511
434.0,-0.5668381681569
435.0,-0.5672788780960227
436.0,-0.5688402678990856
437.0,-0.5692184167256221
438.0,-0.5703169243282533
439.0,-0.571075993463644
440.0,-0.571799142072751
441.0,-0.5728608829087275
442.0,-0.573590123720452
443.0,-0.5744509645832923
444.0,-0.5753073550764467
445.0,-0.5761593271633084
446.0,-0.5769857238781425
447.0,-0.5777719982742385
448.0,-0.5785805094216051
449.0,-0.5793627443800813
450.0,-0.580157566653913
451.0,-0.5807775858070152
452.0,-0.581703175349901
453.0,-0.5825193903506994
454.0,-0.5831119561249928
455.0,-0.5839822747374896
456.0,-0.5845664234781953
457.0,-0.5854845743835075
458.0,-0.5860754716455855
459.0,-0.5869296543368585
460.0,-0.5873481958467696
461.0,-0.588554631387295
462.0,-0.5887846127248526
463.0,-0.5898492026688935
464.0,-0.5900620600087136
465.0,-0.591188483261781
466.0,-0.5914015741732417
467.0,-0.5925223019849383
468.0,-0.5927322297441877
469.0,-0.5937752441519221
470.0,-0.5939886136020536
471.0,-0.5950396655363004
472.0,-0.5952400949763031
473.0,-0.5963022511571309
474.0,-0.5965066566013342
475.0,-0.5975418695215461
476.0,-0.5977348018859598
477.0,-0.5987488515223656
478.0,-0.5989441070470879
479.0,-0.5999743831918343
480.0,-0.6001648052140676
481.0,-0.6011849203531514
482.0,-0.6013758690919486
483.0,-0.6023185896129564
484.0,-0.6025083216628139
485.0,-0.6035090909873763
486.0,-0.6036986621988197
487.0,-0.6047331194656329
488.0,-0.6049052583424814
489.0,-0.6057872034160329
490.0,-0.6059646253646345
491.0,-0.6070713124616253
492.0,-0.607238115034279
493.0,-0.6080805531843994
494.0,-0.6082519216253344
495.0,-0.609399242897928
496.0,-0.6095606422752886
497.0,-0.6103918079872909
498.0,-0.6105689323250539
499.0,-0.611580938613654
500.0,-0.6117506707923402
501.0,-0.6127162725462236
502.0,-0.6128826264279454
503.0,-0.6138418682891202
504.0,-0.6140132222636299
505.0,-0.6150038617698876
506.0,-0.615171298590657
507.0,-0.6161551869188763
508.0,-0.6163214615468102
509.0,-0.6173297930421049
510.0,-0.6174899452678104
511.0,-0.6183667652951355
512.0,-0.6185403003305517
513.0,-0.619593153459927
514.0,-0.6197509023679924
515.0,-0.620622482744454
516.0,-0.6207909777127161
517.0,-0.6218480694673941
518.0,-0.6220013108752059
519.0,-0.622875436719462
520.0,-0.6230398502666352
521.0,-0.6240737074839586
522.0,-0.6242293559588674
523.0,-0.625089746695135
524.0,-0.6252531914582942
525.0,-0.626296279626416
526.0,-0.6264542665971604
527.0,-0.6273084353807403
528.0,-0.6274670911005145
529.0,-0.6285505201239914
530.0,-0.6286950704256183
531.0,-0.6295115372596447
532.0,-0.6296688185481989
533.0,-0.6306912909667003
534.0,-0.6308459403994111
535.0,-0.631795993469363
536.0,-0.6319339584443259
537.0,-0.6328252044306372
538.0,-0.6329747293969362
539.0,-0.6338836000564412
540.0,-0.6340252544474262
541.0,-0.6349986766859869
542.0,-0.6351483706046137
543.0,-0.6361037852592841
544.0,-0.636246668808174
545.0,-0.6372007440348495
546.0,-0.6373389869463794
547.0,-0.6381805826793042
548.0,-0.6383293037148462
549.0,-0.639248940131163
550.0,-0.6393968635935546
551.0,-0.6404485433111957
552.0,-0.6405875378546718
553.0,-0.6411330256442876
554.0,-0.6417183864673182
555.0,-0.6422778531943312
556.0,-0.6424791992975754
557.0,-0.6439671657687795
558.0,-0.6440880651936486
559.0,-0.6442686563308219
560.0,-0.645202969938673
561.0,-0.6453391416447841
562.0,-0.6462396797042024
563.0,-0.6463873066073752
564.0,-0.6473566306435897
565.0,-0.6474862019804575
566.0,-0.6483713774117116
567.0,-0.6485047285747325
568.0,-0.6492430969760382
569.0,-0.6494021508656523
570.0,-0.650579299875086
571.0,-0.6507099222214012
572.0,-0.6510525162175488
573.0,-0.6521419823622142
574.0,-0.6522743241051321
575.0,-0.6527679690285326
576.0,-0.6533161368096326
577.0,-0.6538549853434908
578.0,-0.6544040386853597
579.0,-0.6545942183837766
580.0,-0.655831233094465
581.0,-0.6559501986099885
582.0,-0.6562514100815519
583.0,-0.6569987469061522
584.0,-0.6571603029279438
585.0,-0.6581957548835312
586.0,-0.6583264608160367
587.0,-0.6588282812969167
588.0,-0.6590148436151411
589.0,-0.6603664178533292
590.0,-0.6604875918808921
591.0,-0.6607693492123204
592.0,-0.6613167713633233
593.0,-0.6620138179820256
594.0,-0.6621790939682767
595.0,-0.6631527592645612
596.0,-0.6632719560662728
597.0,-0.6639024858168792
598.0,-0.6640528272751017
599.0,-0.6649607357997322
600.0,-0.665092846899628
601.0,-0.665918892756847
602.0,-0.6660485456909337
603.0,-0.6668747498889454
604.0,-0.6670051816481143
605.0,-0.6678156755612471
606.0,-0.6679472430463002
607.0,-0.6687832065076794
608.0,-0.6689127133418664
609.0,-0.6697195170618752
610.0,-0.6698481120746279
611.0,-0.6706709307120933
612.0,-0.6707952379267696
613.0,-0.6715767602057964
614.0,-0.6717023359585755
615.0,-0.6725398819651155
616.0,-0.6726655431160846
617.0,-0.6734653204133266
618.0,-0.6735886141595723
619.0,-0.6743807177919311
620.0,-0.6745043824687251
621.0,-0.6752971307036185
622.0,-0.675421444416684
623.0,-0.6761758695515899
624.0,-0.6763103642079078
625.0,-0.6771408457419535
626.0,-0.6772783195586265
627.0,-0.6780787220758642
628.0,-0.6782095908788718
629.0,-0.6790442639106801
630.0,-0.6791688576254045
631.0,-0.6798925173936744
632.0,-0.6800207196386049
633.0,-0.6807996304541052
634.0,-0.6809349882685873
635.0,-0.6817415557429368
636.0,-0.6818717537605201
637.0,-0.6826535891418126
638.0,-0.682784973053013
639.0,-0.6835454513750552
640.0,-0.6836791691956775
641.0,-0.6844308610743006
642.0,-0.6845664241490381
643.0,-0.6853498502824388
644.0,-0.6854836352966827
645.0,-0.6862419648529391
646.0,-0.6863780760863643
647.0,-0.6871170766331508
648.0,-0.6872543130280477
649.0,-0.6879862433366395
650.0,-0.6881216240610225
651.0,-0.6889307018125459
652.0,-0.6890618939797606
653.0,-0.6898030333067782
654.0,-0.6899281614041717
655.0,-0.6906367580186878
656.0,-0.6907666015045197
657.0,-0.6915490422116665
658.0,-0.6916744146113739
659.0,-0.6923532259043056
660.0,-0.6924820361156705
661.0,-0.6931780824939912
662.0,-0.6933068518080501
663.0,-0.6940509448267006
664.0,-0.6941809034588879
665.0,-0.6948576199395702
666.0,-0.694990935631006
667.0,-0.6957478863678866
668.0,-0.6958774347443911
669.0,-0.6965738253949469
670.0,-0.6967006878366142
671.0,-0.6973827228279783
672.0,-0.6975670477786166
673.0,-0.6981264108701509
674.0,-0.6985120327237266
675.0,-0.6988394054320516
676.0,-0.6992981806486551
677.0,-0.6996641702484404
678.0,-0.7000459780794716
679.0,-0.7004710738234061
680.0,-0.700830426102097
681.0,-0.7012034052634011
682.0,-0.7016419165221113
683.0,-0.7020026666989251
684.0,-0.7023834181060755
685.0,-0.7028027658499055
686.0,-0.7031950393760544
687.0,-0.7035380484771057
688.0,-0.7039448452851593
689.0,-0.7043404628564461
690.0,-0.7047118378269841
691.0,-0.7050744849409508
692.0,-0.7054415362970564
693.0,-0.70582146207189
694.0,-0.7061993036938108
695.0,-0.7065584043810653
696.0,-0.706934805334438
697.0,-0.7073005976869222
698.0,-0.7076795274005127
699.0,-0.7080396557139138
700.0,-0.7084041019011456
701.0,-0.7087510827111747
702.0,-0.7091174783255396
703.0,-0.7095170882843099
704.0,-0.7098624999951038
705.0,-0.7102106446057121
706.0,-0.7106170786940905
707.0,-0.7109509646841939
708.0,-0.7112812384779404
709.0,-0.711658926644024
710.0,-0.7120067552221213
711.0,-0.7123544095551284
712.0,-0.7127497458392953
713.0,-0.7130438022531905
714.0,-0.7134430115848968
715.0,-0.713788288303646
716.0,-0.7141653266086005
717.0,-0.7144649072658195
718.0,-0.7148582823499402
719.0,-0.7152322247261598
720.0,-0.7155264332165236
721.0,-0.7159179644103566
722.0,-0.716281576618284
723.0,-0.7165983020538986
724.0,-0.7169664771895176
725.0,-0.7173050997282764
726.0,-0.7176728683644201
727.0,-0.7180383541475959
728.0,-0.7183596178534148
729.0,-0.7187295142359781
730.0,-0.719089544020843
731.0,-0.7194327808445896
732.0,-0.7197860652086377
733.0,-0.7201190109860318
734.0,-0.7204481592588846
735.0,-0.7207906678986323
736.0,-0.7211595742662635
737.0,-0.7215136076242705
738.0,-0.7218820085194791
739.0,-0.7222406665638946
740.0,-0.7225963341976077
741.0,-0.7229474342455114
742.0,-0.7232960639848642
743.0,-0.7236432594415003
744.0,-0.723980272986598
745.0,-0.7243182326046965
746.0,-0.7246673132595377
747.0,-0.7250497379926293
748.0,-0.7254085110786125
749.0,-0.7257079959581407
750.0,-0.726101359414993
751.0,-0.7264735975587296
752.0,-0.7267754296983878
753.0,-0.7271594558118708
754.0,-0.7275305496728128
755.0,-0.7278301266081382
756.0,-0.7282216614061091
757.0,-0.7285253424579913
758.0,-0.7289465935608015
759.0,-0.7292383395084485
760.0,-0.7296608281093909
761.0,-0.7299471839707106
762.0,-0.7303304981148745
763.0,-0.7306446959952219
764.0,-0.7310451726735121
765.0,-0.7313573784332082
766.0,-0.7317545731015064
767.0,-0.73212560128411
768.0,-0.7324257244117152
769.0,-0.7328272003294678
770.0,-0.7331172011292172
771.0,-0.7335391930707788
772.0,-0.7338258753908834
773.0,-0.7342289447811119
774.0,-0.734518037838672
775.0,-0.7349248003409511
776.0,-0.7352650154387668
777.0,-0.7356089451110608
778.0,-0.7359561253945142
779.0,-0.7363105572044487
780.0,-0.7366505086353874
781.0,-0.737024464681718
782.0,-0.737376034787591
783.0,-0.7377209043137781
784.0,-0.7380621929893916
785.0,-0.7384130188995814
786.0,-0.7387533730432879
787.0,-0.7390969041974721
788.0,-0.7394542627192989
789.0,-0.7397978938081216
790.0,-0.7401529395164221
791.0,-0.7405067742151611
792.0,-0.7408551057184182
793.0,-0.7412047252302889
794.0,-0.7415444928493754
795.0,-0.7418699476238216
796.0,-0.7422141777494412
797.0,-0.7425632554887769
798.0,-0.7429060447140036
799.0,-0.7432566250401822
800.0,-0.7435466347539403
801.0,-0.743922822212195
802.0,-0.7442941388935629
803.0,-0.7445967001978658
804.0,-0.7449429912648463
805.0,-0.7453129112250885
806.0,-0.7456244516290589
807.0,-0.7459368864772059
808.0,-0.7463226225050957
809.0,-0.7466255721361615
810.0,-0.7469494756028446
811.0,-0.7473312373112913
812.0,-0.7476643140627731
813.0,-0.7479785610815013
814.0,-0.7482998120057772
815.0,-0.7486592959172215
816.0,-0.7489936165456627
817.0,-0.7493025005015637
818.0,-0.749592547831408
819.0,-0.7499545020241514
820.0,-0.7503214007555422
821.0,-0.7506108163227968
822.0,-0.7508976476307547
823.0,-0.7512262034382794
824.0,-0.751548442579371
825.0,-0.7518806349614499
826.0,-0.7522103779460397
827.0,-0.7525291667205013
828.0,-0.7528563353638561
829.0,-0.7531712367527225
830.0,-0.7534941456940617
831.0,-0.7538055697328757
832.0,-0.7541210281311032
833.0,-0.7544381399290998
834.0,-0.7547413085884356
835.0,-0.7550550474791958
836.0,-0.7553729756564156
837.0,-0.7556938992235156
838.0,-0.7559971670458415
839.0,-0.756298097080243
840.0,-0.7566071297250458
841.0,-0.7568964770156781
842.0,-0.7571978676704582
843.0,-0.757486977218802
844.0,-0.7577901271877057
845.0,-0.7580915219027471
846.0,-0.7583927349784435
847.0,-0.7587029175510603
848.0,-0.7589738103770275
849.0,-0.7592824438853496
850.0,-0.7595533332030026
851.0,-0.7598568848536594
852.0,-0.7601394248594956
853.0,-0.7604407840010341
854.0,-0.7607191732592136
855.0,-0.7610010456825121
856.0,-0.7612839636442572
857.0,-0.7615727643069712
858.0,-0.7618458993564259
859.0,-0.7621202709085153
860.0,-0.7624020093267453
861.0,-0.7626830121485032
862.0,-0.7629626310643945
863.0,-0.7632223947411191
864.0,-0.7634831171381284
865.0,-0.7637459844057158
866.0,-0.7640206821558674
867.0,-0.7643037833259407
868.0,-0.7645724671127836
869.0,-0.7648422413230844
870.0,-0.7651171554351773
871.0,-0.7653817594534021
872.0,-0.7656345432949904
873.0,-0.7658900960553371
874.0,-0.7661409318272574
875.0,-0.7663834950422377
876.0,-0.7666354895131618
877.0,-0.7668746588226604
878.0,-0.7671137346491852
879.0,-0.7673563642922032
880.0,-0.7675948959558314
881.0,-0.7678321688879753
882.0,-0.76808738609276
883.0,-0.7683059035765155
884.0,-0.7685658632111538
885.0,-0.7688133849007363
886.0,-0.7690406777958599
887.0,-0.7692740722133664
888.0,-0.7694827716088152
889.0,-0.7697291327089997
890.0,-0.7699305844548521
891.0,-0.7701599547523954
892.0,-0.770373016219349
893.0,-0.770597185562925
894.0,-0.7708011798454877
895.0,-0.7710352064887217
896.0,-0.7712470235642681
897.0,-0.7714865659298066
898.0,-0.7716984038835154
899.0,-0.7719288700398818
900.0,-0.7721292068054045
901.0,-0.7723532890936877
902.0,-0.7725456995292096
903.0,-0.7727547603983761
904.0,-0.7729392447863181
905.0,-0.7731459947125803
906.0,-0.7733309659132622
907.0,-0.7735337812901443
908.0,-0.7737252481908132
909.0,-0.7739397172248038
910.0,-0.774124363155376
911.0,-0.7743566970682539
912.0,-0.7745214098482045
913.0,-0.774759515103513
914.0,-0.7749428572517805
915.0,-0.7751219514924453
916.0,-0.7753057219907693
917.0,-0.7754847460793667
918.0,-0.7756613257028234
919.0,-0.7758381947819715
920.0,-0.7760252945662925
921.0,-0.776211669575333
922.0,-0.7764408232702512
923.0,-0.7766199516328097
924.0,-0.7767910181916049
925.0,-0.776972147978714
926.0,-0.7771554082255567
927.0,-0.7773331363458071
928.0,-0.777504733032844
929.0,-0.7776795579733028
930.0,-0.7778412680801197
931.0,-0.7780177409955017
932.0,-0.778194952792139
933.0,-0.7783732257481698
934.0,-0.7785570339111805
935.0,-0.7787448555774986
936.0,-0.7789221876639041
937.0,-0.7790894601266689
938.0,-0.779259709627121
939.0,-0.7794401298372707
940.0,-0.7796091906096304
941.0,-0.7797757282972971
942.0,-0.779942952253013
943.0,-0.780109571925172
944.0,-0.7802616080948791
945.0,-0.7804544040598389
946.0,-0.7805988810403321
947.0,-0.7807478425192408
948.0,-0.7809215902284717
949.0,-0.7810661353235095
950.0,-0.7812311004252872
951.0,-0.7813750689255404
952.0,-0.7815502197213429
953.0,-0.7816916167199044
954.0,-0.7818691593642713
955.0,-0.7820099351691835
956.0,-0.7821604182428257
957.0,-0.7822947353983793
958.0,-0.7824482148933792
959.0,-0.7825848002692706
960.0,-0.7827478082872877
961.0,-0.7828688737056635
962.0,-0.783030915717797
963.0,-0.7831606253877179
964.0,-0.7833313373256122
965.0,-0.7834558112375912
966.0,-0.7836090407740958
967.0,-0.7837264507447402
968.0,-0.7838548013906984
969.0,-0.7839563763893431
970.0,-0.7840976797923438
971.0,-0.7842086400412401
972.0,-0.7843412167081916
973.0,-0.7844545661174385
974.0,-0.784609810338897
975.0,-0.7847087192743738
976.0,-0.7848307391900825
977.0,-0.7849321435867379
978.0,-0.7850596475819235
979.0,-0.7851546201637916
980.0,-0.7852651003119699
981.0,-0.7853503855402496
982.0,-0.7854528791826159
983.0,-0.7855278277899749
984.0,-0.7856171264960735
985.0,-0.7856996808291646
986.0,-0.7858205434818519
987.0,-0.7859101184202654
988.0,-0.7859949797814996
989.0,-0.7860828275153964
990.0,-0.7861669405743317
991.0,-0.7862449815287794
992.0,-0.7863238303842766
993.0,-0.7864019418537742
994.0,-0.7864660054091706
995.0,-0.7865487785555995
996.0,-0.7866057951270917
997.0,-0.7866667765240927
998.0,-0.7867224366357198
999.0,-0.7867951784476557
1000.0,-0.7868502851808443
1001.0,-0.7869079347544867
1002.0,-0.7869585001244379
1003.0,-0.7870038342176682
1004.0,-0.7870564841062979
1005.0,-0.7870985015036739
1006.0,-0.7871466990149973
1007.0,-0.7871912171215276
1008.0,-0.7872296686841607
1009.0,-0.787276984280728
1010.0,-0.7873203636549367
1011.0,-0.7873506773624895
1012.0,-0.78737055968061
1013.0,-0.7873858287431789
1014.0,-0.7873943820110247
1015.0,-0.7874241970696441
1016.0,-0.7874431292369672
1017.0,-0.7874703629252104
1018.0,-0.7875039233236244
1019.0,-0.7875259800830856
1020.0,-0.7875545828012237
1021.0,-0.7875747298639147
1022.0,-0.7875970592052741
1023.0,-0.7876060364753137
1024.0,-0.7876207258539725
1025.0,-0.7876264232419589
1026.0,-0.7876366965913713
1027.0,-0.787643337143303
1028.0,-0.7876334378070069
1029.0,-0.7876474118889506
1030.0,-0.7876407996333867
1031.0,-0.7876491315311612
1032.0,-0.7876572685470818
1033.0,-0.7876488500174974
1034.0,-0.787654199407568
1035.0,-0.7876510331648291
1036.0,-0.7876271852019179
1037.0,-0.787628868248576
1038.0,-0.7876328258332865
1039.0,-0.7876217364748355
1040.0,-0.7876273573656718
1041.0,-0.7876352976369065
1042.0,-0.7876430521525782
1043.0,-0.7876389485069283
1044.0,-0.7876328842708672
1045.0,-0.7876238351831079
1046.0,-0.7876105000104501
1047.0,-0.7875930113517196
1048.0,-0.7875752266739224
1049.0,-0.7875415229271228
1050.0,-0.7875323177710496
1051.0,-0.7875280493228065
1052.0,-0.7875244466312176
1053.0,-0.7875088081008799
1054.0,-0.7874985638046922
1055.0,-0.7875052907306863
1056.0,-0.78750867589146
1057.0,-0.7875020215505075
1058.0,-0.78749274580288
1059.0,-0.7874892485068704
1060.0,-0.7874848311906426
1061.0,-0.7874742856574025
1062.0,-0.7874692369044802
1063.0,-0.787459071768049
1064.0,-0.7874531121211383
1065.0,-0.7874348158914309
1066.0,-0.7874313564545923
1067.0,-0.787416872006028
1068.0,-0.7874101150034815
1069.0,-0.7874075317914678
1070.0,-0.7874033185674584
1071.0,-0.7874028950474933
1072.0,-0.787406112144085
1073.0,-0.7874038728028392
1074.0,-0.7874055702404844
1075.0,-0.7874075161039311
1076.0,-0.7874125536708796
1077.0,-0.7874150865523102
1078.0,-0.7874150933057454
1079.0,-0.7874026260129031
1080.0,-0.7874045769617414
1081.0,-0.787408884716724
1082.0,-0.7874135697403334
1083.0,-0.787414437283082
1084.0,-0.7874193695933648
1085.0,-0.7874263887889618
1086.0,-0.7874299044185414
1087.0,-0.7874350038625273
1088.0,-0.787439821884243
1089.0,-0.7874468433027376
1090.0,-0.7874579932687822
1091.0,-0.7874743512686464
1092.0,-0.7874880135643575
1093.0,-0.7875012097970974
1094.0,-0.7875123706562637
1095.0,-0.7875258087156987
1096.0,-0.787538658344072
1097.0,-0.7875517165574575
1098.0,-0.7875707173633258
1099.0,-0.7875885223303948
1100.0,-0.7876071700805982
1101.0,-0.7876260780297313
1102.0,-0.7876489201422139
1103.0,-0.787673597173818
1104.0,-0.7876953991015128
1105.0,-0.787718380824518
1106.0,-0.7877415618641901
1107.0,-0.787759656716213
1108.0,-0.7877799267469586
1109.0,-0.7877965290700092
1110.0,-0.7878216815268706
1111.0,-0.787843564497596
1112.0,-0.7878672304690334
1113.0,-0.7878921912092847
1114.0,-0.7879200561828935
1115.0,-0.787952692901635
1116.0,-0.7879856690202794
1117.0,-0.7880138549435525
1118.0,-0.7880441046679123
1119.0,-0.7880727762084712
1120.0,-0.7881007487372242
1121.0,-0.788129278319508
1122.0,-0.7881623767782795
1123.0,-0.7881923964860188
1124.0,-0.7882226411276211
1125.0,-0.7882583922293166
1126.0,-0.7882991257237596
1127.0,-0.7883376730793191
1128.0,-0.7883743132464129
1129.0,-0.7884098282966574
1130.0,-0.7884476597772239
1131.0,-0.7884834543974033
1132.0,-0.7885159063221285
1133.0,-0.7885528404225352
1134.0,-0.7885898185594171
1135.0,-0.7886280124277951
1136.0,-0.7886617461715574
1137.0,-0.788700873770174
1138.0,-0.7887348279990908
1139.0,-0.7887812785417491
1140.0,-0.7888197497836472
1141.0,-0.7888649166177129
1142.0,-0.7889030000773355
1143.0,-0.7889517674681693
1144.0,-0.7889887882573043
1145.0,-0.789030454468388
1146.0,-0.7890711618132843
1147.0,-0.7891169989340794
1148.0,-0.7891680414346773
1149.0,-0.78921040303691
1150.0,-0.7892635160317516
1151.0,-0.7893052239218064
1152.0,-0.7893591792422944
1153.0,-0.7894014090711646
1154.0,-0.7894539575299131
1155.0,-0.7894960151952068
1156.0,-0.7895469312510276
1157.0,-0.7895870826367298
1158.0,-0.7896374705966918
1159.0,-0.789679618800191
1160.0,-0.7897295777198813
1161.0,-0.7897733988930461
1162.0,-0.7898286522534356
1163.0,-0.7898702905899254
1164.0,-0.7899170147729859
1165.0,-0.7899736080485105
1166.0,-0.7900027236939905
1167.0,-0.7900795839318541
1168.0,-0.7901100585069702
1169.0,-0.7901884048614132
1170.0,-0.7902210021015463
1171.0,-0.7902990929963908
1172.0,-0.7903312767968012
1173.0,-0.7904085866306193
1174.0,-0.7904425828458099
1175.0,-0.7905268301731382
1176.0,-0.7905608743133269
1177.0,-0.7906422395026612
1178.0,-0.7906749261892629
1179.0,-0.7907539159054464
1180.0,-0.7907850046677231
1181.0,-0.790863524787711
1182.0,-0.7908942263122046
1183.0,-0.7909701986056372
1184.0,-0.7910020325743403
1185.0,-0.7910848866259397
1186.0,-0.7911167574643186
1187.0,-0.791198075571011
1188.0,-0.7912327001207283
1189.0,-0.791316196945672
1190.0,-0.7913752881754963
1191.0,-0.7914327911383198
1192.0,-0.7914989048201589
1193.0,-0.7915504634260069
1194.0,-0.7916123101623044
1195.0,-0.7916631220178522
1196.0,-0.7917262687435815
1197.0,-0.7917880796912153
1198.0,-0.7918395216929035
1199.0,-0.791904704474265
1200.0,-0.7919681861886011
1201.0,-0.7920305606193156
1202.0,-0.7920927604462092
1203.0,-0.7921541826408597
1204.0,-0.792213305853797
1205.0,-0.7922776750105306
1206.0,-0.7923378597748474
1207.0,-0.792399801069747
1208.0,-0.7924644819024724
1209.0,-0.7925284547930628
1210.0,-0.7925922304950063
1211.0,-0.792655634663078
1212.0,-0.7927182070217978
1213.0,-0.7927817716296326
1214.0,-0.792846052690594
1215.0,-0.7929108858290836
1216.0,-0.7929770418096899
1217.0,-0.7930445925804603
1218.0,-0.7931084791776267
1219.0,-0.7931705807593268
1220.0,-0.7932348244444449
1221.0,-0.793297537968744
1222.0,-0.7933646352730314
1223.0,-0.7934314534510696
1224.0,-0.7934969601217479
1225.0,-0.7935628476703284
1226.0,-0.7936281507895471
1227.0,-0.7936947844629723
1228.0,-0.7937612264475129
1229.0,-0.7938257199475653
1230.0,-0.7938895553319556
1231.0,-0.7939518952370745
1232.0,-0.7940170501584348
1233.0,-0.7940803656061526
1234.0,-0.7941426272213269
1235.0,-0.7942058299482212
1236.0,-0.7942696577286907
1237.0,-0.7943384371416841
1238.0,-0.7944066104092657
1239.0,-0.7944744070175892
1240.0,-0.7945433123178547
1241.0,-0.7946105391967744
1242.0,-0.7946768629170562
1243.0,-0.7947422937649504
1244.0,-0.7948050206162258
1245.0,-0.794868601197985
1246.0,-0.7949309867127982
1247.0,-0.7949950665898815
1248.0,-0.7950603989211735
1249.0,-0.7951253871834283
1250.0,-0.7951886707204552
1251.0,-0.7952540862887493
1252.0,-0.7953179872114323
1253.0,-0.7953829574756133
1254.0,-0.7954466869131741
1255.0,-0.7955114983599577
1256.0,-0.795566644942481
1257.0,-0.7956363753073229
1258.0,-0.7957075079742328
1259.0,-0.7957640523625935
1260.0,-0.7958344452384662
1261.0,-0.7959036807068348
1262.0,-0.7959584012266518
1263.0,-0.796026435094728
1264.0,-0.7960942769736682
1265.0,-0.7961501695016485
1266.0,-0.7962164787912444
1267.0,-0.7962825714047579
1268.0,-0.7963453601211664
1269.0,-0.7964049734885247
1270.0,-0.7964643283139423
1271.0,-0.7965262424002071
1272.0,-0.7965854453528263
1273.0,-0.796637347628574
1274.0,-0.7967037958741219
1275.0,-0.7967693828398126
1276.0,-0.7968237973709057
1277.0,-0.7968895357839205
1278.0,-0.7969579040034951
1279.0,-0.7970102420932657
1280.0,-0.7970749966209338
1281.0,-0.797137500250329
1282.0,-0.7971901562550847
1283.0,-0.7972523943949755
1284.0,-0.7973174747210312
1285.0,-0.7973688726422435
1286.0,-0.7974307681341795
1287.0,-0.7974937416408892
1288.0,-0.7975463990216543
1289.0,-0.7976075671378348
1290.0,-0.7976705970594793
1291.0,-0.7977199594806644
1292.0,-0.7977802278147
1293.0,-0.7978402329004556
1294.0,-0.7978908190749783
1295.0,-0.7979482391943044
1296.0,-0.7980058393798625
1297.0,-0.7980543756592355
1298.0,-0.7981149848394236
1299.0,-0.7981676198038995
1300.0,-0.7982257302275414
1301.0,-0.7982782379048228
1302.0,-0.7983374468084032
1303.0,-0.7983977440522969
1304.0,-0.7984435866947492
1305.0,-0.7985010896882033
1306.0,-0.798558273961731
1307.0,-0.7986060316733491
1308.0,-0.7986608580288445
1309.0,-0.7987162800751483
1310.0,-0.7987627800561116
1311.0,-0.7988174095855016
1312.0,-0.7988652295396513
1313.0,-0.7989202872754397
1314.0,-0.798967035481892
1315.0,-0.7990225767636726
1316.0,-0.7990711886845333
1317.0,-0.7991288072670685
1318.0,-0.7991772412628292
1319.0,-0.7992315514038644
1320.0,-0.7992796657938457
1321.0,-0.7993304112331954
1322.0,-0.7993775113566896
1323.0,-0.7994287906631857
1324.0,-0.7994757588015143
1325.0,-0.799527512001945
1326.0,-0.7995717877910452
1327.0,-0.7996215030707273
1328.0,-0.7996650423976025
1329.0,-0.7997139862327379
1330.0,-0.7997635502202332
1331.0,-0.7998063949865555
1332.0,-0.7998560120681627
1333.0,-0.7999069756761937
1334.0,-0.7999488814732887
1335.0,-0.7999962555126099
1336.0,-0.8000441815370585
1337.0,-0.8000852379306371
1338.0,-0.8001314519041529
1339.0,-0.8001783205073084
1340.0,-0.8002182834192748
1341.0,-0.8002630350992112
1342.0,-0.8003042536875871
1343.0,-0.8003506621507009
1344.0,-0.8003924112565917
1345.0,-0.8004375605833403
1346.0,-0.8004796436286746
1347.0,-0.8005257501391223
1348.0,-0.8005669931943437
1349.0,-0.8006123190210622
1350.0,-0.8006515856248879
1351.0,-0.8006951213533172
1352.0,-0.800733138132713
1353.0,-0.8007754559862036
1354.0,-0.8008142337469919
1355.0,-0.8008577561461597
1356.0,-0.8008955785554948
1357.0,-0.8009367797937285
1358.0,-0.800974762382571
1359.0,-0.8010175103972382
1360.0,-0.80105643360451
1361.0,-0.8010987070078863
1362.0,-0.8011366129815194
1363.0,-0.8011769887871766
1364.0,-0.8012168353155791
1365.0,-0.8012586565342467
1366.0,-0.8013002390917701
1367.0,-0.8013342259275882
1368.0,-0.8013735767968733
1369.0,-0.8014112006122699
1370.0,-0.8014458753406852
1371.0,-0.8014857284336406
1372.0,-0.8015232181785177
1373.0,-0.8015576162095309
1374.0,-0.8015949198145739
1375.0,-0.8016301649247953
1376.0,-0.8016692453661013
1377.0,-0.8017053326954856
1378.0,-0.8017455029847447
1379.0,-0.801781116708345
1380.0,-0.8018197956389967
1381.0,-0.801853020070056
1382.0,-0.8018891549275758
1383.0,-0.8019220919673513
1384.0,-0.801956060802074
1385.0,-0.8019878429600417
1386.0,-0.8020242422181886
1387.0,-0.802056432131241
1388.0,-0.802090978347838
1389.0,-0.8021241371100977
1390.0,-0.8021585586922154
1391.0,-0.8021918011259573
1392.0,-0.8022281819211825
1393.0,-0.8022620605542693
1394.0,-0.8022978357545805
1395.0,-0.8023293249301301
1396.0,-0.8023647778048015
1397.0,-0.8023997702057565
1398.0,-0.8024316709759832
1399.0,-0.802464855823442
1400.0,-0.8024995134083369
1401.0,-0.802529834443358
1402.0,-0.8025615776193428
1403.0,-0.8025943544950508
1404.0,-0.8026256985465678
1405.0,-0.802655814990033
1406.0,-0.8026871466230155
1407.0,-0.8027173668255856
1408.0,-0.8027487656903917
1409.0,-0.8027803944752302
1410.0,-0.8028104205593588
1411.0,-0.8028410423727831
1412.0,-0.8028703417505438
1413.0,-0.8029017699854137
1414.0,-0.8029329844100352
1415.0,-0.8029649617739198
1416.0,-0.8029961002981386
1417.0,-0.8030280431364012
1418.0,-0.803058931614338
1419.0,-0.8030888991143234
1420.0,-0.8031198456237616
1421.0,-0.8031489602711274
1422.0,-0.8031795926019955
1423.0,-0.8032101354639503
1424.0,-0.8032401746920274
1425.0,-0.8032687144452089
1426.0,-0.8032992410182194
1427.0,-0.8033276839150467
1428.0,-0.8033587034575643
1429.0,-0.8033904668079349
1430.0,-0.8034162626458091
1431.0,-0.8034516347987212
1432.0,-0.8034763418803008
1433.0,-0.8035101556177233
1434.0,-0.8035344525645299
1435.0,-0.8035673325702876
1436.0,-0.8035927170750616
1437.0,-0.8036270248493965
1438.0,-0.8036522493544088
1439.0,-0.8036858578360898
1440.0,-0.8037103188334216
1441.0,-0.8037431137561707
1442.0,-0.8037693321813708
1443.0,-0.8038038604672528
1444.0,-0.803828653326167
1445.0,-0.8038615095254174
1446.0,-0.803884954925026
1447.0,-0.8039194729060235
1448.0,-0.8039485292748789
1449.0,-0.8039779363729296
1450.0,-0.8040060454698044
1451.0,-0.8040337098642572
1452.0,-0.804061290243427
1453.0,-0.804091084242365
1454.0,-0.8041204709926013
1455.0,-0.8041508692876211
1456.0,-0.8041824754614934
1457.0,-0.8042126038408566
1458.0,-0.8042419411498651
1459.0,-0.804273392208319
1460.0,-0.80430239236769
1461.0,-0.8043311782309728
1462.0,-0.8043606332433829
1463.0,-0.8043874737138506
1464.0,-0.8044149290083765
1465.0,-0.804445398758722
1466.0,-0.8044750026247293
1467.0,-0.8045053676987399
1468.0,-0.8045363083291007
1469.0,-0.8045666338998358
1470.0,-0.8045959206582184
1471.0,-0.8046277527048157
1472.0,-0.8046578647409381
1473.0,-0.804685735266668
1474.0,-0.8047147446491523
1475.0,-0.8047472876743612
1476.0,-0.8047759893933535
1477.0,-0.8048049719259855
1478.0,-0.8048354036495985
1479.0,-0.8048663081674617
1480.0,-0.8048954708106008
1481.0,-0.8049247323021976
1482.0,-0.8049536007892999
1483.0,-0.8049848248420302
1484.0,-0.80501830540157
1485.0,-0.8050512443165271
1486.0,-0.8050815784169317
1487.0,-0.8051118088091909
1488.0,-0.8051412562780526
1489.0,-0.8051726366030729
1490.0,-0.8052004843509313
1491.0,-0.805229480138694
1492.0,-0.8052576448497196
1493.0,-0.8052905532134342
1494.0,-0.8053204222438154
1495.0,-0.8053516342526507
1496.0,-0.8053814081110521
1497.0,-0.8054124439859733
1498.0,-0.805443549874604
1499.0,-0.8054760440952136
1500.0,-0.805504074936116
